site_id,segment_id,latitude,longitude,borough,street,from_street,to_street,direction,year,month,month_start,policy_period,day_type,time_band,avg_15min_volume,estimated_avg_hourly_volume,max_15min_volume,observations,days_sampled,count_sessions
57162_40.688660_-73.803301_EB,57162,40.688660,-73.803301,Queens,109 AVENUE,143 Street,Pinegrove Street,EB,2024,1,2024-01-01,Before congestion pricing,Weekday,AM peak (06-09),34.92,139.7,78,160,10,1
57162_40.688660_-73.803301_WB,57162,40.688660,-73.803301,Queens,109 AVENUE,143 Street,Pinegrove Street,WB,2024,1,2024-01-01,Before congestion pricing,Weekday,AM peak (06-09),19.70,78.8,31,160,10,1
57162_40.688660_-73.803301_EB,57162,40.688660,-73.803301,Queens,109 AVENUE,143 Street,Pinegrove Street,EB,2024,1,2024-01-01,Before congestion pricing,Weekend,AM peak (06-09),15.00,60.0,32,64,4,1
57162_40.688660_-73.803301_WB,57162,40.688660,-73.803301,Queens,109 AVENUE,143 Street,Pinegrove Street,WB,2024,1,2024-01-01,Before congestion pricing,Weekend,AM peak (06-09),12.31,49.2,27,64,4,1
57162_40.688660_-73.803301_EB,57162,40.688660,-73.803301,Queens,109 AVENUE,143 Street,Pinegrove Street,EB,2024,1,2024-01-01,Before congestion pricing,Weekday,Evening (20-23),18.11,72.4,35,160,10,1
57162_40.688660_-73.803301_WB,57162,40.688660,-73.803301,Queens,109 AVENUE,143 Street,Pinegrove Street,WB,2024,1,2024-01-01,Before congestion pricing,Weekday,Evening (20-23),9.71,38.9,20,160,10,1
57162_40.688660_-73.803301_EB,57162,40.688660,-73.803301,Queens,109 AVENUE,143 Street,Pinegrove Street,EB,2024,1,2024-01-01,Before congestion pricing,Weekend,Evening (20-23),20.67,82.7,36,64,4,1
57162_40.688660_-73.803301_WB,57162,40.688660,-73.803301,Queens,109 AVENUE,143 Street,Pinegrove Street,WB,2024,1,2024-01-01,Before congestion pricing,Weekend,Evening (20-23),10.72,42.9,21,64,4,1
57162_40.688660_-73.803301_EB,57162,40.688660,-73.803301,Queens,109 AVENUE,143 Street,Pinegrove Street,EB,2024,1,2024-01-01,Before congestion pricing,Weekday,Midday (10-15),29.99,120.0,61,240,10,1
57162_40.688660_-73.803301_WB,57162,40.688660,-73.803301,Queens,109 AVENUE,143 Street,Pinegrove Street,WB,2024,1,2024-01-01,Before congestion pricing,Weekday,Midday (10-15),17.40,69.6,30,240,10,1
57162_40.688660_-73.803301_EB,57162,40.688660,-73.803301,Queens,109 AVENUE,143 Street,Pinegrove Street,EB,2024,1,2024-01-01,Before congestion pricing,Weekend,Midday (10-15),29.30,117.2,46,96,4,1
57162_40.688660_-73.803301_WB,57162,40.688660,-73.803301,Queens,109 AVENUE,143 Street,Pinegrove Street,WB,2024,1,2024-01-01,Before congestion pricing,Weekend,Midday (10-15),19.52,78.1,29,96,4,1
57162_40.688660_-73.803301_EB,57162,40.688660,-73.803301,Queens,109 AVENUE,143 Street,Pinegrove Street,EB,2024,1,2024-01-01,Before congestion pricing,Weekday,Overnight (00-05),5.52,22.1,20,240,10,1
57162_40.688660_-73.803301_WB,57162,40.688660,-73.803301,Queens,109 AVENUE,143 Street,Pinegrove Street,WB,2024,1,2024-01-01,Before congestion pricing,Weekday,Overnight (00-05),5.06,20.2,27,240,10,1
57162_40.688660_-73.803301_EB,57162,40.688660,-73.803301,Queens,109 AVENUE,143 Street,Pinegrove Street,EB,2024,1,2024-01-01,Before congestion pricing,Weekend,Overnight (00-05),9.71,38.8,22,96,4,1
57162_40.688660_-73.803301_WB,57162,40.688660,-73.803301,Queens,109 AVENUE,143 Street,Pinegrove Street,WB,2024,1,2024-01-01,Before congestion pricing,Weekend,Overnight (00-05),4.84,19.4,13,96,4,1
57162_40.688660_-73.803301_EB,57162,40.688660,-73.803301,Queens,109 AVENUE,143 Street,Pinegrove Street,EB,2024,1,2024-01-01,Before congestion pricing,Weekday,PM peak (16-19),37.45,149.8,57,160,10,1
57162_40.688660_-73.803301_WB,57162,40.688660,-73.803301,Queens,109 AVENUE,143 Street,Pinegrove Street,WB,2024,1,2024-01-01,Before congestion pricing,Weekday,PM peak (16-19),18.97,75.9,30,160,10,1
57162_40.688660_-73.803301_EB,57162,40.688660,-73.803301,Queens,109 AVENUE,143 Street,Pinegrove Street,EB,2024,1,2024-01-01,Before congestion pricing,Weekend,PM peak (16-19),31.08,124.3,41,64,4,1
57162_40.688660_-73.803301_WB,57162,40.688660,-73.803301,Queens,109 AVENUE,143 Street,Pinegrove Street,WB,2024,1,2024-01-01,Before congestion pricing,Weekend,PM peak (16-19),17.58,70.3,28,64,4,1
9000515_40.698130_-73.795069_SB,9000515,40.698130,-73.795069,Queens,160 STREET,Dead End,Dead end,SB,2024,1,2024-01-01,Before congestion pricing,Weekday,AM peak (06-09),19.17,76.7,40,160,10,1
9000515_40.698130_-73.795069_NB,9000515,40.698130,-73.795069,Queens,160 STREET,Dead End,Dead end,NB,2024,1,2024-01-01,Before congestion pricing,Weekday,AM peak (06-09),81.90,327.6,129,160,10,1
9000515_40.698130_-73.795069_SB,9000515,40.698130,-73.795069,Queens,160 STREET,Dead End,Dead end,SB,2024,1,2024-01-01,Before congestion pricing,Weekend,AM peak (06-09),6.70,26.8,17,64,4,1
9000515_40.698130_-73.795069_NB,9000515,40.698130,-73.795069,Queens,160 STREET,Dead End,Dead end,NB,2024,1,2024-01-01,Before congestion pricing,Weekend,AM peak (06-09),25.91,103.6,46,64,4,1
9000515_40.698130_-73.795069_NB,9000515,40.698130,-73.795069,Queens,160 STREET,Dead End,Dead end,NB,2024,1,2024-01-01,Before congestion pricing,Weekday,Evening (20-23),25.11,100.4,48,160,10,1
9000515_40.698130_-73.795069_SB,9000515,40.698130,-73.795069,Queens,160 STREET,Dead End,Dead end,SB,2024,1,2024-01-01,Before congestion pricing,Weekday,Evening (20-23),11.67,46.7,26,160,10,1
9000515_40.698130_-73.795069_SB,9000515,40.698130,-73.795069,Queens,160 STREET,Dead End,Dead end,SB,2024,1,2024-01-01,Before congestion pricing,Weekend,Evening (20-23),10.45,41.8,23,64,4,1
9000515_40.698130_-73.795069_NB,9000515,40.698130,-73.795069,Queens,160 STREET,Dead End,Dead end,NB,2024,1,2024-01-01,Before congestion pricing,Weekend,Evening (20-23),25.06,100.2,48,64,4,1
9000515_40.698130_-73.795069_NB,9000515,40.698130,-73.795069,Queens,160 STREET,Dead End,Dead end,NB,2024,1,2024-01-01,Before congestion pricing,Weekday,Midday (10-15),58.45,233.8,92,240,10,1
9000515_40.698130_-73.795069_SB,9000515,40.698130,-73.795069,Queens,160 STREET,Dead End,Dead end,SB,2024,1,2024-01-01,Before congestion pricing,Weekday,Midday (10-15),20.62,82.5,41,240,10,1
9000515_40.698130_-73.795069_SB,9000515,40.698130,-73.795069,Queens,160 STREET,Dead End,Dead end,SB,2024,1,2024-01-01,Before congestion pricing,Weekend,Midday (10-15),15.95,63.8,29,96,4,1
9000515_40.698130_-73.795069_NB,9000515,40.698130,-73.795069,Queens,160 STREET,Dead End,Dead end,NB,2024,1,2024-01-01,Before congestion pricing,Weekend,Midday (10-15),45.56,182.2,64,96,4,1
9000515_40.698130_-73.795069_SB,9000515,40.698130,-73.795069,Queens,160 STREET,Dead End,Dead end,SB,2024,1,2024-01-01,Before congestion pricing,Weekday,Overnight (00-05),4.58,18.3,16,240,10,1
9000515_40.698130_-73.795069_NB,9000515,40.698130,-73.795069,Queens,160 STREET,Dead End,Dead end,NB,2024,1,2024-01-01,Before congestion pricing,Weekday,Overnight (00-05),10.94,43.8,47,240,10,1
9000515_40.698130_-73.795069_SB,9000515,40.698130,-73.795069,Queens,160 STREET,Dead End,Dead end,SB,2024,1,2024-01-01,Before congestion pricing,Weekend,Overnight (00-05),5.70,22.8,16,96,4,1
9000515_40.698130_-73.795069_NB,9000515,40.698130,-73.795069,Queens,160 STREET,Dead End,Dead end,NB,2024,1,2024-01-01,Before congestion pricing,Weekend,Overnight (00-05),10.95,43.8,29,96,4,1
9000515_40.698130_-73.795069_NB,9000515,40.698130,-73.795069,Queens,160 STREET,Dead End,Dead end,NB,2024,1,2024-01-01,Before congestion pricing,Weekday,PM peak (16-19),56.48,225.9,84,160,10,1
9000515_40.698130_-73.795069_SB,9000515,40.698130,-73.795069,Queens,160 STREET,Dead End,Dead end,SB,2024,1,2024-01-01,Before congestion pricing,Weekday,PM peak (16-19),26.48,105.9,43,160,10,1
9000515_40.698130_-73.795069_SB,9000515,40.698130,-73.795069,Queens,160 STREET,Dead End,Dead end,SB,2024,1,2024-01-01,Before congestion pricing,Weekend,PM peak (16-19),17.72,70.9,26,64,4,1
9000515_40.698130_-73.795069_NB,9000515,40.698130,-73.795069,Queens,160 STREET,Dead End,Dead end,NB,2024,1,2024-01-01,Before congestion pricing,Weekend,PM peak (16-19),43.61,174.4,64,64,4,1
73023_40.871351_-73.911450_SB,73023,40.871351,-73.911450,Manhattan,9 AVENUE,West 219 Street,West 220 Street,SB,2024,1,2024-01-01,Before congestion pricing,Weekday,AM peak (06-09),27.52,110.1,145,80,5,1
73023_40.871351_-73.911450_SB,73023,40.871351,-73.911450,Manhattan,9 AVENUE,West 219 Street,West 220 Street,SB,2024,1,2024-01-01,Before congestion pricing,Weekend,AM peak (06-09),39.25,157.0,134,32,2,1
73023_40.871351_-73.911450_SB,73023,40.871351,-73.911450,Manhattan,9 AVENUE,West 219 Street,West 220 Street,SB,2024,1,2024-01-01,Before congestion pricing,Weekday,Evening (20-23),8.29,33.1,16,80,5,1
73023_40.871351_-73.911450_SB,73023,40.871351,-73.911450,Manhattan,9 AVENUE,West 219 Street,West 220 Street,SB,2024,1,2024-01-01,Before congestion pricing,Weekend,Evening (20-23),9.53,38.1,19,32,2,1
73023_40.871351_-73.911450_SB,73023,40.871351,-73.911450,Manhattan,9 AVENUE,West 219 Street,West 220 Street,SB,2024,1,2024-01-01,Before congestion pricing,Weekday,Midday (10-15),25.36,101.4,85,120,5,1
73023_40.871351_-73.911450_SB,73023,40.871351,-73.911450,Manhattan,9 AVENUE,West 219 Street,West 220 Street,SB,2024,1,2024-01-01,Before congestion pricing,Weekend,Midday (10-15),28.54,114.2,72,48,2,1
73023_40.871351_-73.911450_SB,73023,40.871351,-73.911450,Manhattan,9 AVENUE,West 219 Street,West 220 Street,SB,2024,1,2024-01-01,Before congestion pricing,Weekday,Overnight (00-05),5.33,21.3,39,120,5,1
73023_40.871351_-73.911450_SB,73023,40.871351,-73.911450,Manhattan,9 AVENUE,West 219 Street,West 220 Street,SB,2024,1,2024-01-01,Before congestion pricing,Weekend,Overnight (00-05),6.31,25.2,29,48,2,1
73023_40.871351_-73.911450_SB,73023,40.871351,-73.911450,Manhattan,9 AVENUE,West 219 Street,West 220 Street,SB,2024,1,2024-01-01,Before congestion pricing,Weekday,PM peak (16-19),17.60,70.4,47,80,5,1
73023_40.871351_-73.911450_SB,73023,40.871351,-73.911450,Manhattan,9 AVENUE,West 219 Street,West 220 Street,SB,2024,1,2024-01-01,Before congestion pricing,Weekend,PM peak (16-19),20.19,80.8,41,32,2,1
253492_40.736923_-73.877549_NB,253492,40.736923,-73.877549,Queens,BROADWAY,Queens Boulevard Line,Queens Boulevard,NB,2024,1,2024-01-01,Before congestion pricing,Weekday,AM peak (06-09),80.06,320.2,107,80,5,1
253492_40.737096_-73.877442_SB,253492,40.737096,-73.877442,Queens,BROADWAY,Queens Boulevard,Queens Boulevard Line,SB,2024,1,2024-01-01,Before congestion pricing,Weekday,AM peak (06-09),60.35,241.4,80,80,5,1
253492_40.737096_-73.877442_SB,253492,40.737096,-73.877442,Queens,BROADWAY,Queens Boulevard,Queens Boulevard Line,SB,2024,1,2024-01-01,Before congestion pricing,Weekend,AM peak (06-09),49.78,199.1,79,64,4,1
253492_40.736923_-73.877549_NB,253492,40.736923,-73.877549,Queens,BROADWAY,Queens Boulevard Line,Queens Boulevard,NB,2024,1,2024-01-01,Before congestion pricing,Weekend,AM peak (06-09),46.39,185.6,83,64,4,1
253492_40.736923_-73.877549_NB,253492,40.736923,-73.877549,Queens,BROADWAY,Queens Boulevard Line,Queens Boulevard,NB,2024,1,2024-01-01,Before congestion pricing,Weekday,Evening (20-23),64.84,259.4,99,80,5,1
253492_40.737096_-73.877442_SB,253492,40.737096,-73.877442,Queens,BROADWAY,Queens Boulevard,Queens Boulevard Line,SB,2024,1,2024-01-01,Before congestion pricing,Weekday,Evening (20-23),63.94,255.8,78,80,5,1
253492_40.737096_-73.877442_SB,253492,40.737096,-73.877442,Queens,BROADWAY,Queens Boulevard,Queens Boulevard Line,SB,2024,1,2024-01-01,Before congestion pricing,Weekend,Evening (20-23),59.14,236.6,75,64,4,1
253492_40.736923_-73.877549_NB,253492,40.736923,-73.877549,Queens,BROADWAY,Queens Boulevard Line,Queens Boulevard,NB,2024,1,2024-01-01,Before congestion pricing,Weekend,Evening (20-23),51.62,206.5,91,64,4,1
253492_40.736923_-73.877549_NB,253492,40.736923,-73.877549,Queens,BROADWAY,Queens Boulevard Line,Queens Boulevard,NB,2024,1,2024-01-01,Before congestion pricing,Weekday,Midday (10-15),88.37,353.5,111,120,5,1
253492_40.737096_-73.877442_SB,253492,40.737096,-73.877442,Queens,BROADWAY,Queens Boulevard,Queens Boulevard Line,SB,2024,1,2024-01-01,Before congestion pricing,Weekday,Midday (10-15),62.97,251.9,80,120,5,1
253492_40.737096_-73.877442_SB,253492,40.737096,-73.877442,Queens,BROADWAY,Queens Boulevard,Queens Boulevard Line,SB,2024,1,2024-01-01,Before congestion pricing,Weekend,Midday (10-15),69.54,278.2,88,96,4,1
253492_40.736923_-73.877549_NB,253492,40.736923,-73.877549,Queens,BROADWAY,Queens Boulevard Line,Queens Boulevard,NB,2024,1,2024-01-01,Before congestion pricing,Weekend,Midday (10-15),72.95,291.8,106,96,4,1
253492_40.736923_-73.877549_NB,253492,40.736923,-73.877549,Queens,BROADWAY,Queens Boulevard Line,Queens Boulevard,NB,2024,1,2024-01-01,Before congestion pricing,Weekday,Overnight (00-05),18.73,74.9,47,120,5,1
253492_40.737096_-73.877442_SB,253492,40.737096,-73.877442,Queens,BROADWAY,Queens Boulevard,Queens Boulevard Line,SB,2024,1,2024-01-01,Before congestion pricing,Weekday,Overnight (00-05),29.47,117.9,52,120,5,1
253492_40.737096_-73.877442_SB,253492,40.737096,-73.877442,Queens,BROADWAY,Queens Boulevard,Queens Boulevard Line,SB,2024,1,2024-01-01,Before congestion pricing,Weekend,Overnight (00-05),37.82,151.3,63,96,4,1
253492_40.736923_-73.877549_NB,253492,40.736923,-73.877549,Queens,BROADWAY,Queens Boulevard Line,Queens Boulevard,NB,2024,1,2024-01-01,Before congestion pricing,Weekend,Overnight (00-05),24.52,98.1,56,96,4,1
253492_40.736923_-73.877549_NB,253492,40.736923,-73.877549,Queens,BROADWAY,Queens Boulevard Line,Queens Boulevard,NB,2024,1,2024-01-01,Before congestion pricing,Weekday,PM peak (16-19),99.94,399.8,120,80,5,1
253492_40.737096_-73.877442_SB,253492,40.737096,-73.877442,Queens,BROADWAY,Queens Boulevard,Queens Boulevard Line,SB,2024,1,2024-01-01,Before congestion pricing,Weekday,PM peak (16-19),63.42,253.7,84,80,5,1
253492_40.737096_-73.877442_SB,253492,40.737096,-73.877442,Queens,BROADWAY,Queens Boulevard,Queens Boulevard Line,SB,2024,1,2024-01-01,Before congestion pricing,Weekend,PM peak (16-19),70.56,282.2,90,64,4,1
253492_40.736923_-73.877549_NB,253492,40.736923,-73.877549,Queens,BROADWAY,Queens Boulevard Line,Queens Boulevard,NB,2024,1,2024-01-01,Before congestion pricing,Weekend,PM peak (16-19),76.88,307.5,109,64,4,1
70542_40.813146_-73.908655_EB,70542,40.813146,-73.908655,Bronx,EAST 149 STREET,Jackson Avenue,Concord Avenue,EB,2024,1,2024-01-01,Before congestion pricing,Weekday,AM peak (06-09),38.50,154.0,69,32,2,1
70542_40.813146_-73.908655_WB,70542,40.813146,-73.908655,Bronx,EAST 149 STREET,Jackson Avenue,Concord Avenue,WB,2024,1,2024-01-01,Before congestion pricing,Weekday,AM peak (06-09),81.03,324.1,149,32,2,1
70542_40.813146_-73.908655_EB,70542,40.813146,-73.908655,Bronx,EAST 149 STREET,Jackson Avenue,Concord Avenue,EB,2024,1,2024-01-01,Before congestion pricing,Weekday,Evening (20-23),26.41,105.6,38,32,2,1
70542_40.813146_-73.908655_WB,70542,40.813146,-73.908655,Bronx,EAST 149 STREET,Jackson Avenue,Concord Avenue,WB,2024,1,2024-01-01,Before congestion pricing,Weekday,Evening (20-23),43.50,174.0,61,32,2,1
70542_40.813146_-73.908655_EB,70542,40.813146,-73.908655,Bronx,EAST 149 STREET,Jackson Avenue,Concord Avenue,EB,2024,1,2024-01-01,Before congestion pricing,Weekday,Midday (10-15),53.83,215.3,80,48,2,1
70542_40.813146_-73.908655_WB,70542,40.813146,-73.908655,Bronx,EAST 149 STREET,Jackson Avenue,Concord Avenue,WB,2024,1,2024-01-01,Before congestion pricing,Weekday,Midday (10-15),94.98,379.9,138,48,2,1
70542_40.813146_-73.908655_EB,70542,40.813146,-73.908655,Bronx,EAST 149 STREET,Jackson Avenue,Concord Avenue,EB,2024,1,2024-01-01,Before congestion pricing,Weekday,Overnight (00-05),13.50,54.0,26,48,2,1
70542_40.813146_-73.908655_WB,70542,40.813146,-73.908655,Bronx,EAST 149 STREET,Jackson Avenue,Concord Avenue,WB,2024,1,2024-01-01,Before congestion pricing,Weekday,Overnight (00-05),19.96,79.8,41,48,2,1
70542_40.813146_-73.908655_EB,70542,40.813146,-73.908655,Bronx,EAST 149 STREET,Jackson Avenue,Concord Avenue,EB,2024,1,2024-01-01,Before congestion pricing,Weekday,PM peak (16-19),61.47,245.9,104,32,2,1
70542_40.813146_-73.908655_WB,70542,40.813146,-73.908655,Bronx,EAST 149 STREET,Jackson Avenue,Concord Avenue,WB,2024,1,2024-01-01,Before congestion pricing,Weekday,PM peak (16-19),89.38,357.5,120,32,2,1
74363_40.728275_-73.891296_EB,74363,40.728275,-73.891296,Queens,GRAND AVENUE,72 Street,Mazeau Street,EB,2024,1,2024-01-01,Before congestion pricing,Weekday,AM peak (06-09),55.34,221.3,90,80,5,1
74363_40.728275_-73.891296_EB,74363,40.728275,-73.891296,Queens,GRAND AVENUE,72 Street,Mazeau Street,EB,2024,1,2024-01-01,Before congestion pricing,Weekend,AM peak (06-09),36.70,146.8,86,64,4,1
74363_40.728275_-73.891296_EB,74363,40.728275,-73.891296,Queens,GRAND AVENUE,72 Street,Mazeau Street,EB,2024,1,2024-01-01,Before congestion pricing,Weekday,Evening (20-23),45.48,181.9,78,80,5,1
74363_40.728275_-73.891296_EB,74363,40.728275,-73.891296,Queens,GRAND AVENUE,72 Street,Mazeau Street,EB,2024,1,2024-01-01,Before congestion pricing,Weekend,Evening (20-23),38.83,155.3,63,64,4,1
74363_40.728275_-73.891296_EB,74363,40.728275,-73.891296,Queens,GRAND AVENUE,72 Street,Mazeau Street,EB,2024,1,2024-01-01,Before congestion pricing,Weekday,Midday (10-15),80.61,322.4,125,120,5,1
74363_40.728275_-73.891296_EB,74363,40.728275,-73.891296,Queens,GRAND AVENUE,72 Street,Mazeau Street,EB,2024,1,2024-01-01,Before congestion pricing,Weekend,Midday (10-15),80.38,321.5,106,96,4,1
74363_40.728275_-73.891296_EB,74363,40.728275,-73.891296,Queens,GRAND AVENUE,72 Street,Mazeau Street,EB,2024,1,2024-01-01,Before congestion pricing,Weekday,Overnight (00-05),11.33,45.3,28,120,5,1
74363_40.728275_-73.891296_EB,74363,40.728275,-73.891296,Queens,GRAND AVENUE,72 Street,Mazeau Street,EB,2024,1,2024-01-01,Before congestion pricing,Weekend,Overnight (00-05),12.06,48.2,34,96,4,1
74363_40.728275_-73.891296_EB,74363,40.728275,-73.891296,Queens,GRAND AVENUE,72 Street,Mazeau Street,EB,2024,1,2024-01-01,Before congestion pricing,Weekday,PM peak (16-19),99.38,397.5,142,80,5,1
74363_40.728275_-73.891296_EB,74363,40.728275,-73.891296,Queens,GRAND AVENUE,72 Street,Mazeau Street,EB,2024,1,2024-01-01,Before congestion pricing,Weekend,PM peak (16-19),71.12,284.5,103,64,4,1
152523_40.714386_-73.930003_WB,152523,40.714386,-73.930003,Brooklyn,METROPOLITAN AVENUE,Dead end,Varick Avenue,WB,2024,1,2024-01-01,Before congestion pricing,Weekday,AM peak (06-09),107.26,429.1,146,80,5,1
152523_40.714386_-73.930003_WB,152523,40.714386,-73.930003,Brooklyn,METROPOLITAN AVENUE,Dead end,Varick Avenue,WB,2024,1,2024-01-01,Before congestion pricing,Weekend,AM peak (06-09),23.33,93.3,46,64,4,1
152523_40.714386_-73.930003_WB,152523,40.714386,-73.930003,Brooklyn,METROPOLITAN AVENUE,Dead end,Varick Avenue,WB,2024,1,2024-01-01,Before congestion pricing,Weekday,Evening (20-23),16.80,67.2,29,80,5,1
152523_40.714386_-73.930003_WB,152523,40.714386,-73.930003,Brooklyn,METROPOLITAN AVENUE,Dead end,Varick Avenue,WB,2024,1,2024-01-01,Before congestion pricing,Weekend,Evening (20-23),13.17,52.7,26,64,4,1
152523_40.714386_-73.930003_WB,152523,40.714386,-73.930003,Brooklyn,METROPOLITAN AVENUE,Dead end,Varick Avenue,WB,2024,1,2024-01-01,Before congestion pricing,Weekday,Midday (10-15),88.24,353.0,128,120,5,1
152523_40.714386_-73.930003_WB,152523,40.714386,-73.930003,Brooklyn,METROPOLITAN AVENUE,Dead end,Varick Avenue,WB,2024,1,2024-01-01,Before congestion pricing,Weekend,Midday (10-15),30.52,122.1,55,96,4,1
152523_40.714386_-73.930003_WB,152523,40.714386,-73.930003,Brooklyn,METROPOLITAN AVENUE,Dead end,Varick Avenue,WB,2024,1,2024-01-01,Before congestion pricing,Weekday,Overnight (00-05),15.99,64.0,66,120,5,1
152523_40.714386_-73.930003_WB,152523,40.714386,-73.930003,Brooklyn,METROPOLITAN AVENUE,Dead end,Varick Avenue,WB,2024,1,2024-01-01,Before congestion pricing,Weekend,Overnight (00-05),9.99,40.0,29,96,4,1
152523_40.714386_-73.930003_WB,152523,40.714386,-73.930003,Brooklyn,METROPOLITAN AVENUE,Dead end,Varick Avenue,WB,2024,1,2024-01-01,Before congestion pricing,Weekday,PM peak (16-19),77.53,310.1,140,80,5,1
152523_40.714386_-73.930003_WB,152523,40.714386,-73.930003,Brooklyn,METROPOLITAN AVENUE,Dead end,Varick Avenue,WB,2024,1,2024-01-01,Before congestion pricing,Weekend,PM peak (16-19),34.27,137.1,70,64,4,1
145850_40.752288_-73.967518_NB,145850,40.752288,-73.967518,Manhattan,1 AVENUE,East 47 Street,Dead end,NB,2024,2,2024-02-01,Before congestion pricing,Weekday,AM peak (06-09),64.11,256.4,93,80,5,1
145850_40.752288_-73.967518_NB,145850,40.752288,-73.967518,Manhattan,1 AVENUE,East 47 Street,Dead end,NB,2024,2,2024-02-01,Before congestion pricing,Weekend,AM peak (06-09),23.78,95.1,40,32,2,1
145850_40.752288_-73.967518_NB,145850,40.752288,-73.967518,Manhattan,1 AVENUE,East 47 Street,Dead end,NB,2024,2,2024-02-01,Before congestion pricing,Weekday,Evening (20-23),47.64,190.6,71,80,5,1
145850_40.752288_-73.967518_NB,145850,40.752288,-73.967518,Manhattan,1 AVENUE,East 47 Street,Dead end,NB,2024,2,2024-02-01,Before congestion pricing,Weekend,Evening (20-23),55.59,222.4,77,32,2,1
145850_40.752288_-73.967518_NB,145850,40.752288,-73.967518,Manhattan,1 AVENUE,East 47 Street,Dead end,NB,2024,2,2024-02-01,Before congestion pricing,Weekday,Midday (10-15),71.28,285.1,99,120,5,1
145850_40.752288_-73.967518_NB,145850,40.752288,-73.967518,Manhattan,1 AVENUE,East 47 Street,Dead end,NB,2024,2,2024-02-01,Before congestion pricing,Weekend,Midday (10-15),49.67,198.7,77,48,2,1
145850_40.752288_-73.967518_NB,145850,40.752288,-73.967518,Manhattan,1 AVENUE,East 47 Street,Dead end,NB,2024,2,2024-02-01,Before congestion pricing,Weekday,Overnight (00-05),12.08,48.3,39,120,5,1
145850_40.752288_-73.967518_NB,145850,40.752288,-73.967518,Manhattan,1 AVENUE,East 47 Street,Dead end,NB,2024,2,2024-02-01,Before congestion pricing,Weekend,Overnight (00-05),23.10,92.4,55,48,2,1
145850_40.752288_-73.967518_NB,145850,40.752288,-73.967518,Manhattan,1 AVENUE,East 47 Street,Dead end,NB,2024,2,2024-02-01,Before congestion pricing,Weekday,PM peak (16-19),70.99,283.9,100,80,5,1
145850_40.752288_-73.967518_NB,145850,40.752288,-73.967518,Manhattan,1 AVENUE,East 47 Street,Dead end,NB,2024,2,2024-02-01,Before congestion pricing,Weekend,PM peak (16-19),69.00,276.0,88,32,2,1
190295_40.803485_-73.952214_NB,190295,40.803485,-73.952214,Manhattan,ADAM C POWELL BOULEVARD,Dead End,West 117 Street,NB,2024,2,2024-02-01,Before congestion pricing,Weekday,AM peak (06-09),54.72,218.9,98,64,4,1
190295_40.803485_-73.952214_SB,190295,40.803485,-73.952214,Manhattan,ADAM C POWELL BOULEVARD,Dead End,West 117 Street,SB,2024,2,2024-02-01,Before congestion pricing,Weekday,AM peak (06-09),131.47,525.9,191,64,4,1
190295_40.803485_-73.952214_SB,190295,40.803485,-73.952214,Manhattan,ADAM C POWELL BOULEVARD,Dead End,West 117 Street,SB,2024,2,2024-02-01,Before congestion pricing,Weekend,AM peak (06-09),36.03,144.1,80,32,2,1
190295_40.803485_-73.952214_NB,190295,40.803485,-73.952214,Manhattan,ADAM C POWELL BOULEVARD,Dead End,West 117 Street,NB,2024,2,2024-02-01,Before congestion pricing,Weekend,AM peak (06-09),27.56,110.2,61,32,2,1
190295_40.803485_-73.952214_NB,190295,40.803485,-73.952214,Manhattan,ADAM C POWELL BOULEVARD,Dead End,West 117 Street,NB,2024,2,2024-02-01,Before congestion pricing,Weekday,Evening (20-23),43.00,172.0,77,64,4,1
190295_40.803485_-73.952214_SB,190295,40.803485,-73.952214,Manhattan,ADAM C POWELL BOULEVARD,Dead End,West 117 Street,SB,2024,2,2024-02-01,Before congestion pricing,Weekday,Evening (20-23),41.31,165.2,76,64,4,1
190295_40.803485_-73.952214_SB,190295,40.803485,-73.952214,Manhattan,ADAM C POWELL BOULEVARD,Dead End,West 117 Street,SB,2024,2,2024-02-01,Before congestion pricing,Weekend,Evening (20-23),46.59,186.4,76,32,2,1
190295_40.803485_-73.952214_NB,190295,40.803485,-73.952214,Manhattan,ADAM C POWELL BOULEVARD,Dead End,West 117 Street,NB,2024,2,2024-02-01,Before congestion pricing,Weekend,Evening (20-23),50.69,202.8,73,29,2,1
190295_40.803485_-73.952214_NB,190295,40.803485,-73.952214,Manhattan,ADAM C POWELL BOULEVARD,Dead End,West 117 Street,NB,2024,2,2024-02-01,Before congestion pricing,Weekday,Midday (10-15),87.27,349.1,162,96,4,1
190295_40.803485_-73.952214_SB,190295,40.803485,-73.952214,Manhattan,ADAM C POWELL BOULEVARD,Dead End,West 117 Street,SB,2024,2,2024-02-01,Before congestion pricing,Weekday,Midday (10-15),76.15,304.6,105,96,4,1
190295_40.803485_-73.952214_SB,190295,40.803485,-73.952214,Manhattan,ADAM C POWELL BOULEVARD,Dead End,West 117 Street,SB,2024,2,2024-02-01,Before congestion pricing,Weekend,Midday (10-15),71.04,284.2,90,48,2,1
190295_40.803485_-73.952214_NB,190295,40.803485,-73.952214,Manhattan,ADAM C POWELL BOULEVARD,Dead End,West 117 Street,NB,2024,2,2024-02-01,Before congestion pricing,Weekend,Midday (10-15),68.10,272.4,102,48,2,1
190295_40.803485_-73.952214_SB,190295,40.803485,-73.952214,Manhattan,ADAM C POWELL BOULEVARD,Dead End,West 117 Street,SB,2024,2,2024-02-01,Before congestion pricing,Weekday,Overnight (00-05),13.32,53.3,35,96,4,1
190295_40.803485_-73.952214_NB,190295,40.803485,-73.952214,Manhattan,ADAM C POWELL BOULEVARD,Dead End,West 117 Street,NB,2024,2,2024-02-01,Before congestion pricing,Weekday,Overnight (00-05),12.00,48.0,30,88,4,1
190295_40.803485_-73.952214_SB,190295,40.803485,-73.952214,Manhattan,ADAM C POWELL BOULEVARD,Dead End,West 117 Street,SB,2024,2,2024-02-01,Before congestion pricing,Weekend,Overnight (00-05),19.73,78.9,45,48,2,1
190295_40.803485_-73.952214_NB,190295,40.803485,-73.952214,Manhattan,ADAM C POWELL BOULEVARD,Dead End,West 117 Street,NB,2024,2,2024-02-01,Before congestion pricing,Weekend,Overnight (00-05),20.67,82.7,46,45,2,1
190295_40.803485_-73.952214_NB,190295,40.803485,-73.952214,Manhattan,ADAM C POWELL BOULEVARD,Dead End,West 117 Street,NB,2024,2,2024-02-01,Before congestion pricing,Weekday,PM peak (16-19),131.02,524.1,214,63,4,1
190295_40.803485_-73.952214_SB,190295,40.803485,-73.952214,Manhattan,ADAM C POWELL BOULEVARD,Dead End,West 117 Street,SB,2024,2,2024-02-01,Before congestion pricing,Weekday,PM peak (16-19),70.75,283.0,100,64,4,1
190295_40.803485_-73.952214_SB,190295,40.803485,-73.952214,Manhattan,ADAM C POWELL BOULEVARD,Dead End,West 117 Street,SB,2024,2,2024-02-01,Before congestion pricing,Weekend,PM peak (16-19),75.53,302.1,93,32,2,1
190295_40.803485_-73.952214_NB,190295,40.803485,-73.952214,Manhattan,ADAM C POWELL BOULEVARD,Dead End,West 117 Street,NB,2024,2,2024-02-01,Before congestion pricing,Weekend,PM peak (16-19),75.31,301.2,103,29,2,1
166137_40.797480_-73.950651_EB,166137,40.797480,-73.950651,Manhattan,CENTRAL PARK NORTH,Frawley Circle,Central Park Lenox Avenue Appr,EB,2024,2,2024-02-01,Before congestion pricing,Weekday,AM peak (06-09),67.45,269.8,91,64,4,1
166137_40.797480_-73.950651_WB,166137,40.797480,-73.950651,Manhattan,CENTRAL PARK NORTH,Frawley Circle,Central Park Lenox Avenue Appr,WB,2024,2,2024-02-01,Before congestion pricing,Weekday,AM peak (06-09),26.78,107.1,41,64,4,1
166137_40.797480_-73.950651_WB,166137,40.797480,-73.950651,Manhattan,CENTRAL PARK NORTH,Frawley Circle,Central Park Lenox Avenue Appr,WB,2024,2,2024-02-01,Before congestion pricing,Weekend,AM peak (06-09),13.84,55.4,25,32,2,1
166137_40.797480_-73.950651_EB,166137,40.797480,-73.950651,Manhattan,CENTRAL PARK NORTH,Frawley Circle,Central Park Lenox Avenue Appr,EB,2024,2,2024-02-01,Before congestion pricing,Weekend,AM peak (06-09),23.69,94.8,46,32,2,1
166137_40.797480_-73.950651_EB,166137,40.797480,-73.950651,Manhattan,CENTRAL PARK NORTH,Frawley Circle,Central Park Lenox Avenue Appr,EB,2024,2,2024-02-01,Before congestion pricing,Weekday,Evening (20-23),38.84,155.4,57,64,4,1
166137_40.797480_-73.950651_WB,166137,40.797480,-73.950651,Manhattan,CENTRAL PARK NORTH,Frawley Circle,Central Park Lenox Avenue Appr,WB,2024,2,2024-02-01,Before congestion pricing,Weekday,Evening (20-23),18.19,72.8,34,64,4,1
166137_40.797480_-73.950651_EB,166137,40.797480,-73.950651,Manhattan,CENTRAL PARK NORTH,Frawley Circle,Central Park Lenox Avenue Appr,EB,2024,2,2024-02-01,Before congestion pricing,Weekend,Evening (20-23),35.19,140.8,46,32,2,1
166137_40.797480_-73.950651_WB,166137,40.797480,-73.950651,Manhattan,CENTRAL PARK NORTH,Frawley Circle,Central Park Lenox Avenue Appr,WB,2024,2,2024-02-01,Before congestion pricing,Weekend,Evening (20-23),19.25,77.0,28,32,2,1
166137_40.797480_-73.950651_EB,166137,40.797480,-73.950651,Manhattan,CENTRAL PARK NORTH,Frawley Circle,Central Park Lenox Avenue Appr,EB,2024,2,2024-02-01,Before congestion pricing,Weekday,Midday (10-15),53.41,213.6,68,96,4,1
166137_40.797480_-73.950651_WB,166137,40.797480,-73.950651,Manhattan,CENTRAL PARK NORTH,Frawley Circle,Central Park Lenox Avenue Appr,WB,2024,2,2024-02-01,Before congestion pricing,Weekday,Midday (10-15),39.71,158.8,70,96,4,1
166137_40.797480_-73.950651_WB,166137,40.797480,-73.950651,Manhattan,CENTRAL PARK NORTH,Frawley Circle,Central Park Lenox Avenue Appr,WB,2024,2,2024-02-01,Before congestion pricing,Weekend,Midday (10-15),28.85,115.4,45,48,2,1
166137_40.797480_-73.950651_EB,166137,40.797480,-73.950651,Manhattan,CENTRAL PARK NORTH,Frawley Circle,Central Park Lenox Avenue Appr,EB,2024,2,2024-02-01,Before congestion pricing,Weekend,Midday (10-15),48.58,194.3,65,48,2,1
166137_40.797480_-73.950651_EB,166137,40.797480,-73.950651,Manhattan,CENTRAL PARK NORTH,Frawley Circle,Central Park Lenox Avenue Appr,EB,2024,2,2024-02-01,Before congestion pricing,Weekday,Overnight (00-05),11.23,44.9,30,96,4,1
166137_40.797480_-73.950651_WB,166137,40.797480,-73.950651,Manhattan,CENTRAL PARK NORTH,Frawley Circle,Central Park Lenox Avenue Appr,WB,2024,2,2024-02-01,Before congestion pricing,Weekday,Overnight (00-05),5.07,20.3,14,96,4,1
166137_40.797480_-73.950651_WB,166137,40.797480,-73.950651,Manhattan,CENTRAL PARK NORTH,Frawley Circle,Central Park Lenox Avenue Appr,WB,2024,2,2024-02-01,Before congestion pricing,Weekend,Overnight (00-05),6.56,26.2,22,48,2,1
166137_40.797480_-73.950651_EB,166137,40.797480,-73.950651,Manhattan,CENTRAL PARK NORTH,Frawley Circle,Central Park Lenox Avenue Appr,EB,2024,2,2024-02-01,Before congestion pricing,Weekend,Overnight (00-05),16.35,65.4,28,48,2,1
166137_40.797480_-73.950651_EB,166137,40.797480,-73.950651,Manhattan,CENTRAL PARK NORTH,Frawley Circle,Central Park Lenox Avenue Appr,EB,2024,2,2024-02-01,Before congestion pricing,Weekday,PM peak (16-19),54.36,217.4,74,64,4,1
166137_40.797480_-73.950651_WB,166137,40.797480,-73.950651,Manhattan,CENTRAL PARK NORTH,Frawley Circle,Central Park Lenox Avenue Appr,WB,2024,2,2024-02-01,Before congestion pricing,Weekday,PM peak (16-19),42.86,171.4,72,64,4,1
166137_40.797480_-73.950651_EB,166137,40.797480,-73.950651,Manhattan,CENTRAL PARK NORTH,Frawley Circle,Central Park Lenox Avenue Appr,EB,2024,2,2024-02-01,Before congestion pricing,Weekend,PM peak (16-19),48.31,193.2,65,32,2,1
166137_40.797480_-73.950651_WB,166137,40.797480,-73.950651,Manhattan,CENTRAL PARK NORTH,Frawley Circle,Central Park Lenox Avenue Appr,WB,2024,2,2024-02-01,Before congestion pricing,Weekend,PM peak (16-19),30.31,121.2,41,32,2,1
27660_40.630545_-73.945251_SB,27660,40.630545,-73.945251,Brooklyn,FLATBUSH AVENUE,East 32 Street,Aurelia Court,SB,2024,2,2024-02-01,Before congestion pricing,Weekday,AM peak (06-09),107.71,430.9,151,80,5,1
27660_40.630545_-73.945251_NB,27660,40.630545,-73.945251,Brooklyn,FLATBUSH AVENUE,East 32 Street,Aurelia Court,NB,2024,2,2024-02-01,Before congestion pricing,Weekday,AM peak (06-09),212.19,848.8,256,80,5,1
27660_40.630545_-73.945251_SB,27660,40.630545,-73.945251,Brooklyn,FLATBUSH AVENUE,East 32 Street,Aurelia Court,SB,2024,2,2024-02-01,Before congestion pricing,Weekend,AM peak (06-09),75.56,302.2,127,32,2,1
27660_40.630545_-73.945251_NB,27660,40.630545,-73.945251,Brooklyn,FLATBUSH AVENUE,East 32 Street,Aurelia Court,NB,2024,2,2024-02-01,Before congestion pricing,Weekend,AM peak (06-09),136.03,544.1,208,32,2,1
27660_40.630545_-73.945251_SB,27660,40.630545,-73.945251,Brooklyn,FLATBUSH AVENUE,East 32 Street,Aurelia Court,SB,2024,2,2024-02-01,Before congestion pricing,Weekday,Evening (20-23),101.28,405.1,162,80,5,1
27660_40.630545_-73.945251_NB,27660,40.630545,-73.945251,Brooklyn,FLATBUSH AVENUE,East 32 Street,Aurelia Court,NB,2024,2,2024-02-01,Before congestion pricing,Weekday,Evening (20-23),103.35,413.4,167,80,5,1
27660_40.630545_-73.945251_SB,27660,40.630545,-73.945251,Brooklyn,FLATBUSH AVENUE,East 32 Street,Aurelia Court,SB,2024,2,2024-02-01,Before congestion pricing,Weekend,Evening (20-23),98.91,395.6,148,32,2,1
27660_40.630545_-73.945251_NB,27660,40.630545,-73.945251,Brooklyn,FLATBUSH AVENUE,East 32 Street,Aurelia Court,NB,2024,2,2024-02-01,Before congestion pricing,Weekend,Evening (20-23),111.28,445.1,154,32,2,1
27660_40.630545_-73.945251_SB,27660,40.630545,-73.945251,Brooklyn,FLATBUSH AVENUE,East 32 Street,Aurelia Court,SB,2024,2,2024-02-01,Before congestion pricing,Weekday,Midday (10-15),124.89,499.6,168,120,5,1
27660_40.630545_-73.945251_NB,27660,40.630545,-73.945251,Brooklyn,FLATBUSH AVENUE,East 32 Street,Aurelia Court,NB,2024,2,2024-02-01,Before congestion pricing,Weekday,Midday (10-15),151.20,604.8,202,120,5,1
27660_40.630545_-73.945251_SB,27660,40.630545,-73.945251,Brooklyn,FLATBUSH AVENUE,East 32 Street,Aurelia Court,SB,2024,2,2024-02-01,Before congestion pricing,Weekend,Midday (10-15),137.69,550.8,168,48,2,1
27660_40.630545_-73.945251_NB,27660,40.630545,-73.945251,Brooklyn,FLATBUSH AVENUE,East 32 Street,Aurelia Court,NB,2024,2,2024-02-01,Before congestion pricing,Weekend,Midday (10-15),179.42,717.7,211,48,2,1
27660_40.630545_-73.945251_SB,27660,40.630545,-73.945251,Brooklyn,FLATBUSH AVENUE,East 32 Street,Aurelia Court,SB,2024,2,2024-02-01,Before congestion pricing,Weekday,Overnight (00-05),32.80,131.2,69,120,5,1
27660_40.630545_-73.945251_NB,27660,40.630545,-73.945251,Brooklyn,FLATBUSH AVENUE,East 32 Street,Aurelia Court,NB,2024,2,2024-02-01,Before congestion pricing,Weekday,Overnight (00-05),50.64,202.6,184,120,5,1
27660_40.630545_-73.945251_SB,27660,40.630545,-73.945251,Brooklyn,FLATBUSH AVENUE,East 32 Street,Aurelia Court,SB,2024,2,2024-02-01,Before congestion pricing,Weekend,Overnight (00-05),43.12,172.5,84,48,2,1
27660_40.630545_-73.945251_NB,27660,40.630545,-73.945251,Brooklyn,FLATBUSH AVENUE,East 32 Street,Aurelia Court,NB,2024,2,2024-02-01,Before congestion pricing,Weekend,Overnight (00-05),50.15,200.6,109,48,2,1
27660_40.630545_-73.945251_SB,27660,40.630545,-73.945251,Brooklyn,FLATBUSH AVENUE,East 32 Street,Aurelia Court,SB,2024,2,2024-02-01,Before congestion pricing,Weekday,PM peak (16-19),152.31,609.2,175,80,5,1
27660_40.630545_-73.945251_NB,27660,40.630545,-73.945251,Brooklyn,FLATBUSH AVENUE,East 32 Street,Aurelia Court,NB,2024,2,2024-02-01,Before congestion pricing,Weekday,PM peak (16-19),159.79,639.1,206,80,5,1
27660_40.630545_-73.945251_SB,27660,40.630545,-73.945251,Brooklyn,FLATBUSH AVENUE,East 32 Street,Aurelia Court,SB,2024,2,2024-02-01,Before congestion pricing,Weekend,PM peak (16-19),140.31,561.2,171,32,2,1
27660_40.630545_-73.945251_NB,27660,40.630545,-73.945251,Brooklyn,FLATBUSH AVENUE,East 32 Street,Aurelia Court,NB,2024,2,2024-02-01,Before congestion pricing,Weekend,PM peak (16-19),171.84,687.4,201,32,2,1
162681_40.709863_-73.991461_EB,162681,40.709863,-73.991461,Manhattan,SOUTH STREET,Pike Slip,Rutgers Slip,EB,2024,2,2024-02-01,Before congestion pricing,Weekday,AM peak (06-09),55.24,221.0,89,96,6,1
162681_40.709863_-73.991461_WB,162681,40.709863,-73.991461,Manhattan,SOUTH STREET,Pike Slip,Rutgers Slip,WB,2024,2,2024-02-01,Before congestion pricing,Weekday,AM peak (06-09),31.27,125.1,56,96,6,1
162681_40.709863_-73.991461_EB,162681,40.709863,-73.991461,Manhattan,SOUTH STREET,Pike Slip,Rutgers Slip,EB,2024,2,2024-02-01,Before congestion pricing,Weekend,AM peak (06-09),24.65,98.6,47,48,3,1
162681_40.709863_-73.991461_WB,162681,40.709863,-73.991461,Manhattan,SOUTH STREET,Pike Slip,Rutgers Slip,WB,2024,2,2024-02-01,Before congestion pricing,Weekend,AM peak (06-09),21.60,86.4,44,48,3,1
162681_40.709863_-73.991461_EB,162681,40.709863,-73.991461,Manhattan,SOUTH STREET,Pike Slip,Rutgers Slip,EB,2024,2,2024-02-01,Before congestion pricing,Weekday,Evening (20-23),43.97,175.9,82,96,6,1
162681_40.709863_-73.991461_WB,162681,40.709863,-73.991461,Manhattan,SOUTH STREET,Pike Slip,Rutgers Slip,WB,2024,2,2024-02-01,Before congestion pricing,Weekday,Evening (20-23),25.48,101.9,48,96,6,1
162681_40.709863_-73.991461_EB,162681,40.709863,-73.991461,Manhattan,SOUTH STREET,Pike Slip,Rutgers Slip,EB,2024,2,2024-02-01,Before congestion pricing,Weekend,Evening (20-23),48.44,193.8,63,48,3,1
162681_40.709863_-73.991461_WB,162681,40.709863,-73.991461,Manhattan,SOUTH STREET,Pike Slip,Rutgers Slip,WB,2024,2,2024-02-01,Before congestion pricing,Weekend,Evening (20-23),30.08,120.3,63,48,3,1
162681_40.709863_-73.991461_EB,162681,40.709863,-73.991461,Manhattan,SOUTH STREET,Pike Slip,Rutgers Slip,EB,2024,2,2024-02-01,Before congestion pricing,Weekday,Midday (10-15),66.42,265.7,89,144,6,1
162681_40.709863_-73.991461_WB,162681,40.709863,-73.991461,Manhattan,SOUTH STREET,Pike Slip,Rutgers Slip,WB,2024,2,2024-02-01,Before congestion pricing,Weekday,Midday (10-15),48.39,193.6,102,144,6,1
162681_40.709863_-73.991461_EB,162681,40.709863,-73.991461,Manhattan,SOUTH STREET,Pike Slip,Rutgers Slip,EB,2024,2,2024-02-01,Before congestion pricing,Weekend,Midday (10-15),63.17,252.7,83,72,3,1
162681_40.709863_-73.991461_WB,162681,40.709863,-73.991461,Manhattan,SOUTH STREET,Pike Slip,Rutgers Slip,WB,2024,2,2024-02-01,Before congestion pricing,Weekend,Midday (10-15),47.43,189.7,72,72,3,1
162681_40.709863_-73.991461_EB,162681,40.709863,-73.991461,Manhattan,SOUTH STREET,Pike Slip,Rutgers Slip,EB,2024,2,2024-02-01,Before congestion pricing,Weekday,Overnight (00-05),14.85,59.4,46,144,6,1
162681_40.709863_-73.991461_WB,162681,40.709863,-73.991461,Manhattan,SOUTH STREET,Pike Slip,Rutgers Slip,WB,2024,2,2024-02-01,Before congestion pricing,Weekday,Overnight (00-05),7.44,29.8,24,144,6,1
162681_40.709863_-73.991461_EB,162681,40.709863,-73.991461,Manhattan,SOUTH STREET,Pike Slip,Rutgers Slip,EB,2024,2,2024-02-01,Before congestion pricing,Weekend,Overnight (00-05),25.10,100.4,53,72,3,1
162681_40.709863_-73.991461_WB,162681,40.709863,-73.991461,Manhattan,SOUTH STREET,Pike Slip,Rutgers Slip,WB,2024,2,2024-02-01,Before congestion pricing,Weekend,Overnight (00-05),17.65,70.6,48,72,3,1
162681_40.709863_-73.991461_EB,162681,40.709863,-73.991461,Manhattan,SOUTH STREET,Pike Slip,Rutgers Slip,EB,2024,2,2024-02-01,Before congestion pricing,Weekday,PM peak (16-19),66.88,267.5,87,96,6,1
162681_40.709863_-73.991461_WB,162681,40.709863,-73.991461,Manhattan,SOUTH STREET,Pike Slip,Rutgers Slip,WB,2024,2,2024-02-01,Before congestion pricing,Weekday,PM peak (16-19),62.19,248.8,100,96,6,1
162681_40.709863_-73.991461_EB,162681,40.709863,-73.991461,Manhattan,SOUTH STREET,Pike Slip,Rutgers Slip,EB,2024,2,2024-02-01,Before congestion pricing,Weekend,PM peak (16-19),61.38,245.5,80,48,3,1
162681_40.709863_-73.991461_WB,162681,40.709863,-73.991461,Manhattan,SOUTH STREET,Pike Slip,Rutgers Slip,WB,2024,2,2024-02-01,Before congestion pricing,Weekend,PM peak (16-19),47.27,189.1,76,48,3,1
80035_40.860233_-73.892855_NB,80035,40.860233,-73.892855,Bronx,WEBSTER AVENUE,East 188 Street,East 189 Street,NB,2024,2,2024-02-01,Before congestion pricing,Weekday,AM peak (06-09),84.16,336.6,120,64,4,1
80035_40.860233_-73.892855_NB,80035,40.860233,-73.892855,Bronx,WEBSTER AVENUE,East 188 Street,East 189 Street,NB,2024,2,2024-02-01,Before congestion pricing,Weekend,AM peak (06-09),55.91,223.6,83,32,2,1
80035_40.860233_-73.892855_NB,80035,40.860233,-73.892855,Bronx,WEBSTER AVENUE,East 188 Street,East 189 Street,NB,2024,2,2024-02-01,Before congestion pricing,Weekday,Evening (20-23),55.61,222.4,84,64,4,1
80035_40.860233_-73.892855_NB,80035,40.860233,-73.892855,Bronx,WEBSTER AVENUE,East 188 Street,East 189 Street,NB,2024,2,2024-02-01,Before congestion pricing,Weekend,Evening (20-23),78.06,312.2,105,32,2,1
80035_40.860233_-73.892855_NB,80035,40.860233,-73.892855,Bronx,WEBSTER AVENUE,East 188 Street,East 189 Street,NB,2024,2,2024-02-01,Before congestion pricing,Weekday,Midday (10-15),90.78,363.1,114,96,4,1
80035_40.860233_-73.892855_NB,80035,40.860233,-73.892855,Bronx,WEBSTER AVENUE,East 188 Street,East 189 Street,NB,2024,2,2024-02-01,Before congestion pricing,Weekend,Midday (10-15),94.85,379.4,114,48,2,1
80035_40.860233_-73.892855_NB,80035,40.860233,-73.892855,Bronx,WEBSTER AVENUE,East 188 Street,East 189 Street,NB,2024,2,2024-02-01,Before congestion pricing,Weekday,Overnight (00-05),26.98,107.9,60,96,4,1
80035_40.860233_-73.892855_NB,80035,40.860233,-73.892855,Bronx,WEBSTER AVENUE,East 188 Street,East 189 Street,NB,2024,2,2024-02-01,Before congestion pricing,Weekend,Overnight (00-05),39.27,157.1,72,48,2,1
80035_40.860233_-73.892855_NB,80035,40.860233,-73.892855,Bronx,WEBSTER AVENUE,East 188 Street,East 189 Street,NB,2024,2,2024-02-01,Before congestion pricing,Weekday,PM peak (16-19),95.66,382.6,116,64,4,1
80035_40.860233_-73.892855_NB,80035,40.860233,-73.892855,Bronx,WEBSTER AVENUE,East 188 Street,East 189 Street,NB,2024,2,2024-02-01,Before congestion pricing,Weekend,PM peak (16-19),96.16,384.6,107,32,2,1
83469_40.758965_-73.861206_SB,83469,40.758965,-73.861206,Queens,108 STREET,32 Avenue,Northern Boulevard,SB,2024,3,2024-03-01,Before congestion pricing,Weekday,AM peak (06-09),35.62,142.5,60,32,2,1
83469_40.758965_-73.861206_NB,83469,40.758965,-73.861206,Queens,108 STREET,32 Avenue,Northern Boulevard,NB,2024,3,2024-03-01,Before congestion pricing,Weekday,AM peak (06-09),51.62,206.5,87,32,2,1
83469_40.758965_-73.861206_SB,83469,40.758965,-73.861206,Queens,108 STREET,32 Avenue,Northern Boulevard,SB,2024,3,2024-03-01,Before congestion pricing,Weekday,Evening (20-23),33.94,135.8,51,32,2,1
83469_40.758965_-73.861206_NB,83469,40.758965,-73.861206,Queens,108 STREET,32 Avenue,Northern Boulevard,NB,2024,3,2024-03-01,Before congestion pricing,Weekday,Evening (20-23),43.56,174.2,64,32,2,1
83469_40.758965_-73.861206_SB,83469,40.758965,-73.861206,Queens,108 STREET,32 Avenue,Northern Boulevard,SB,2024,3,2024-03-01,Before congestion pricing,Weekday,Midday (10-15),43.71,174.8,58,48,2,1
83469_40.758965_-73.861206_NB,83469,40.758965,-73.861206,Queens,108 STREET,32 Avenue,Northern Boulevard,NB,2024,3,2024-03-01,Before congestion pricing,Weekday,Midday (10-15),53.46,213.8,68,48,2,1
83469_40.758965_-73.861206_SB,83469,40.758965,-73.861206,Queens,108 STREET,32 Avenue,Northern Boulevard,SB,2024,3,2024-03-01,Before congestion pricing,Weekday,Overnight (00-05),12.10,48.4,31,48,2,1
83469_40.758965_-73.861206_NB,83469,40.758965,-73.861206,Queens,108 STREET,32 Avenue,Northern Boulevard,NB,2024,3,2024-03-01,Before congestion pricing,Weekday,Overnight (00-05),13.27,53.1,32,48,2,1
83469_40.758965_-73.861206_SB,83469,40.758965,-73.861206,Queens,108 STREET,32 Avenue,Northern Boulevard,SB,2024,3,2024-03-01,Before congestion pricing,Weekday,PM peak (16-19),55.69,222.8,68,32,2,1
83469_40.758965_-73.861206_NB,83469,40.758965,-73.861206,Queens,108 STREET,32 Avenue,Northern Boulevard,NB,2024,3,2024-03-01,Before congestion pricing,Weekday,PM peak (16-19),67.12,268.5,81,32,2,1
112812_40.685212_-73.804755_WB,112812,40.685212,-73.804755,Queens,111 AVENUE,139 Street,140 Street,WB,2024,3,2024-03-01,Before congestion pricing,Weekday,AM peak (06-09),32.38,129.5,60,32,2,1
112812_40.685212_-73.804755_EB,112812,40.685212,-73.804755,Queens,111 AVENUE,139 Street,140 Street,EB,2024,3,2024-03-01,Before congestion pricing,Weekday,AM peak (06-09),34.03,136.1,57,32,2,1
112812_40.685212_-73.804755_EB,112812,40.685212,-73.804755,Queens,111 AVENUE,139 Street,140 Street,EB,2024,3,2024-03-01,Before congestion pricing,Weekday,Evening (20-23),31.22,124.9,46,32,2,1
112812_40.685212_-73.804755_WB,112812,40.685212,-73.804755,Queens,111 AVENUE,139 Street,140 Street,WB,2024,3,2024-03-01,Before congestion pricing,Weekday,Evening (20-23),21.34,85.4,32,32,2,1
112812_40.685212_-73.804755_WB,112812,40.685212,-73.804755,Queens,111 AVENUE,139 Street,140 Street,WB,2024,3,2024-03-01,Before congestion pricing,Weekday,Midday (10-15),21.58,86.3,36,48,2,1
112812_40.685212_-73.804755_EB,112812,40.685212,-73.804755,Queens,111 AVENUE,139 Street,140 Street,EB,2024,3,2024-03-01,Before congestion pricing,Weekday,Midday (10-15),41.46,165.8,55,48,2,1
112812_40.685212_-73.804755_WB,112812,40.685212,-73.804755,Queens,111 AVENUE,139 Street,140 Street,WB,2024,3,2024-03-01,Before congestion pricing,Weekday,Overnight (00-05),6.12,24.5,19,48,2,1
112812_40.685212_-73.804755_EB,112812,40.685212,-73.804755,Queens,111 AVENUE,139 Street,140 Street,EB,2024,3,2024-03-01,Before congestion pricing,Weekday,Overnight (00-05),13.15,52.6,26,48,2,1
112812_40.685212_-73.804755_EB,112812,40.685212,-73.804755,Queens,111 AVENUE,139 Street,140 Street,EB,2024,3,2024-03-01,Before congestion pricing,Weekday,PM peak (16-19),44.91,179.6,55,32,2,1
112812_40.685212_-73.804755_WB,112812,40.685212,-73.804755,Queens,111 AVENUE,139 Street,140 Street,WB,2024,3,2024-03-01,Before congestion pricing,Weekday,PM peak (16-19),31.09,124.4,38,32,2,1
105839_40.674234_-73.988708_SB,105839,40.674234,-73.988708,Brooklyn,3 AVENUE,3 Street,Dead end,SB,2024,3,2024-03-01,Before congestion pricing,Weekend,AM peak (06-09),50.09,200.3,107,23,2,1
105839_40.674234_-73.988708_SB,105839,40.674234,-73.988708,Brooklyn,3 AVENUE,3 Street,Dead end,SB,2024,3,2024-03-01,Before congestion pricing,Weekend,Evening (20-23),103.53,414.1,156,32,2,1
105839_40.674234_-73.988708_SB,105839,40.674234,-73.988708,Brooklyn,3 AVENUE,3 Street,Dead end,SB,2024,3,2024-03-01,Before congestion pricing,Weekend,Midday (10-15),121.25,485.0,167,48,2,1
105839_40.674234_-73.988708_SB,105839,40.674234,-73.988708,Brooklyn,3 AVENUE,3 Street,Dead end,SB,2024,3,2024-03-01,Before congestion pricing,Weekend,Overnight (00-05),36.62,146.5,137,24,1,1
105839_40.674234_-73.988708_SB,105839,40.674234,-73.988708,Brooklyn,3 AVENUE,3 Street,Dead end,SB,2024,3,2024-03-01,Before congestion pricing,Weekend,PM peak (16-19),122.34,489.4,166,32,2,1
76594_40.750582_-73.876380_WB,76594,40.750582,-73.876380,Queens,37 AVENUE,90 Street,91 Street,WB,2024,3,2024-03-01,Before congestion pricing,Weekday,AM peak (06-09),33.31,133.2,51,80,5,1
76594_40.750582_-73.876380_EB,76594,40.750582,-73.876380,Queens,37 AVENUE,90 Street,91 Street,EB,2024,3,2024-03-01,Before congestion pricing,Weekday,AM peak (06-09),35.46,141.8,57,80,5,1
76594_40.750582_-73.876380_EB,76594,40.750582,-73.876380,Queens,37 AVENUE,90 Street,91 Street,EB,2024,3,2024-03-01,Before congestion pricing,Weekend,AM peak (06-09),26.38,105.5,40,32,2,1
76594_40.750582_-73.876380_WB,76594,40.750582,-73.876380,Queens,37 AVENUE,90 Street,91 Street,WB,2024,3,2024-03-01,Before congestion pricing,Weekend,AM peak (06-09),24.06,96.2,38,32,2,1
76594_40.750582_-73.876380_WB,76594,40.750582,-73.876380,Queens,37 AVENUE,90 Street,91 Street,WB,2024,3,2024-03-01,Before congestion pricing,Weekday,Evening (20-23),25.25,101.0,47,80,5,1
76594_40.750582_-73.876380_EB,76594,40.750582,-73.876380,Queens,37 AVENUE,90 Street,91 Street,EB,2024,3,2024-03-01,Before congestion pricing,Weekday,Evening (20-23),33.27,133.1,54,80,5,1
76594_40.750582_-73.876380_EB,76594,40.750582,-73.876380,Queens,37 AVENUE,90 Street,91 Street,EB,2024,3,2024-03-01,Before congestion pricing,Weekend,Evening (20-23),31.31,125.2,47,32,2,1
76594_40.750582_-73.876380_WB,76594,40.750582,-73.876380,Queens,37 AVENUE,90 Street,91 Street,WB,2024,3,2024-03-01,Before congestion pricing,Weekend,Evening (20-23),22.12,88.5,36,32,2,1
76594_40.750582_-73.876380_WB,76594,40.750582,-73.876380,Queens,37 AVENUE,90 Street,91 Street,WB,2024,3,2024-03-01,Before congestion pricing,Weekday,Midday (10-15),44.20,176.8,58,120,5,1
76594_40.750582_-73.876380_EB,76594,40.750582,-73.876380,Queens,37 AVENUE,90 Street,91 Street,EB,2024,3,2024-03-01,Before congestion pricing,Weekday,Midday (10-15),52.74,211.0,73,120,5,1
76594_40.750582_-73.876380_EB,76594,40.750582,-73.876380,Queens,37 AVENUE,90 Street,91 Street,EB,2024,3,2024-03-01,Before congestion pricing,Weekend,Midday (10-15),51.96,207.8,71,48,2,1
76594_40.750582_-73.876380_WB,76594,40.750582,-73.876380,Queens,37 AVENUE,90 Street,91 Street,WB,2024,3,2024-03-01,Before congestion pricing,Weekend,Midday (10-15),40.75,163.0,56,48,2,1
76594_40.750582_-73.876380_WB,76594,40.750582,-73.876380,Queens,37 AVENUE,90 Street,91 Street,WB,2024,3,2024-03-01,Before congestion pricing,Weekday,Overnight (00-05),11.59,46.4,26,120,5,1
76594_40.750582_-73.876380_EB,76594,40.750582,-73.876380,Queens,37 AVENUE,90 Street,91 Street,EB,2024,3,2024-03-01,Before congestion pricing,Weekday,Overnight (00-05),16.94,67.8,35,120,5,1
76594_40.750582_-73.876380_EB,76594,40.750582,-73.876380,Queens,37 AVENUE,90 Street,91 Street,EB,2024,3,2024-03-01,Before congestion pricing,Weekend,Overnight (00-05),20.35,81.4,37,48,2,1
76594_40.750582_-73.876380_WB,76594,40.750582,-73.876380,Queens,37 AVENUE,90 Street,91 Street,WB,2024,3,2024-03-01,Before congestion pricing,Weekend,Overnight (00-05),14.56,58.2,29,48,2,1
76594_40.750582_-73.876380_WB,76594,40.750582,-73.876380,Queens,37 AVENUE,90 Street,91 Street,WB,2024,3,2024-03-01,Before congestion pricing,Weekday,PM peak (16-19),44.08,176.3,57,80,5,1
76594_40.750582_-73.876380_EB,76594,40.750582,-73.876380,Queens,37 AVENUE,90 Street,91 Street,EB,2024,3,2024-03-01,Before congestion pricing,Weekday,PM peak (16-19),55.25,221.0,71,80,5,1
76594_40.750582_-73.876380_EB,76594,40.750582,-73.876380,Queens,37 AVENUE,90 Street,91 Street,EB,2024,3,2024-03-01,Before congestion pricing,Weekend,PM peak (16-19),51.22,204.9,71,32,2,1
76594_40.750582_-73.876380_WB,76594,40.750582,-73.876380,Queens,37 AVENUE,90 Street,91 Street,WB,2024,3,2024-03-01,Before congestion pricing,Weekend,PM peak (16-19),41.91,167.6,51,32,2,1
21327_40.641348_-73.987489_EB,21327,40.641348,-73.987489,Brooklyn,39 STREET,12 Avenue,13 Avenue,EB,2024,3,2024-03-01,Before congestion pricing,Weekday,AM peak (06-09),41.38,165.5,60,16,1,1
21327_40.641348_-73.987489_EB,21327,40.641348,-73.987489,Brooklyn,39 STREET,12 Avenue,13 Avenue,EB,2024,3,2024-03-01,Before congestion pricing,Weekday,Evening (20-23),32.81,131.2,47,16,1,1
21327_40.641348_-73.987489_EB,21327,40.641348,-73.987489,Brooklyn,39 STREET,12 Avenue,13 Avenue,EB,2024,3,2024-03-01,Before congestion pricing,Weekday,Midday (10-15),48.21,192.8,63,24,1,1
21327_40.641348_-73.987489_EB,21327,40.641348,-73.987489,Brooklyn,39 STREET,12 Avenue,13 Avenue,EB,2024,3,2024-03-01,Before congestion pricing,Weekday,Overnight (00-05),6.46,25.8,17,24,1,1
21327_40.641348_-73.987489_EB,21327,40.641348,-73.987489,Brooklyn,39 STREET,12 Avenue,13 Avenue,EB,2024,3,2024-03-01,Before congestion pricing,Weekday,PM peak (16-19),56.44,225.8,67,16,1,1
22901_40.677327_-73.979841_SB,22901,40.677327,-73.979841,Brooklyn,5 AVENUE,De Graw Street,Berkeley Place,SB,2024,3,2024-03-01,Before congestion pricing,Weekday,AM peak (06-09),42.56,170.2,71,48,3,1
22901_40.677327_-73.979841_SB,22901,40.677327,-73.979841,Brooklyn,5 AVENUE,De Graw Street,Berkeley Place,SB,2024,3,2024-03-01,Before congestion pricing,Weekend,AM peak (06-09),19.16,76.6,40,32,2,1
22901_40.677327_-73.979841_SB,22901,40.677327,-73.979841,Brooklyn,5 AVENUE,De Graw Street,Berkeley Place,SB,2024,3,2024-03-01,Before congestion pricing,Weekday,Evening (20-23),56.73,226.9,81,48,3,1
22901_40.677327_-73.979841_SB,22901,40.677327,-73.979841,Brooklyn,5 AVENUE,De Graw Street,Berkeley Place,SB,2024,3,2024-03-01,Before congestion pricing,Weekend,Evening (20-23),49.06,196.2,64,32,2,1
22901_40.677327_-73.979841_SB,22901,40.677327,-73.979841,Brooklyn,5 AVENUE,De Graw Street,Berkeley Place,SB,2024,3,2024-03-01,Before congestion pricing,Weekday,Midday (10-15),57.28,229.1,81,72,3,1
22901_40.677327_-73.979841_SB,22901,40.677327,-73.979841,Brooklyn,5 AVENUE,De Graw Street,Berkeley Place,SB,2024,3,2024-03-01,Before congestion pricing,Weekend,Midday (10-15),47.44,189.8,67,48,2,1
22901_40.677327_-73.979841_SB,22901,40.677327,-73.979841,Brooklyn,5 AVENUE,De Graw Street,Berkeley Place,SB,2024,3,2024-03-01,Before congestion pricing,Weekday,Overnight (00-05),11.62,46.5,32,72,3,1
22901_40.677327_-73.979841_SB,22901,40.677327,-73.979841,Brooklyn,5 AVENUE,De Graw Street,Berkeley Place,SB,2024,3,2024-03-01,Before congestion pricing,Weekend,Overnight (00-05),18.06,72.2,41,48,2,1
22901_40.677327_-73.979841_SB,22901,40.677327,-73.979841,Brooklyn,5 AVENUE,De Graw Street,Berkeley Place,SB,2024,3,2024-03-01,Before congestion pricing,Weekday,PM peak (16-19),61.96,247.8,78,48,3,1
22901_40.677327_-73.979841_SB,22901,40.677327,-73.979841,Brooklyn,5 AVENUE,De Graw Street,Berkeley Place,SB,2024,3,2024-03-01,Before congestion pricing,Weekend,PM peak (16-19),52.38,209.5,65,32,2,1
74151_40.724117_-73.894396_SB,74151,40.724117,-73.894396,Queens,69 STREET,58 Avenue,58 Road,SB,2024,3,2024-03-01,Before congestion pricing,Weekday,AM peak (06-09),104.12,416.5,139,16,1,1
74151_40.724117_-73.894396_SB,74151,40.724117,-73.894396,Queens,69 STREET,58 Avenue,58 Road,SB,2024,3,2024-03-01,Before congestion pricing,Weekend,AM peak (06-09),61.09,244.4,111,32,2,1
74151_40.724117_-73.894396_SB,74151,40.724117,-73.894396,Queens,69 STREET,58 Avenue,58 Road,SB,2024,3,2024-03-01,Before congestion pricing,Weekday,Evening (20-23),63.69,254.8,98,16,1,1
74151_40.724117_-73.894396_SB,74151,40.724117,-73.894396,Queens,69 STREET,58 Avenue,58 Road,SB,2024,3,2024-03-01,Before congestion pricing,Weekend,Evening (20-23),79.06,316.2,108,32,2,1
74151_40.724117_-73.894396_SB,74151,40.724117,-73.894396,Queens,69 STREET,58 Avenue,58 Road,SB,2024,3,2024-03-01,Before congestion pricing,Weekday,Midday (10-15),139.00,556.0,161,24,1,1
74151_40.724117_-73.894396_SB,74151,40.724117,-73.894396,Queens,69 STREET,58 Avenue,58 Road,SB,2024,3,2024-03-01,Before congestion pricing,Weekend,Midday (10-15),125.12,500.5,157,48,2,1
74151_40.724117_-73.894396_SB,74151,40.724117,-73.894396,Queens,69 STREET,58 Avenue,58 Road,SB,2024,3,2024-03-01,Before congestion pricing,Weekday,Overnight (00-05),20.12,80.5,39,24,1,1
74151_40.724117_-73.894396_SB,74151,40.724117,-73.894396,Queens,69 STREET,58 Avenue,58 Road,SB,2024,3,2024-03-01,Before congestion pricing,Weekend,Overnight (00-05),27.33,109.3,55,48,2,1
74151_40.724117_-73.894396_SB,74151,40.724117,-73.894396,Queens,69 STREET,58 Avenue,58 Road,SB,2024,3,2024-03-01,Before congestion pricing,Weekday,PM peak (16-19),130.88,523.5,165,16,1,1
74151_40.724117_-73.894396_SB,74151,40.724117,-73.894396,Queens,69 STREET,58 Avenue,58 Road,SB,2024,3,2024-03-01,Before congestion pricing,Weekend,PM peak (16-19),123.38,493.5,154,32,2,1
190295_40.803485_-73.952214_SB,190295,40.803485,-73.952214,Manhattan,ADAM C POWELL BOULEVARD,Dead End,West 117 Street,SB,2024,3,2024-03-01,Before congestion pricing,Weekday,AM peak (06-09),136.88,547.5,185,16,1,1
190295_40.803485_-73.952214_NB,190295,40.803485,-73.952214,Manhattan,ADAM C POWELL BOULEVARD,Dead End,West 117 Street,NB,2024,3,2024-03-01,Before congestion pricing,Weekday,AM peak (06-09),55.00,220.0,86,16,1,1
190295_40.803485_-73.952214_SB,190295,40.803485,-73.952214,Manhattan,ADAM C POWELL BOULEVARD,Dead End,West 117 Street,SB,2024,3,2024-03-01,Before congestion pricing,Weekday,Evening (20-23),54.00,216.0,83,16,1,1
190295_40.803485_-73.952214_NB,190295,40.803485,-73.952214,Manhattan,ADAM C POWELL BOULEVARD,Dead End,West 117 Street,NB,2024,3,2024-03-01,Before congestion pricing,Weekday,Evening (20-23),67.73,270.9,117,15,1,1
190295_40.803485_-73.952214_SB,190295,40.803485,-73.952214,Manhattan,ADAM C POWELL BOULEVARD,Dead End,West 117 Street,SB,2024,3,2024-03-01,Before congestion pricing,Weekday,Midday (10-15),85.42,341.7,111,24,1,1
190295_40.803485_-73.952214_NB,190295,40.803485,-73.952214,Manhattan,ADAM C POWELL BOULEVARD,Dead End,West 117 Street,NB,2024,3,2024-03-01,Before congestion pricing,Weekday,Midday (10-15),112.83,451.3,173,24,1,1
190295_40.803485_-73.952214_SB,190295,40.803485,-73.952214,Manhattan,ADAM C POWELL BOULEVARD,Dead End,West 117 Street,SB,2024,3,2024-03-01,Before congestion pricing,Weekday,Overnight (00-05),15.83,63.3,40,24,1,1
190295_40.803485_-73.952214_NB,190295,40.803485,-73.952214,Manhattan,ADAM C POWELL BOULEVARD,Dead End,West 117 Street,NB,2024,3,2024-03-01,Before congestion pricing,Weekday,Overnight (00-05),15.00,60.0,37,23,1,1
190295_40.803485_-73.952214_SB,190295,40.803485,-73.952214,Manhattan,ADAM C POWELL BOULEVARD,Dead End,West 117 Street,SB,2024,3,2024-03-01,Before congestion pricing,Weekday,PM peak (16-19),81.44,325.8,101,16,1,1
190295_40.803485_-73.952214_NB,190295,40.803485,-73.952214,Manhattan,ADAM C POWELL BOULEVARD,Dead End,West 117 Street,NB,2024,3,2024-03-01,Before congestion pricing,Weekday,PM peak (16-19),155.06,620.2,210,16,1,1
27017_40.624929_-73.963689_WB,27017,40.624929,-73.963689,Brooklyn,AVENUE J,East 12 Street,East 13 Street,WB,2024,3,2024-03-01,Before congestion pricing,Weekday,AM peak (06-09),91.69,366.8,108,16,1,1
27017_40.624929_-73.963689_WB,27017,40.624929,-73.963689,Brooklyn,AVENUE J,East 12 Street,East 13 Street,WB,2024,3,2024-03-01,Before congestion pricing,Weekday,Evening (20-23),68.00,272.0,94,16,1,1
27017_40.624929_-73.963689_WB,27017,40.624929,-73.963689,Brooklyn,AVENUE J,East 12 Street,East 13 Street,WB,2024,3,2024-03-01,Before congestion pricing,Weekday,Midday (10-15),79.79,319.2,95,24,1,1
27017_40.624929_-73.963689_WB,27017,40.624929,-73.963689,Brooklyn,AVENUE J,East 12 Street,East 13 Street,WB,2024,3,2024-03-01,Before congestion pricing,Weekday,Overnight (00-05),20.33,81.3,47,24,1,1
27017_40.624929_-73.963689_WB,27017,40.624929,-73.963689,Brooklyn,AVENUE J,East 12 Street,East 13 Street,WB,2024,3,2024-03-01,Before congestion pricing,Weekday,PM peak (16-19),81.81,327.2,93,16,1,1
66377_40.735767_-73.926107_EB,66377,40.735767,-73.926107,Queens,BORDEN AVENUE,Long Island Expwy Et 17 E-w Eb,Long Island Expwy Et 17 E-w Eb,EB,2024,3,2024-03-01,Before congestion pricing,Weekday,AM peak (06-09),537.69,2150.8,633,32,2,1
66377_40.735767_-73.926107_EB,66377,40.735767,-73.926107,Queens,BORDEN AVENUE,Long Island Expwy Et 17 E-w Eb,Long Island Expwy Et 17 E-w Eb,EB,2024,3,2024-03-01,Before congestion pricing,Weekend,AM peak (06-09),423.66,1694.6,508,32,2,1
66377_40.735767_-73.926107_EB,66377,40.735767,-73.926107,Queens,BORDEN AVENUE,Long Island Expwy Et 17 E-w Eb,Long Island Expwy Et 17 E-w Eb,EB,2024,3,2024-03-01,Before congestion pricing,Weekday,Evening (20-23),589.31,2357.2,710,32,2,1
66377_40.735767_-73.926107_EB,66377,40.735767,-73.926107,Queens,BORDEN AVENUE,Long Island Expwy Et 17 E-w Eb,Long Island Expwy Et 17 E-w Eb,EB,2024,3,2024-03-01,Before congestion pricing,Weekend,Evening (20-23),642.59,2570.4,756,32,2,1
66377_40.735767_-73.926107_EB,66377,40.735767,-73.926107,Queens,BORDEN AVENUE,Long Island Expwy Et 17 E-w Eb,Long Island Expwy Et 17 E-w Eb,EB,2024,3,2024-03-01,Before congestion pricing,Weekday,Midday (10-15),723.06,2892.2,882,48,2,1
66377_40.735767_-73.926107_EB,66377,40.735767,-73.926107,Queens,BORDEN AVENUE,Long Island Expwy Et 17 E-w Eb,Long Island Expwy Et 17 E-w Eb,EB,2024,3,2024-03-01,Before congestion pricing,Weekend,Midday (10-15),668.27,2673.1,865,48,2,1
66377_40.735767_-73.926107_EB,66377,40.735767,-73.926107,Queens,BORDEN AVENUE,Long Island Expwy Et 17 E-w Eb,Long Island Expwy Et 17 E-w Eb,EB,2024,3,2024-03-01,Before congestion pricing,Weekday,Overnight (00-05),283.17,1132.7,547,48,2,1
66377_40.735767_-73.926107_EB,66377,40.735767,-73.926107,Queens,BORDEN AVENUE,Long Island Expwy Et 17 E-w Eb,Long Island Expwy Et 17 E-w Eb,EB,2024,3,2024-03-01,Before congestion pricing,Weekend,Overnight (00-05),446.65,1786.6,826,48,2,1
66377_40.735767_-73.926107_EB,66377,40.735767,-73.926107,Queens,BORDEN AVENUE,Long Island Expwy Et 17 E-w Eb,Long Island Expwy Et 17 E-w Eb,EB,2024,3,2024-03-01,Before congestion pricing,Weekday,PM peak (16-19),762.41,3049.6,873,32,2,1
66377_40.735767_-73.926107_EB,66377,40.735767,-73.926107,Queens,BORDEN AVENUE,Long Island Expwy Et 17 E-w Eb,Long Island Expwy Et 17 E-w Eb,EB,2024,3,2024-03-01,Before congestion pricing,Weekend,PM peak (16-19),759.22,3036.9,839,32,2,1
146686_40.890287_-73.819624_SB,146686,40.890287,-73.819624,Bronx,BOSTON ROAD,Dead End,Dead end,SB,2024,3,2024-03-01,Before congestion pricing,Weekday,AM peak (06-09),147.20,588.8,275,146,10,1
146686_40.890287_-73.819624_SB,146686,40.890287,-73.819624,Bronx,BOSTON ROAD,Dead End,Dead end,SB,2024,3,2024-03-01,Before congestion pricing,Weekend,AM peak (06-09),82.68,330.7,177,60,4,1
146686_40.890287_-73.819624_SB,146686,40.890287,-73.819624,Bronx,BOSTON ROAD,Dead End,Dead end,SB,2024,3,2024-03-01,Before congestion pricing,Weekday,Evening (20-23),88.74,354.9,175,144,9,1
146686_40.890287_-73.819624_SB,146686,40.890287,-73.819624,Bronx,BOSTON ROAD,Dead End,Dead end,SB,2024,3,2024-03-01,Before congestion pricing,Weekend,Evening (20-23),86.42,345.7,167,64,4,1
146686_40.890287_-73.819624_SB,146686,40.890287,-73.819624,Bronx,BOSTON ROAD,Dead End,Dead end,SB,2024,3,2024-03-01,Before congestion pricing,Weekday,Midday (10-15),172.28,689.1,259,216,9,1
146686_40.890287_-73.819624_SB,146686,40.890287,-73.819624,Bronx,BOSTON ROAD,Dead End,Dead end,SB,2024,3,2024-03-01,Before congestion pricing,Weekend,Midday (10-15),178.07,712.3,244,96,4,1
146686_40.890287_-73.819624_SB,146686,40.890287,-73.819624,Bronx,BOSTON ROAD,Dead End,Dead end,SB,2024,3,2024-03-01,Before congestion pricing,Weekday,Overnight (00-05),24.26,97.0,82,240,10,1
146686_40.890287_-73.819624_SB,146686,40.890287,-73.819624,Bronx,BOSTON ROAD,Dead End,Dead end,SB,2024,3,2024-03-01,Before congestion pricing,Weekend,Overnight (00-05),21.68,86.7,68,72,3,1
146686_40.890287_-73.819624_SB,146686,40.890287,-73.819624,Bronx,BOSTON ROAD,Dead End,Dead end,SB,2024,3,2024-03-01,Before congestion pricing,Weekday,PM peak (16-19),170.75,683.0,231,144,9,1
146686_40.890287_-73.819624_SB,146686,40.890287,-73.819624,Bronx,BOSTON ROAD,Dead End,Dead end,SB,2024,3,2024-03-01,Before congestion pricing,Weekend,PM peak (16-19),173.30,693.2,253,64,4,1
66035_40.724559_-73.936921_WB,66035,40.724559,-73.936921,Brooklyn,BROOKLYN QUEENS EXPWY ET 34 WB,Porter Avenue,Apollo Street,WB,2024,3,2024-03-01,Before congestion pricing,Weekday,AM peak (06-09),183.62,734.5,208,32,2,1
66035_40.724559_-73.936921_WB,66035,40.724559,-73.936921,Brooklyn,BROOKLYN QUEENS EXPWY ET 34 WB,Porter Avenue,Apollo Street,WB,2024,3,2024-03-01,Before congestion pricing,Weekend,AM peak (06-09),152.97,611.9,233,32,2,1
66035_40.724559_-73.936921_WB,66035,40.724559,-73.936921,Brooklyn,BROOKLYN QUEENS EXPWY ET 34 WB,Porter Avenue,Apollo Street,WB,2024,3,2024-03-01,Before congestion pricing,Weekday,Evening (20-23),154.50,618.0,199,32,2,1
66035_40.724559_-73.936921_WB,66035,40.724559,-73.936921,Brooklyn,BROOKLYN QUEENS EXPWY ET 34 WB,Porter Avenue,Apollo Street,WB,2024,3,2024-03-01,Before congestion pricing,Weekend,Evening (20-23),216.72,866.9,268,32,2,1
66035_40.724559_-73.936921_WB,66035,40.724559,-73.936921,Brooklyn,BROOKLYN QUEENS EXPWY ET 34 WB,Porter Avenue,Apollo Street,WB,2024,3,2024-03-01,Before congestion pricing,Weekday,Midday (10-15),193.90,775.6,244,48,2,1
66035_40.724559_-73.936921_WB,66035,40.724559,-73.936921,Brooklyn,BROOKLYN QUEENS EXPWY ET 34 WB,Porter Avenue,Apollo Street,WB,2024,3,2024-03-01,Before congestion pricing,Weekend,Midday (10-15),227.50,910.0,261,48,2,1
66035_40.724559_-73.936921_WB,66035,40.724559,-73.936921,Brooklyn,BROOKLYN QUEENS EXPWY ET 34 WB,Porter Avenue,Apollo Street,WB,2024,3,2024-03-01,Before congestion pricing,Weekday,Overnight (00-05),86.27,345.1,199,48,2,1
66035_40.724559_-73.936921_WB,66035,40.724559,-73.936921,Brooklyn,BROOKLYN QUEENS EXPWY ET 34 WB,Porter Avenue,Apollo Street,WB,2024,3,2024-03-01,Before congestion pricing,Weekend,Overnight (00-05),142.31,569.2,252,48,2,1
66035_40.724559_-73.936921_WB,66035,40.724559,-73.936921,Brooklyn,BROOKLYN QUEENS EXPWY ET 34 WB,Porter Avenue,Apollo Street,WB,2024,3,2024-03-01,Before congestion pricing,Weekday,PM peak (16-19),228.69,914.8,264,32,2,1
66035_40.724559_-73.936921_WB,66035,40.724559,-73.936921,Brooklyn,BROOKLYN QUEENS EXPWY ET 34 WB,Porter Avenue,Apollo Street,WB,2024,3,2024-03-01,Before congestion pricing,Weekend,PM peak (16-19),241.59,966.4,277,32,2,1
250523_40.648810_-73.969896_WB,250523,40.648810,-73.969896,Brooklyn,CATON AVENUE,Bike Path,Stratford Road,WB,2024,3,2024-03-01,Before congestion pricing,Weekday,AM peak (06-09),76.53,306.1,118,80,5,1
250523_40.648810_-73.969896_WB,250523,40.648810,-73.969896,Brooklyn,CATON AVENUE,Bike Path,Stratford Road,WB,2024,3,2024-03-01,Before congestion pricing,Weekend,AM peak (06-09),37.78,151.1,55,32,2,1
250523_40.648810_-73.969896_WB,250523,40.648810,-73.969896,Brooklyn,CATON AVENUE,Bike Path,Stratford Road,WB,2024,3,2024-03-01,Before congestion pricing,Weekday,Evening (20-23),36.83,147.3,57,80,5,1
250523_40.648810_-73.969896_WB,250523,40.648810,-73.969896,Brooklyn,CATON AVENUE,Bike Path,Stratford Road,WB,2024,3,2024-03-01,Before congestion pricing,Weekend,Evening (20-23),44.25,177.0,67,32,2,1
250523_40.648810_-73.969896_WB,250523,40.648810,-73.969896,Brooklyn,CATON AVENUE,Bike Path,Stratford Road,WB,2024,3,2024-03-01,Before congestion pricing,Weekday,Midday (10-15),59.27,237.1,80,120,5,1
250523_40.648810_-73.969896_WB,250523,40.648810,-73.969896,Brooklyn,CATON AVENUE,Bike Path,Stratford Road,WB,2024,3,2024-03-01,Before congestion pricing,Weekend,Midday (10-15),66.92,267.7,87,48,2,1
250523_40.648810_-73.969896_WB,250523,40.648810,-73.969896,Brooklyn,CATON AVENUE,Bike Path,Stratford Road,WB,2024,3,2024-03-01,Before congestion pricing,Weekday,Overnight (00-05),16.07,64.3,53,120,5,1
250523_40.648810_-73.969896_WB,250523,40.648810,-73.969896,Brooklyn,CATON AVENUE,Bike Path,Stratford Road,WB,2024,3,2024-03-01,Before congestion pricing,Weekend,Overnight (00-05),19.06,76.2,42,48,2,1
250523_40.648810_-73.969896_WB,250523,40.648810,-73.969896,Brooklyn,CATON AVENUE,Bike Path,Stratford Road,WB,2024,3,2024-03-01,Before congestion pricing,Weekday,PM peak (16-19),65.55,262.2,104,80,5,1
250523_40.648810_-73.969896_WB,250523,40.648810,-73.969896,Brooklyn,CATON AVENUE,Bike Path,Stratford Road,WB,2024,3,2024-03-01,Before congestion pricing,Weekend,PM peak (16-19),66.50,266.0,85,32,2,1
166137_40.797480_-73.950651_EB,166137,40.797480,-73.950651,Manhattan,CENTRAL PARK NORTH,Frawley Circle,Central Park Lenox Avenue Appr,EB,2024,3,2024-03-01,Before congestion pricing,Weekday,AM peak (06-09),68.38,273.5,83,16,1,1
166137_40.797480_-73.950651_WB,166137,40.797480,-73.950651,Manhattan,CENTRAL PARK NORTH,Frawley Circle,Central Park Lenox Avenue Appr,WB,2024,3,2024-03-01,Before congestion pricing,Weekday,AM peak (06-09),27.25,109.0,42,16,1,1
166137_40.797480_-73.950651_EB,166137,40.797480,-73.950651,Manhattan,CENTRAL PARK NORTH,Frawley Circle,Central Park Lenox Avenue Appr,EB,2024,3,2024-03-01,Before congestion pricing,Weekday,Evening (20-23),36.50,146.0,49,16,1,1
166137_40.797480_-73.950651_WB,166137,40.797480,-73.950651,Manhattan,CENTRAL PARK NORTH,Frawley Circle,Central Park Lenox Avenue Appr,WB,2024,3,2024-03-01,Before congestion pricing,Weekday,Evening (20-23),23.38,93.5,36,16,1,1
166137_40.797480_-73.950651_EB,166137,40.797480,-73.950651,Manhattan,CENTRAL PARK NORTH,Frawley Circle,Central Park Lenox Avenue Appr,EB,2024,3,2024-03-01,Before congestion pricing,Weekday,Midday (10-15),49.50,198.0,65,24,1,1
166137_40.797480_-73.950651_WB,166137,40.797480,-73.950651,Manhattan,CENTRAL PARK NORTH,Frawley Circle,Central Park Lenox Avenue Appr,WB,2024,3,2024-03-01,Before congestion pricing,Weekday,Midday (10-15),43.25,173.0,65,24,1,1
166137_40.797480_-73.950651_EB,166137,40.797480,-73.950651,Manhattan,CENTRAL PARK NORTH,Frawley Circle,Central Park Lenox Avenue Appr,EB,2024,3,2024-03-01,Before congestion pricing,Weekday,Overnight (00-05),9.75,39.0,24,24,1,1
166137_40.797480_-73.950651_WB,166137,40.797480,-73.950651,Manhattan,CENTRAL PARK NORTH,Frawley Circle,Central Park Lenox Avenue Appr,WB,2024,3,2024-03-01,Before congestion pricing,Weekday,Overnight (00-05),6.04,24.2,14,24,1,1
166137_40.797480_-73.950651_EB,166137,40.797480,-73.950651,Manhattan,CENTRAL PARK NORTH,Frawley Circle,Central Park Lenox Avenue Appr,EB,2024,3,2024-03-01,Before congestion pricing,Weekday,PM peak (16-19),57.12,228.5,67,16,1,1
166137_40.797480_-73.950651_WB,166137,40.797480,-73.950651,Manhattan,CENTRAL PARK NORTH,Frawley Circle,Central Park Lenox Avenue Appr,WB,2024,3,2024-03-01,Before congestion pricing,Weekday,PM peak (16-19),52.44,209.8,71,16,1,1
45387_40.697710_-73.908136_NB,45387,40.697710,-73.908136,Brooklyn,CORNELIA STREET,14 Street/canarsie Line,Dead End,NB,2024,3,2024-03-01,Before congestion pricing,Weekday,AM peak (06-09),21.39,85.6,57,146,10,1
45387_40.697710_-73.908136_NB,45387,40.697710,-73.908136,Brooklyn,CORNELIA STREET,14 Street/canarsie Line,Dead End,NB,2024,3,2024-03-01,Before congestion pricing,Weekend,AM peak (06-09),11.09,44.4,33,64,4,1
45387_40.697710_-73.908136_NB,45387,40.697710,-73.908136,Brooklyn,CORNELIA STREET,14 Street/canarsie Line,Dead End,NB,2024,3,2024-03-01,Before congestion pricing,Weekday,Evening (20-23),17.97,71.9,40,160,10,1
45387_40.697710_-73.908136_NB,45387,40.697710,-73.908136,Brooklyn,CORNELIA STREET,14 Street/canarsie Line,Dead End,NB,2024,3,2024-03-01,Before congestion pricing,Weekend,Evening (20-23),21.84,87.4,40,64,4,1
45387_40.697710_-73.908136_NB,45387,40.697710,-73.908136,Brooklyn,CORNELIA STREET,14 Street/canarsie Line,Dead End,NB,2024,3,2024-03-01,Before congestion pricing,Weekday,Midday (10-15),26.52,106.1,53,240,10,1
45387_40.697710_-73.908136_NB,45387,40.697710,-73.908136,Brooklyn,CORNELIA STREET,14 Street/canarsie Line,Dead End,NB,2024,3,2024-03-01,Before congestion pricing,Weekend,Midday (10-15),30.16,120.6,49,96,4,1
45387_40.697710_-73.908136_NB,45387,40.697710,-73.908136,Brooklyn,CORNELIA STREET,14 Street/canarsie Line,Dead End,NB,2024,3,2024-03-01,Before congestion pricing,Weekday,Overnight (00-05),4.30,17.2,15,216,9,1
45387_40.697710_-73.908136_NB,45387,40.697710,-73.908136,Brooklyn,CORNELIA STREET,14 Street/canarsie Line,Dead End,NB,2024,3,2024-03-01,Before congestion pricing,Weekend,Overnight (00-05),7.17,28.7,22,96,4,1
45387_40.697710_-73.908136_NB,45387,40.697710,-73.908136,Brooklyn,CORNELIA STREET,14 Street/canarsie Line,Dead End,NB,2024,3,2024-03-01,Before congestion pricing,Weekday,PM peak (16-19),31.84,127.4,61,160,10,1
45387_40.697710_-73.908136_NB,45387,40.697710,-73.908136,Brooklyn,CORNELIA STREET,14 Street/canarsie Line,Dead End,NB,2024,3,2024-03-01,Before congestion pricing,Weekend,PM peak (16-19),29.80,119.2,43,64,4,1
158913_40.719556_-73.991809_EB,158913,40.719556,-73.991809,Manhattan,DELANCEY STREET,Forsyth Street,Eldridge Street,EB,2024,3,2024-03-01,Before congestion pricing,Weekday,AM peak (06-09),231.19,924.8,271,16,1,1
158913_40.719556_-73.991809_EB,158913,40.719556,-73.991809,Manhattan,DELANCEY STREET,Forsyth Street,Eldridge Street,EB,2024,3,2024-03-01,Before congestion pricing,Weekday,Evening (20-23),244.12,976.5,286,16,1,1
158913_40.719556_-73.991809_EB,158913,40.719556,-73.991809,Manhattan,DELANCEY STREET,Forsyth Street,Eldridge Street,EB,2024,3,2024-03-01,Before congestion pricing,Weekday,Midday (10-15),209.42,837.7,280,24,1,1
158913_40.719556_-73.991809_EB,158913,40.719556,-73.991809,Manhattan,DELANCEY STREET,Forsyth Street,Eldridge Street,EB,2024,3,2024-03-01,Before congestion pricing,Weekday,Overnight (00-05),155.54,622.2,287,24,1,1
158913_40.719556_-73.991809_EB,158913,40.719556,-73.991809,Manhattan,DELANCEY STREET,Forsyth Street,Eldridge Street,EB,2024,3,2024-03-01,Before congestion pricing,Weekday,PM peak (16-19),155.94,623.8,234,16,1,1
126531_40.557878_-74.174951_SB,126531,40.557878,-74.174951,Staten Island,DRUMGOOLE ROAD WEST,Alley,Dorval Avenue,SB,2024,3,2024-03-01,Before congestion pricing,Weekday,AM peak (06-09),31.75,127.0,52,16,1,1
126531_40.557878_-74.174951_SB,126531,40.557878,-74.174951,Staten Island,DRUMGOOLE ROAD WEST,Alley,Dorval Avenue,SB,2024,3,2024-03-01,Before congestion pricing,Weekday,Evening (20-23),22.75,91.0,52,16,1,1
126531_40.557878_-74.174951_SB,126531,40.557878,-74.174951,Staten Island,DRUMGOOLE ROAD WEST,Alley,Dorval Avenue,SB,2024,3,2024-03-01,Before congestion pricing,Weekday,Midday (10-15),57.33,229.3,82,24,1,1
126531_40.557878_-74.174951_SB,126531,40.557878,-74.174951,Staten Island,DRUMGOOLE ROAD WEST,Alley,Dorval Avenue,SB,2024,3,2024-03-01,Before congestion pricing,Weekday,Overnight (00-05),5.21,20.8,9,24,1,1
126531_40.557878_-74.174951_SB,126531,40.557878,-74.174951,Staten Island,DRUMGOOLE ROAD WEST,Alley,Dorval Avenue,SB,2024,3,2024-03-01,Before congestion pricing,Weekday,PM peak (16-19),74.75,299.0,96,16,1,1
32807_40.734732_-73.990529_WB,32807,40.734732,-73.990529,Manhattan,EAST 14 STREET,14 Street/canarsie Line,14 Street/canarsie Line,WB,2024,3,2024-03-01,Before congestion pricing,Weekday,AM peak (06-09),14.19,56.8,20,16,1,1
32807_40.734732_-73.990529_WB,32807,40.734732,-73.990529,Manhattan,EAST 14 STREET,14 Street/canarsie Line,14 Street/canarsie Line,WB,2024,3,2024-03-01,Before congestion pricing,Weekday,Evening (20-23),14.56,58.2,25,16,1,1
32807_40.734732_-73.990529_WB,32807,40.734732,-73.990529,Manhattan,EAST 14 STREET,14 Street/canarsie Line,14 Street/canarsie Line,WB,2024,3,2024-03-01,Before congestion pricing,Weekday,Midday (10-15),14.04,56.2,20,24,1,1
32807_40.734732_-73.990529_WB,32807,40.734732,-73.990529,Manhattan,EAST 14 STREET,14 Street/canarsie Line,14 Street/canarsie Line,WB,2024,3,2024-03-01,Before congestion pricing,Weekday,Overnight (00-05),9.21,36.8,16,24,1,1
32807_40.734732_-73.990529_WB,32807,40.734732,-73.990529,Manhattan,EAST 14 STREET,14 Street/canarsie Line,14 Street/canarsie Line,WB,2024,3,2024-03-01,Before congestion pricing,Weekday,PM peak (16-19),13.69,54.8,17,16,1,1
146575_40.887684_-73.823935_NB,146575,40.887684,-73.823935,Bronx,EASTCHESTER BRIDGE,Boston Road,Dead end,NB,2024,3,2024-03-01,Before congestion pricing,Weekday,AM peak (06-09),114.36,457.4,152,14,1,1
146575_40.887684_-73.823935_NB,146575,40.887684,-73.823935,Bronx,EASTCHESTER BRIDGE,Boston Road,Dead end,NB,2024,3,2024-03-01,Before congestion pricing,Weekend,AM peak (06-09),86.14,344.6,162,28,2,1
146575_40.887684_-73.823935_NB,146575,40.887684,-73.823935,Bronx,EASTCHESTER BRIDGE,Boston Road,Dead end,NB,2024,3,2024-03-01,Before congestion pricing,Weekend,Evening (20-23),65.56,262.2,125,32,2,1
146575_40.887684_-73.823935_NB,146575,40.887684,-73.823935,Bronx,EASTCHESTER BRIDGE,Boston Road,Dead end,NB,2024,3,2024-03-01,Before congestion pricing,Weekend,Midday (10-15),180.08,720.3,222,48,2,1
146575_40.887684_-73.823935_NB,146575,40.887684,-73.823935,Bronx,EASTCHESTER BRIDGE,Boston Road,Dead end,NB,2024,3,2024-03-01,Before congestion pricing,Weekday,Overnight (00-05),17.75,71.0,56,24,1,1
146575_40.887684_-73.823935_NB,146575,40.887684,-73.823935,Bronx,EASTCHESTER BRIDGE,Boston Road,Dead end,NB,2024,3,2024-03-01,Before congestion pricing,Weekend,Overnight (00-05),21.46,85.8,48,24,1,1
146575_40.887684_-73.823935_NB,146575,40.887684,-73.823935,Bronx,EASTCHESTER BRIDGE,Boston Road,Dead end,NB,2024,3,2024-03-01,Before congestion pricing,Weekend,PM peak (16-19),161.19,644.8,233,32,2,1
223574_40.669134_-73.873649_SB,223574,40.669134,-73.873649,Brooklyn,FOUNTAIN AVENUE,Pedestrian Path,Dead end,SB,2024,3,2024-03-01,Before congestion pricing,Weekday,AM peak (06-09),72.38,289.5,95,16,1,1
223574_40.669134_-73.873649_NB,223574,40.669134,-73.873649,Brooklyn,FOUNTAIN AVENUE,Pedestrian Path,Dead end,NB,2024,3,2024-03-01,Before congestion pricing,Weekday,AM peak (06-09),60.31,241.2,79,16,1,1
223574_40.669134_-73.873649_SB,223574,40.669134,-73.873649,Brooklyn,FOUNTAIN AVENUE,Pedestrian Path,Dead end,SB,2024,3,2024-03-01,Before congestion pricing,Weekday,Evening (20-23),50.06,200.2,69,16,1,1
223574_40.669134_-73.873649_NB,223574,40.669134,-73.873649,Brooklyn,FOUNTAIN AVENUE,Pedestrian Path,Dead end,NB,2024,3,2024-03-01,Before congestion pricing,Weekday,Evening (20-23),55.06,220.2,82,16,1,1
223574_40.669134_-73.873649_SB,223574,40.669134,-73.873649,Brooklyn,FOUNTAIN AVENUE,Pedestrian Path,Dead end,SB,2024,3,2024-03-01,Before congestion pricing,Weekday,Midday (10-15),79.58,318.3,115,24,1,1
223574_40.669134_-73.873649_NB,223574,40.669134,-73.873649,Brooklyn,FOUNTAIN AVENUE,Pedestrian Path,Dead end,NB,2024,3,2024-03-01,Before congestion pricing,Weekday,Midday (10-15),72.75,291.0,96,24,1,1
223574_40.669134_-73.873649_SB,223574,40.669134,-73.873649,Brooklyn,FOUNTAIN AVENUE,Pedestrian Path,Dead end,SB,2024,3,2024-03-01,Before congestion pricing,Weekday,Overnight (00-05),18.54,74.2,45,24,1,1
223574_40.669134_-73.873649_NB,223574,40.669134,-73.873649,Brooklyn,FOUNTAIN AVENUE,Pedestrian Path,Dead end,NB,2024,3,2024-03-01,Before congestion pricing,Weekday,Overnight (00-05),18.12,72.5,40,24,1,1
223574_40.669134_-73.873649_NB,223574,40.669134,-73.873649,Brooklyn,FOUNTAIN AVENUE,Pedestrian Path,Dead end,NB,2024,3,2024-03-01,Before congestion pricing,Weekday,PM peak (16-19),81.69,326.8,104,16,1,1
223574_40.669134_-73.873649_SB,223574,40.669134,-73.873649,Brooklyn,FOUNTAIN AVENUE,Pedestrian Path,Dead end,SB,2024,3,2024-03-01,Before congestion pricing,Weekday,PM peak (16-19),84.19,336.8,114,16,1,1
152800_40.568642_-74.092181_NB,152800,40.568642,-74.092181,Staten Island,FR CAPODANNO BOULEVARD,Dead End,Bike Path,NB,2024,3,2024-03-01,Before congestion pricing,Weekday,AM peak (06-09),69.75,279.0,108,16,1,1
152800_40.568642_-74.092181_NB,152800,40.568642,-74.092181,Staten Island,FR CAPODANNO BOULEVARD,Dead End,Bike Path,NB,2024,3,2024-03-01,Before congestion pricing,Weekend,AM peak (06-09),23.03,92.1,39,32,2,1
152800_40.568642_-74.092181_NB,152800,40.568642,-74.092181,Staten Island,FR CAPODANNO BOULEVARD,Dead End,Bike Path,NB,2024,3,2024-03-01,Before congestion pricing,Weekday,Evening (20-23),8.50,34.0,16,16,1,1
152800_40.568642_-74.092181_NB,152800,40.568642,-74.092181,Staten Island,FR CAPODANNO BOULEVARD,Dead End,Bike Path,NB,2024,3,2024-03-01,Before congestion pricing,Weekend,Evening (20-23),11.44,45.8,19,32,2,1
152800_40.568642_-74.092181_NB,152800,40.568642,-74.092181,Staten Island,FR CAPODANNO BOULEVARD,Dead End,Bike Path,NB,2024,3,2024-03-01,Before congestion pricing,Weekday,Midday (10-15),35.33,141.3,44,24,1,1
152800_40.568642_-74.092181_NB,152800,40.568642,-74.092181,Staten Island,FR CAPODANNO BOULEVARD,Dead End,Bike Path,NB,2024,3,2024-03-01,Before congestion pricing,Weekend,Midday (10-15),32.29,129.2,44,48,2,1
152800_40.568642_-74.092181_NB,152800,40.568642,-74.092181,Staten Island,FR CAPODANNO BOULEVARD,Dead End,Bike Path,NB,2024,3,2024-03-01,Before congestion pricing,Weekday,Overnight (00-05),4.79,19.2,24,24,1,1
152800_40.568642_-74.092181_NB,152800,40.568642,-74.092181,Staten Island,FR CAPODANNO BOULEVARD,Dead End,Bike Path,NB,2024,3,2024-03-01,Before congestion pricing,Weekend,Overnight (00-05),2.90,11.6,10,48,2,1
152800_40.568642_-74.092181_NB,152800,40.568642,-74.092181,Staten Island,FR CAPODANNO BOULEVARD,Dead End,Bike Path,NB,2024,3,2024-03-01,Before congestion pricing,Weekday,PM peak (16-19),26.75,107.0,40,16,1,1
152800_40.568642_-74.092181_NB,152800,40.568642,-74.092181,Staten Island,FR CAPODANNO BOULEVARD,Dead End,Bike Path,NB,2024,3,2024-03-01,Before congestion pricing,Weekend,PM peak (16-19),23.97,95.9,41,32,2,1
9012150_40.734042_-73.844314_SB,9012150,40.734042,-73.844314,Queens,GRAND CENTRAL PARKWAY,64 Avenue Pedestrian Overpass,Dead end,SB,2024,3,2024-03-01,Before congestion pricing,Weekday,AM peak (06-09),1311.72,5246.9,1541,80,3,1
9012150_40.734042_-73.844314_SB,9012150,40.734042,-73.844314,Queens,GRAND CENTRAL PARKWAY,64 Avenue Pedestrian Overpass,Dead end,SB,2024,3,2024-03-01,Before congestion pricing,Weekday,Evening (20-23),1160.19,4640.8,1602,80,3,1
9012150_40.734042_-73.844314_SB,9012150,40.734042,-73.844314,Queens,GRAND CENTRAL PARKWAY,64 Avenue Pedestrian Overpass,Dead end,SB,2024,3,2024-03-01,Before congestion pricing,Weekday,Midday (10-15),1281.66,5126.7,1650,119,3,1
9012150_40.734042_-73.844314_SB,9012150,40.734042,-73.844314,Queens,GRAND CENTRAL PARKWAY,64 Avenue Pedestrian Overpass,Dead end,SB,2024,3,2024-03-01,Before congestion pricing,Weekday,Overnight (00-05),494.99,1980.0,997,117,3,1
9012150_40.734042_-73.844314_SB,9012150,40.734042,-73.844314,Queens,GRAND CENTRAL PARKWAY,64 Avenue Pedestrian Overpass,Dead end,SB,2024,3,2024-03-01,Before congestion pricing,Weekday,PM peak (16-19),1288.46,5153.8,1580,79,3,1
9012153_40.733777_-73.843941_NB,9012153,40.733777,-73.843941,Queens,GRAND CENTRAL PARKWAY,Dead End,Dead end,NB,2024,3,2024-03-01,Before congestion pricing,Weekday,AM peak (06-09),1580.21,6320.9,1872,80,3,1
9012153_40.733777_-73.843941_NB,9012153,40.733777,-73.843941,Queens,GRAND CENTRAL PARKWAY,Dead End,Dead end,NB,2024,3,2024-03-01,Before congestion pricing,Weekday,Evening (20-23),762.09,3048.3,1318,80,3,1
9012153_40.733777_-73.843941_NB,9012153,40.733777,-73.843941,Queens,GRAND CENTRAL PARKWAY,Dead End,Dead end,NB,2024,3,2024-03-01,Before congestion pricing,Weekday,Midday (10-15),1367.85,5471.4,1879,120,3,1
9012153_40.733777_-73.843941_NB,9012153,40.733777,-73.843941,Queens,GRAND CENTRAL PARKWAY,Dead End,Dead end,NB,2024,3,2024-03-01,Before congestion pricing,Weekday,Overnight (00-05),408.98,1635.9,2187,120,3,1
9012153_40.733777_-73.843941_NB,9012153,40.733777,-73.843941,Queens,GRAND CENTRAL PARKWAY,Dead End,Dead end,NB,2024,3,2024-03-01,Before congestion pricing,Weekday,PM peak (16-19),1297.66,5190.6,1622,80,3,1
30993_40.713471_-73.954701_SB,30993,40.713471,-73.954701,Brooklyn,MARCY AVENUE,Bqe Wb Entrance Metropolitan Ave,Metropolitan Avenue,SB,2024,3,2024-03-01,Before congestion pricing,Weekday,AM peak (06-09),191.69,766.8,244,16,1,1
30993_40.713471_-73.954701_SB,30993,40.713471,-73.954701,Brooklyn,MARCY AVENUE,Bqe Wb Entrance Metropolitan Ave,Metropolitan Avenue,SB,2024,3,2024-03-01,Before congestion pricing,Weekend,AM peak (06-09),122.22,488.9,220,32,2,1
30993_40.713471_-73.954701_SB,30993,40.713471,-73.954701,Brooklyn,MARCY AVENUE,Bqe Wb Entrance Metropolitan Ave,Metropolitan Avenue,SB,2024,3,2024-03-01,Before congestion pricing,Weekday,Evening (20-23),151.25,605.0,181,16,1,1
30993_40.713471_-73.954701_SB,30993,40.713471,-73.954701,Brooklyn,MARCY AVENUE,Bqe Wb Entrance Metropolitan Ave,Metropolitan Avenue,SB,2024,3,2024-03-01,Before congestion pricing,Weekend,Evening (20-23),201.81,807.2,266,32,2,1
30993_40.713471_-73.954701_SB,30993,40.713471,-73.954701,Brooklyn,MARCY AVENUE,Bqe Wb Entrance Metropolitan Ave,Metropolitan Avenue,SB,2024,3,2024-03-01,Before congestion pricing,Weekday,Midday (10-15),182.42,729.7,201,24,1,1
30993_40.713471_-73.954701_SB,30993,40.713471,-73.954701,Brooklyn,MARCY AVENUE,Bqe Wb Entrance Metropolitan Ave,Metropolitan Avenue,SB,2024,3,2024-03-01,Before congestion pricing,Weekend,Midday (10-15),215.15,860.6,251,48,2,1
30993_40.713471_-73.954701_SB,30993,40.713471,-73.954701,Brooklyn,MARCY AVENUE,Bqe Wb Entrance Metropolitan Ave,Metropolitan Avenue,SB,2024,3,2024-03-01,Before congestion pricing,Weekday,Overnight (00-05),56.79,227.2,107,24,1,1
30993_40.713471_-73.954701_SB,30993,40.713471,-73.954701,Brooklyn,MARCY AVENUE,Bqe Wb Entrance Metropolitan Ave,Metropolitan Avenue,SB,2024,3,2024-03-01,Before congestion pricing,Weekend,Overnight (00-05),154.52,618.1,309,48,2,1
30993_40.713471_-73.954701_SB,30993,40.713471,-73.954701,Brooklyn,MARCY AVENUE,Bqe Wb Entrance Metropolitan Ave,Metropolitan Avenue,SB,2024,3,2024-03-01,Before congestion pricing,Weekday,PM peak (16-19),195.44,781.8,234,16,1,1
30993_40.713471_-73.954701_SB,30993,40.713471,-73.954701,Brooklyn,MARCY AVENUE,Bqe Wb Entrance Metropolitan Ave,Metropolitan Avenue,SB,2024,3,2024-03-01,Before congestion pricing,Weekend,PM peak (16-19),231.97,927.9,285,32,2,1
9008995_40.708510_-74.002898_WB,9008995,40.708510,-74.002898,Manhattan,PEARL STREET,Beekman Street,Dead end,WB,2024,3,2024-03-01,Before congestion pricing,Weekday,AM peak (06-09),98.48,393.9,175,64,4,1
9008995_40.708510_-74.002898_EB,9008995,40.708510,-74.002898,Manhattan,PEARL STREET,Beekman Street,Dead end,EB,2024,3,2024-03-01,Before congestion pricing,Weekday,AM peak (06-09),77.92,311.7,140,64,4,1
9008995_40.708510_-74.002898_WB,9008995,40.708510,-74.002898,Manhattan,PEARL STREET,Beekman Street,Dead end,WB,2024,3,2024-03-01,Before congestion pricing,Weekday,Evening (20-23),132.33,529.3,176,64,4,1
9008995_40.708510_-74.002898_EB,9008995,40.708510,-74.002898,Manhattan,PEARL STREET,Beekman Street,Dead end,EB,2024,3,2024-03-01,Before congestion pricing,Weekday,Evening (20-23),133.42,533.7,169,64,4,1
9008995_40.708510_-74.002898_WB,9008995,40.708510,-74.002898,Manhattan,PEARL STREET,Beekman Street,Dead end,WB,2024,3,2024-03-01,Before congestion pricing,Weekday,Midday (10-15),132.77,531.1,192,96,4,1
9008995_40.708510_-74.002898_EB,9008995,40.708510,-74.002898,Manhattan,PEARL STREET,Beekman Street,Dead end,EB,2024,3,2024-03-01,Before congestion pricing,Weekday,Midday (10-15),134.23,536.9,164,96,4,1
9008995_40.708510_-74.002898_EB,9008995,40.708510,-74.002898,Manhattan,PEARL STREET,Beekman Street,Dead end,EB,2024,3,2024-03-01,Before congestion pricing,Weekday,Overnight (00-05),54.40,217.6,152,96,4,1
9008995_40.708510_-74.002898_WB,9008995,40.708510,-74.002898,Manhattan,PEARL STREET,Beekman Street,Dead end,WB,2024,3,2024-03-01,Before congestion pricing,Weekday,Overnight (00-05),54.41,217.6,152,96,4,1
9008995_40.708510_-74.002898_WB,9008995,40.708510,-74.002898,Manhattan,PEARL STREET,Beekman Street,Dead end,WB,2024,3,2024-03-01,Before congestion pricing,Weekday,PM peak (16-19),129.72,518.9,157,64,4,1
9008995_40.708510_-74.002898_EB,9008995,40.708510,-74.002898,Manhattan,PEARL STREET,Beekman Street,Dead end,EB,2024,3,2024-03-01,Before congestion pricing,Weekday,PM peak (16-19),146.06,584.2,174,64,4,1
95433_40.862335_-73.815611_SB,95433,40.862335,-73.815611,Bronx,PELHAM BRIDGE,Eastchester Bay Shoreline,Dead end,SB,2024,3,2024-03-01,Before congestion pricing,Weekday,AM peak (06-09),51.43,205.7,95,7,1,1
95433_40.862335_-73.815611_SB,95433,40.862335,-73.815611,Bronx,PELHAM BRIDGE,Eastchester Bay Shoreline,Dead end,SB,2024,3,2024-03-01,Before congestion pricing,Weekend,AM peak (06-09),35.67,142.7,57,9,1,1
95433_40.862335_-73.815611_SB,95433,40.862335,-73.815611,Bronx,PELHAM BRIDGE,Eastchester Bay Shoreline,Dead end,SB,2024,3,2024-03-01,Before congestion pricing,Weekday,Evening (20-23),110.94,443.8,161,16,1,1
95433_40.862335_-73.815611_SB,95433,40.862335,-73.815611,Bronx,PELHAM BRIDGE,Eastchester Bay Shoreline,Dead end,SB,2024,3,2024-03-01,Before congestion pricing,Weekday,Midday (10-15),136.12,544.5,210,24,1,1
95433_40.862335_-73.815611_SB,95433,40.862335,-73.815611,Bronx,PELHAM BRIDGE,Eastchester Bay Shoreline,Dead end,SB,2024,3,2024-03-01,Before congestion pricing,Weekend,Overnight (00-05),15.42,61.7,48,24,1,1
95433_40.862335_-73.815611_SB,95433,40.862335,-73.815611,Bronx,PELHAM BRIDGE,Eastchester Bay Shoreline,Dead end,SB,2024,3,2024-03-01,Before congestion pricing,Weekday,PM peak (16-19),201.88,807.5,269,16,1,1
9008825_40.857273_-73.866146_EB,9008825,40.857273,-73.866146,Bronx,PELHAM PARKWAY,Dead end,White Plains Road,EB,2024,3,2024-03-01,Before congestion pricing,Weekday,AM peak (06-09),250.06,1000.2,362,80,5,1
9008825_40.857273_-73.866146_EB,9008825,40.857273,-73.866146,Bronx,PELHAM PARKWAY,Dead end,White Plains Road,EB,2024,3,2024-03-01,Before congestion pricing,Weekend,AM peak (06-09),181.50,726.0,345,32,2,1
9008825_40.857273_-73.866146_EB,9008825,40.857273,-73.866146,Bronx,PELHAM PARKWAY,Dead end,White Plains Road,EB,2024,3,2024-03-01,Before congestion pricing,Weekday,Evening (20-23),155.79,623.1,289,80,5,1
9008825_40.857273_-73.866146_EB,9008825,40.857273,-73.866146,Bronx,PELHAM PARKWAY,Dead end,White Plains Road,EB,2024,3,2024-03-01,Before congestion pricing,Weekend,Evening (20-23),125.97,503.9,210,32,2,1
9008825_40.857273_-73.866146_EB,9008825,40.857273,-73.866146,Bronx,PELHAM PARKWAY,Dead end,White Plains Road,EB,2024,3,2024-03-01,Before congestion pricing,Weekday,Midday (10-15),306.62,1226.5,356,120,5,1
9008825_40.857273_-73.866146_EB,9008825,40.857273,-73.866146,Bronx,PELHAM PARKWAY,Dead end,White Plains Road,EB,2024,3,2024-03-01,Before congestion pricing,Weekend,Midday (10-15),265.04,1060.2,346,48,2,1
9008825_40.857273_-73.866146_EB,9008825,40.857273,-73.866146,Bronx,PELHAM PARKWAY,Dead end,White Plains Road,EB,2024,3,2024-03-01,Before congestion pricing,Weekday,Overnight (00-05),38.23,152.9,140,120,5,1
9008825_40.857273_-73.866146_EB,9008825,40.857273,-73.866146,Bronx,PELHAM PARKWAY,Dead end,White Plains Road,EB,2024,3,2024-03-01,Before congestion pricing,Weekend,Overnight (00-05),41.38,165.5,116,48,2,1
9008825_40.857273_-73.866146_EB,9008825,40.857273,-73.866146,Bronx,PELHAM PARKWAY,Dead end,White Plains Road,EB,2024,3,2024-03-01,Before congestion pricing,Weekday,PM peak (16-19),278.93,1115.7,343,80,5,1
9008825_40.857273_-73.866146_EB,9008825,40.857273,-73.866146,Bronx,PELHAM PARKWAY,Dead end,White Plains Road,EB,2024,3,2024-03-01,Before congestion pricing,Weekend,PM peak (16-19),247.75,991.0,328,32,2,1
31098_40.712848_-73.953670_NB,31098,40.712848,-73.953670,Brooklyn,RODNEY STREET,Brooklyn Queens Expwy Et 32 Eb,Ainslie Street,NB,2024,3,2024-03-01,Before congestion pricing,Weekday,AM peak (06-09),171.91,687.6,216,32,2,1
31098_40.712848_-73.953670_NB,31098,40.712848,-73.953670,Brooklyn,RODNEY STREET,Brooklyn Queens Expwy Et 32 Eb,Ainslie Street,NB,2024,3,2024-03-01,Before congestion pricing,Weekend,AM peak (06-09),106.41,425.6,155,32,2,1
31098_40.712848_-73.953670_NB,31098,40.712848,-73.953670,Brooklyn,RODNEY STREET,Brooklyn Queens Expwy Et 32 Eb,Ainslie Street,NB,2024,3,2024-03-01,Before congestion pricing,Weekday,Evening (20-23),121.19,484.8,175,32,2,1
31098_40.712848_-73.953670_NB,31098,40.712848,-73.953670,Brooklyn,RODNEY STREET,Brooklyn Queens Expwy Et 32 Eb,Ainslie Street,NB,2024,3,2024-03-01,Before congestion pricing,Weekend,Evening (20-23),170.38,681.5,242,32,2,1
31098_40.712848_-73.953670_NB,31098,40.712848,-73.953670,Brooklyn,RODNEY STREET,Brooklyn Queens Expwy Et 32 Eb,Ainslie Street,NB,2024,3,2024-03-01,Before congestion pricing,Weekday,Midday (10-15),177.29,709.2,232,48,2,1
31098_40.712848_-73.953670_NB,31098,40.712848,-73.953670,Brooklyn,RODNEY STREET,Brooklyn Queens Expwy Et 32 Eb,Ainslie Street,NB,2024,3,2024-03-01,Before congestion pricing,Weekend,Midday (10-15),197.52,790.1,257,48,2,1
31098_40.712848_-73.953670_NB,31098,40.712848,-73.953670,Brooklyn,RODNEY STREET,Brooklyn Queens Expwy Et 32 Eb,Ainslie Street,NB,2024,3,2024-03-01,Before congestion pricing,Weekday,Overnight (00-05),41.85,167.4,89,48,2,1
31098_40.712848_-73.953670_NB,31098,40.712848,-73.953670,Brooklyn,RODNEY STREET,Brooklyn Queens Expwy Et 32 Eb,Ainslie Street,NB,2024,3,2024-03-01,Before congestion pricing,Weekend,Overnight (00-05),98.06,392.2,208,48,2,1
31098_40.712848_-73.953670_NB,31098,40.712848,-73.953670,Brooklyn,RODNEY STREET,Brooklyn Queens Expwy Et 32 Eb,Ainslie Street,NB,2024,3,2024-03-01,Before congestion pricing,Weekday,PM peak (16-19),215.56,862.2,271,32,2,1
31098_40.712848_-73.953670_NB,31098,40.712848,-73.953670,Brooklyn,RODNEY STREET,Brooklyn Queens Expwy Et 32 Eb,Ainslie Street,NB,2024,3,2024-03-01,Before congestion pricing,Weekend,PM peak (16-19),218.00,872.0,258,32,2,1
23752_40.712252_-73.999233_NB,23752,40.712252,-73.999233,Manhattan,ST JAMES PLACE,Madison Street,James Street,NB,2024,3,2024-03-01,Before congestion pricing,Weekday,AM peak (06-09),71.28,285.1,124,32,2,1
23752_40.712252_-73.999233_SB,23752,40.712252,-73.999233,Manhattan,ST JAMES PLACE,Madison Street,James Street,SB,2024,3,2024-03-01,Before congestion pricing,Weekday,AM peak (06-09),53.41,213.6,98,32,2,1
23752_40.712252_-73.999233_SB,23752,40.712252,-73.999233,Manhattan,ST JAMES PLACE,Madison Street,James Street,SB,2024,3,2024-03-01,Before congestion pricing,Weekday,Evening (20-23),87.75,351.0,104,32,2,1
23752_40.712252_-73.999233_NB,23752,40.712252,-73.999233,Manhattan,ST JAMES PLACE,Madison Street,James Street,NB,2024,3,2024-03-01,Before congestion pricing,Weekday,Evening (20-23),80.59,322.4,106,32,2,1
23752_40.712252_-73.999233_SB,23752,40.712252,-73.999233,Manhattan,ST JAMES PLACE,Madison Street,James Street,SB,2024,3,2024-03-01,Before congestion pricing,Weekday,Midday (10-15),76.04,304.2,101,48,2,1
23752_40.712252_-73.999233_NB,23752,40.712252,-73.999233,Manhattan,ST JAMES PLACE,Madison Street,James Street,NB,2024,3,2024-03-01,Before congestion pricing,Weekday,Midday (10-15),100.71,402.8,117,48,2,1
23752_40.712252_-73.999233_SB,23752,40.712252,-73.999233,Manhattan,ST JAMES PLACE,Madison Street,James Street,SB,2024,3,2024-03-01,Before congestion pricing,Weekday,Overnight (00-05),35.44,141.8,90,48,2,1
23752_40.712252_-73.999233_NB,23752,40.712252,-73.999233,Manhattan,ST JAMES PLACE,Madison Street,James Street,NB,2024,3,2024-03-01,Before congestion pricing,Weekday,Overnight (00-05),34.00,136.0,68,48,2,1
23752_40.712252_-73.999233_SB,23752,40.712252,-73.999233,Manhattan,ST JAMES PLACE,Madison Street,James Street,SB,2024,3,2024-03-01,Before congestion pricing,Weekday,PM peak (16-19),83.03,332.1,104,32,2,1
23752_40.712252_-73.999233_NB,23752,40.712252,-73.999233,Manhattan,ST JAMES PLACE,Madison Street,James Street,NB,2024,3,2024-03-01,Before congestion pricing,Weekday,PM peak (16-19),95.88,383.5,113,32,2,1
88574_40.855311_-73.840954_NB,88574,40.855311,-73.840954,Bronx,STILLWELL AVENUE,Mc Donald Street,Rhinelander Avenue,NB,2024,3,2024-03-01,Before congestion pricing,Weekday,AM peak (06-09),69.16,276.6,111,80,5,1
88574_40.855311_-73.840954_SB,88574,40.855311,-73.840954,Bronx,STILLWELL AVENUE,Mc Donald Street,Rhinelander Avenue,SB,2024,3,2024-03-01,Before congestion pricing,Weekday,AM peak (06-09),18.71,74.8,33,80,5,1
88574_40.855311_-73.840954_NB,88574,40.855311,-73.840954,Bronx,STILLWELL AVENUE,Mc Donald Street,Rhinelander Avenue,NB,2024,3,2024-03-01,Before congestion pricing,Weekend,AM peak (06-09),36.94,147.8,66,32,2,1
88574_40.855311_-73.840954_SB,88574,40.855311,-73.840954,Bronx,STILLWELL AVENUE,Mc Donald Street,Rhinelander Avenue,SB,2024,3,2024-03-01,Before congestion pricing,Weekend,AM peak (06-09),4.91,19.6,14,32,2,1
88574_40.855311_-73.840954_NB,88574,40.855311,-73.840954,Bronx,STILLWELL AVENUE,Mc Donald Street,Rhinelander Avenue,NB,2024,3,2024-03-01,Before congestion pricing,Weekday,Evening (20-23),34.12,136.5,75,80,5,1
88574_40.855311_-73.840954_SB,88574,40.855311,-73.840954,Bronx,STILLWELL AVENUE,Mc Donald Street,Rhinelander Avenue,SB,2024,3,2024-03-01,Before congestion pricing,Weekday,Evening (20-23),5.06,20.2,13,80,5,1
88574_40.855311_-73.840954_NB,88574,40.855311,-73.840954,Bronx,STILLWELL AVENUE,Mc Donald Street,Rhinelander Avenue,NB,2024,3,2024-03-01,Before congestion pricing,Weekend,Evening (20-23),30.62,122.5,62,32,2,1
88574_40.855311_-73.840954_SB,88574,40.855311,-73.840954,Bronx,STILLWELL AVENUE,Mc Donald Street,Rhinelander Avenue,SB,2024,3,2024-03-01,Before congestion pricing,Weekend,Evening (20-23),6.19,24.8,11,32,2,1
88574_40.855311_-73.840954_NB,88574,40.855311,-73.840954,Bronx,STILLWELL AVENUE,Mc Donald Street,Rhinelander Avenue,NB,2024,3,2024-03-01,Before congestion pricing,Weekday,Midday (10-15),93.27,373.1,172,120,5,1
88574_40.855311_-73.840954_SB,88574,40.855311,-73.840954,Bronx,STILLWELL AVENUE,Mc Donald Street,Rhinelander Avenue,SB,2024,3,2024-03-01,Before congestion pricing,Weekday,Midday (10-15),11.62,46.5,21,120,5,1
88574_40.855311_-73.840954_NB,88574,40.855311,-73.840954,Bronx,STILLWELL AVENUE,Mc Donald Street,Rhinelander Avenue,NB,2024,3,2024-03-01,Before congestion pricing,Weekend,Midday (10-15),70.40,281.6,101,48,2,1
88574_40.855311_-73.840954_SB,88574,40.855311,-73.840954,Bronx,STILLWELL AVENUE,Mc Donald Street,Rhinelander Avenue,SB,2024,3,2024-03-01,Before congestion pricing,Weekend,Midday (10-15),8.02,32.1,16,48,2,1
88574_40.855311_-73.840954_NB,88574,40.855311,-73.840954,Bronx,STILLWELL AVENUE,Mc Donald Street,Rhinelander Avenue,NB,2024,3,2024-03-01,Before congestion pricing,Weekday,Overnight (00-05),9.78,39.1,35,120,5,1
88574_40.855311_-73.840954_SB,88574,40.855311,-73.840954,Bronx,STILLWELL AVENUE,Mc Donald Street,Rhinelander Avenue,SB,2024,3,2024-03-01,Before congestion pricing,Weekday,Overnight (00-05),2.69,10.8,26,120,5,1
88574_40.855311_-73.840954_NB,88574,40.855311,-73.840954,Bronx,STILLWELL AVENUE,Mc Donald Street,Rhinelander Avenue,NB,2024,3,2024-03-01,Before congestion pricing,Weekend,Overnight (00-05),10.25,41.0,24,48,2,1
88574_40.855311_-73.840954_SB,88574,40.855311,-73.840954,Bronx,STILLWELL AVENUE,Mc Donald Street,Rhinelander Avenue,SB,2024,3,2024-03-01,Before congestion pricing,Weekend,Overnight (00-05),1.67,6.7,7,48,2,1
88574_40.855311_-73.840954_NB,88574,40.855311,-73.840954,Bronx,STILLWELL AVENUE,Mc Donald Street,Rhinelander Avenue,NB,2024,3,2024-03-01,Before congestion pricing,Weekday,PM peak (16-19),114.08,456.3,165,80,5,1
88574_40.855311_-73.840954_SB,88574,40.855311,-73.840954,Bronx,STILLWELL AVENUE,Mc Donald Street,Rhinelander Avenue,SB,2024,3,2024-03-01,Before congestion pricing,Weekday,PM peak (16-19),10.03,40.1,22,80,5,1
88574_40.855311_-73.840954_NB,88574,40.855311,-73.840954,Bronx,STILLWELL AVENUE,Mc Donald Street,Rhinelander Avenue,NB,2024,3,2024-03-01,Before congestion pricing,Weekend,PM peak (16-19),65.53,262.1,95,32,2,1
88574_40.855311_-73.840954_SB,88574,40.855311,-73.840954,Bronx,STILLWELL AVENUE,Mc Donald Street,Rhinelander Avenue,SB,2024,3,2024-03-01,Before congestion pricing,Weekend,PM peak (16-19),7.47,29.9,12,32,2,1
50660_40.673367_-73.867912_EB,50660,40.673367,-73.867912,Brooklyn,SUTTER AVENUE,Hemlock Street,Autumn Avenue,EB,2024,3,2024-03-01,Before congestion pricing,Weekday,AM peak (06-09),42.38,169.5,61,80,5,1
50660_40.673367_-73.867912_WB,50660,40.673367,-73.867912,Brooklyn,SUTTER AVENUE,Hemlock Street,Autumn Avenue,WB,2024,3,2024-03-01,Before congestion pricing,Weekday,AM peak (06-09),63.80,255.2,106,80,5,1
50660_40.673367_-73.867912_EB,50660,40.673367,-73.867912,Brooklyn,SUTTER AVENUE,Hemlock Street,Autumn Avenue,EB,2024,3,2024-03-01,Before congestion pricing,Weekend,AM peak (06-09),20.16,80.6,35,32,2,1
50660_40.673367_-73.867912_WB,50660,40.673367,-73.867912,Brooklyn,SUTTER AVENUE,Hemlock Street,Autumn Avenue,WB,2024,3,2024-03-01,Before congestion pricing,Weekend,AM peak (06-09),31.94,127.8,57,32,2,1
50660_40.673367_-73.867912_EB,50660,40.673367,-73.867912,Brooklyn,SUTTER AVENUE,Hemlock Street,Autumn Avenue,EB,2024,3,2024-03-01,Before congestion pricing,Weekday,Evening (20-23),36.16,144.7,60,80,5,1
50660_40.673367_-73.867912_WB,50660,40.673367,-73.867912,Brooklyn,SUTTER AVENUE,Hemlock Street,Autumn Avenue,WB,2024,3,2024-03-01,Before congestion pricing,Weekday,Evening (20-23),42.45,169.8,69,80,5,1
50660_40.673367_-73.867912_WB,50660,40.673367,-73.867912,Brooklyn,SUTTER AVENUE,Hemlock Street,Autumn Avenue,WB,2024,3,2024-03-01,Before congestion pricing,Weekend,Evening (20-23),44.56,178.2,59,32,2,1
50660_40.673367_-73.867912_EB,50660,40.673367,-73.867912,Brooklyn,SUTTER AVENUE,Hemlock Street,Autumn Avenue,EB,2024,3,2024-03-01,Before congestion pricing,Weekend,Evening (20-23),33.28,133.1,46,32,2,1
50660_40.673367_-73.867912_EB,50660,40.673367,-73.867912,Brooklyn,SUTTER AVENUE,Hemlock Street,Autumn Avenue,EB,2024,3,2024-03-01,Before congestion pricing,Weekday,Midday (10-15),48.57,194.3,66,120,5,1
50660_40.673367_-73.867912_WB,50660,40.673367,-73.867912,Brooklyn,SUTTER AVENUE,Hemlock Street,Autumn Avenue,WB,2024,3,2024-03-01,Before congestion pricing,Weekday,Midday (10-15),63.97,255.9,89,120,5,1
50660_40.673367_-73.867912_EB,50660,40.673367,-73.867912,Brooklyn,SUTTER AVENUE,Hemlock Street,Autumn Avenue,EB,2024,3,2024-03-01,Before congestion pricing,Weekend,Midday (10-15),42.54,170.2,55,48,2,1
50660_40.673367_-73.867912_WB,50660,40.673367,-73.867912,Brooklyn,SUTTER AVENUE,Hemlock Street,Autumn Avenue,WB,2024,3,2024-03-01,Before congestion pricing,Weekend,Midday (10-15),56.94,227.8,75,48,2,1
50660_40.673367_-73.867912_EB,50660,40.673367,-73.867912,Brooklyn,SUTTER AVENUE,Hemlock Street,Autumn Avenue,EB,2024,3,2024-03-01,Before congestion pricing,Weekday,Overnight (00-05),14.61,58.4,31,120,5,1
50660_40.673367_-73.867912_WB,50660,40.673367,-73.867912,Brooklyn,SUTTER AVENUE,Hemlock Street,Autumn Avenue,WB,2024,3,2024-03-01,Before congestion pricing,Weekday,Overnight (00-05),14.14,56.6,33,120,5,1
50660_40.673367_-73.867912_EB,50660,40.673367,-73.867912,Brooklyn,SUTTER AVENUE,Hemlock Street,Autumn Avenue,EB,2024,3,2024-03-01,Before congestion pricing,Weekend,Overnight (00-05),18.77,75.1,39,48,2,1
50660_40.673367_-73.867912_WB,50660,40.673367,-73.867912,Brooklyn,SUTTER AVENUE,Hemlock Street,Autumn Avenue,WB,2024,3,2024-03-01,Before congestion pricing,Weekend,Overnight (00-05),17.02,68.1,36,48,2,1
50660_40.673367_-73.867912_EB,50660,40.673367,-73.867912,Brooklyn,SUTTER AVENUE,Hemlock Street,Autumn Avenue,EB,2024,3,2024-03-01,Before congestion pricing,Weekday,PM peak (16-19),52.88,211.5,72,80,5,1
50660_40.673367_-73.867912_WB,50660,40.673367,-73.867912,Brooklyn,SUTTER AVENUE,Hemlock Street,Autumn Avenue,WB,2024,3,2024-03-01,Before congestion pricing,Weekday,PM peak (16-19),67.84,271.4,89,80,5,1
50660_40.673367_-73.867912_WB,50660,40.673367,-73.867912,Brooklyn,SUTTER AVENUE,Hemlock Street,Autumn Avenue,WB,2024,3,2024-03-01,Before congestion pricing,Weekend,PM peak (16-19),56.94,227.8,75,32,2,1
50660_40.673367_-73.867912_EB,50660,40.673367,-73.867912,Brooklyn,SUTTER AVENUE,Hemlock Street,Autumn Avenue,EB,2024,3,2024-03-01,Before congestion pricing,Weekend,PM peak (16-19),46.59,186.4,57,32,2,1
80035_40.860233_-73.892855_NB,80035,40.860233,-73.892855,Bronx,WEBSTER AVENUE,East 188 Street,East 189 Street,NB,2024,3,2024-03-01,Before congestion pricing,Weekday,AM peak (06-09),87.31,349.2,116,16,1,1
80035_40.860233_-73.892855_NB,80035,40.860233,-73.892855,Bronx,WEBSTER AVENUE,East 188 Street,East 189 Street,NB,2024,3,2024-03-01,Before congestion pricing,Weekday,Evening (20-23),79.50,318.0,113,16,1,1
80035_40.860233_-73.892855_NB,80035,40.860233,-73.892855,Bronx,WEBSTER AVENUE,East 188 Street,East 189 Street,NB,2024,3,2024-03-01,Before congestion pricing,Weekday,Midday (10-15),88.83,355.3,106,24,1,1
80035_40.860233_-73.892855_NB,80035,40.860233,-73.892855,Bronx,WEBSTER AVENUE,East 188 Street,East 189 Street,NB,2024,3,2024-03-01,Before congestion pricing,Weekday,Overnight (00-05),25.83,103.3,48,24,1,1
80035_40.860233_-73.892855_NB,80035,40.860233,-73.892855,Bronx,WEBSTER AVENUE,East 188 Street,East 189 Street,NB,2024,3,2024-03-01,Before congestion pricing,Weekday,PM peak (16-19),91.62,366.5,111,16,1,1
71025_40.828436_-73.935528_EB,71025,40.828436,-73.935528,Manhattan,WEST 155 STREET,Harlem River Drive Service Rd W,Frederick Douglass Boulevard,EB,2024,3,2024-03-01,Before congestion pricing,Weekday,AM peak (06-09),165.38,661.5,217,80,5,1
71025_40.828436_-73.935528_WB,71025,40.828436,-73.935528,Manhattan,WEST 155 STREET,Harlem River Drive Service Rd W,Frederick Douglass Boulevard,WB,2024,3,2024-03-01,Before congestion pricing,Weekday,AM peak (06-09),210.64,842.5,255,80,5,1
71025_40.828436_-73.935528_EB,71025,40.828436,-73.935528,Manhattan,WEST 155 STREET,Harlem River Drive Service Rd W,Frederick Douglass Boulevard,EB,2024,3,2024-03-01,Before congestion pricing,Weekend,AM peak (06-09),92.50,370.0,162,64,4,1
71025_40.828436_-73.935528_WB,71025,40.828436,-73.935528,Manhattan,WEST 155 STREET,Harlem River Drive Service Rd W,Frederick Douglass Boulevard,WB,2024,3,2024-03-01,Before congestion pricing,Weekend,AM peak (06-09),125.39,501.6,207,64,4,1
71025_40.828436_-73.935528_EB,71025,40.828436,-73.935528,Manhattan,WEST 155 STREET,Harlem River Drive Service Rd W,Frederick Douglass Boulevard,EB,2024,3,2024-03-01,Before congestion pricing,Weekday,Evening (20-23),112.31,449.2,177,80,5,1
71025_40.828436_-73.935528_WB,71025,40.828436,-73.935528,Manhattan,WEST 155 STREET,Harlem River Drive Service Rd W,Frederick Douglass Boulevard,WB,2024,3,2024-03-01,Before congestion pricing,Weekday,Evening (20-23),133.30,533.2,216,80,5,1
71025_40.828436_-73.935528_WB,71025,40.828436,-73.935528,Manhattan,WEST 155 STREET,Harlem River Drive Service Rd W,Frederick Douglass Boulevard,WB,2024,3,2024-03-01,Before congestion pricing,Weekend,Evening (20-23),142.02,568.1,215,64,4,1
71025_40.828436_-73.935528_EB,71025,40.828436,-73.935528,Manhattan,WEST 155 STREET,Harlem River Drive Service Rd W,Frederick Douglass Boulevard,EB,2024,3,2024-03-01,Before congestion pricing,Weekend,Evening (20-23),130.69,522.8,180,64,4,1
71025_40.828436_-73.935528_EB,71025,40.828436,-73.935528,Manhattan,WEST 155 STREET,Harlem River Drive Service Rd W,Frederick Douglass Boulevard,EB,2024,3,2024-03-01,Before congestion pricing,Weekday,Midday (10-15),155.95,623.8,197,120,5,1
71025_40.828436_-73.935528_WB,71025,40.828436,-73.935528,Manhattan,WEST 155 STREET,Harlem River Drive Service Rd W,Frederick Douglass Boulevard,WB,2024,3,2024-03-01,Before congestion pricing,Weekday,Midday (10-15),214.34,857.4,255,120,5,1
71025_40.828436_-73.935528_EB,71025,40.828436,-73.935528,Manhattan,WEST 155 STREET,Harlem River Drive Service Rd W,Frederick Douglass Boulevard,EB,2024,3,2024-03-01,Before congestion pricing,Weekend,Midday (10-15),163.46,653.8,212,96,4,1
71025_40.828436_-73.935528_WB,71025,40.828436,-73.935528,Manhattan,WEST 155 STREET,Harlem River Drive Service Rd W,Frederick Douglass Boulevard,WB,2024,3,2024-03-01,Before congestion pricing,Weekend,Midday (10-15),207.69,830.8,250,96,4,1
71025_40.828436_-73.935528_EB,71025,40.828436,-73.935528,Manhattan,WEST 155 STREET,Harlem River Drive Service Rd W,Frederick Douglass Boulevard,EB,2024,3,2024-03-01,Before congestion pricing,Weekday,Overnight (00-05),43.10,172.4,85,120,5,1
71025_40.828436_-73.935528_WB,71025,40.828436,-73.935528,Manhattan,WEST 155 STREET,Harlem River Drive Service Rd W,Frederick Douglass Boulevard,WB,2024,3,2024-03-01,Before congestion pricing,Weekday,Overnight (00-05),50.10,200.4,139,120,5,1
71025_40.828436_-73.935528_EB,71025,40.828436,-73.935528,Manhattan,WEST 155 STREET,Harlem River Drive Service Rd W,Frederick Douglass Boulevard,EB,2024,3,2024-03-01,Before congestion pricing,Weekend,Overnight (00-05),68.81,275.2,127,96,4,1
71025_40.828436_-73.935528_WB,71025,40.828436,-73.935528,Manhattan,WEST 155 STREET,Harlem River Drive Service Rd W,Frederick Douglass Boulevard,WB,2024,3,2024-03-01,Before congestion pricing,Weekend,Overnight (00-05),72.91,291.6,146,96,4,1
71025_40.828436_-73.935528_EB,71025,40.828436,-73.935528,Manhattan,WEST 155 STREET,Harlem River Drive Service Rd W,Frederick Douglass Boulevard,EB,2024,3,2024-03-01,Before congestion pricing,Weekday,PM peak (16-19),147.56,590.2,182,80,5,1
71025_40.828436_-73.935528_WB,71025,40.828436,-73.935528,Manhattan,WEST 155 STREET,Harlem River Drive Service Rd W,Frederick Douglass Boulevard,WB,2024,3,2024-03-01,Before congestion pricing,Weekday,PM peak (16-19),203.90,815.6,252,80,5,1
71025_40.828436_-73.935528_WB,71025,40.828436,-73.935528,Manhattan,WEST 155 STREET,Harlem River Drive Service Rd W,Frederick Douglass Boulevard,WB,2024,3,2024-03-01,Before congestion pricing,Weekend,PM peak (16-19),202.08,808.3,241,64,4,1
71025_40.828436_-73.935528_EB,71025,40.828436,-73.935528,Manhattan,WEST 155 STREET,Harlem River Drive Service Rd W,Frederick Douglass Boulevard,EB,2024,3,2024-03-01,Before congestion pricing,Weekend,PM peak (16-19),171.91,687.6,206,64,4,1
89398_40.904540_-73.849722_NB,89398,40.904540,-73.849722,Bronx,WHITE PLAINS ROAD,St Ouen Street,Penfield Street,NB,2024,3,2024-03-01,Before congestion pricing,Weekday,AM peak (06-09),49.81,199.2,70,80,5,1
89398_40.904540_-73.849722_SB,89398,40.904540,-73.849722,Bronx,WHITE PLAINS ROAD,St Ouen Street,Penfield Street,SB,2024,3,2024-03-01,Before congestion pricing,Weekday,AM peak (06-09),65.49,261.9,88,80,5,1
89398_40.904540_-73.849722_NB,89398,40.904540,-73.849722,Bronx,WHITE PLAINS ROAD,St Ouen Street,Penfield Street,NB,2024,3,2024-03-01,Before congestion pricing,Weekend,AM peak (06-09),24.28,97.1,47,32,2,1
89398_40.904540_-73.849722_SB,89398,40.904540,-73.849722,Bronx,WHITE PLAINS ROAD,St Ouen Street,Penfield Street,SB,2024,3,2024-03-01,Before congestion pricing,Weekend,AM peak (06-09),42.44,169.8,71,32,2,1
89398_40.904540_-73.849722_NB,89398,40.904540,-73.849722,Bronx,WHITE PLAINS ROAD,St Ouen Street,Penfield Street,NB,2024,3,2024-03-01,Before congestion pricing,Weekday,Evening (20-23),43.75,175.0,73,80,5,1
89398_40.904540_-73.849722_SB,89398,40.904540,-73.849722,Bronx,WHITE PLAINS ROAD,St Ouen Street,Penfield Street,SB,2024,3,2024-03-01,Before congestion pricing,Weekday,Evening (20-23),54.96,219.8,92,80,5,1
89398_40.904540_-73.849722_NB,89398,40.904540,-73.849722,Bronx,WHITE PLAINS ROAD,St Ouen Street,Penfield Street,NB,2024,3,2024-03-01,Before congestion pricing,Weekend,Evening (20-23),39.44,157.8,52,32,2,1
89398_40.904540_-73.849722_SB,89398,40.904540,-73.849722,Bronx,WHITE PLAINS ROAD,St Ouen Street,Penfield Street,SB,2024,3,2024-03-01,Before congestion pricing,Weekend,Evening (20-23),58.41,233.6,91,32,2,1
89398_40.904540_-73.849722_NB,89398,40.904540,-73.849722,Bronx,WHITE PLAINS ROAD,St Ouen Street,Penfield Street,NB,2024,3,2024-03-01,Before congestion pricing,Weekday,Midday (10-15),61.29,245.2,82,120,5,1
89398_40.904540_-73.849722_SB,89398,40.904540,-73.849722,Bronx,WHITE PLAINS ROAD,St Ouen Street,Penfield Street,SB,2024,3,2024-03-01,Before congestion pricing,Weekday,Midday (10-15),76.90,307.6,105,120,5,1
89398_40.904540_-73.849722_NB,89398,40.904540,-73.849722,Bronx,WHITE PLAINS ROAD,St Ouen Street,Penfield Street,NB,2024,3,2024-03-01,Before congestion pricing,Weekend,Midday (10-15),42.50,170.0,56,48,2,1
89398_40.904540_-73.849722_SB,89398,40.904540,-73.849722,Bronx,WHITE PLAINS ROAD,St Ouen Street,Penfield Street,SB,2024,3,2024-03-01,Before congestion pricing,Weekend,Midday (10-15),76.27,305.1,95,48,2,1
89398_40.904540_-73.849722_NB,89398,40.904540,-73.849722,Bronx,WHITE PLAINS ROAD,St Ouen Street,Penfield Street,NB,2024,3,2024-03-01,Before congestion pricing,Weekday,Overnight (00-05),14.61,58.4,33,120,5,1
89398_40.904540_-73.849722_SB,89398,40.904540,-73.849722,Bronx,WHITE PLAINS ROAD,St Ouen Street,Penfield Street,SB,2024,3,2024-03-01,Before congestion pricing,Weekday,Overnight (00-05),18.43,73.7,47,120,5,1
89398_40.904540_-73.849722_NB,89398,40.904540,-73.849722,Bronx,WHITE PLAINS ROAD,St Ouen Street,Penfield Street,NB,2024,3,2024-03-01,Before congestion pricing,Weekend,Overnight (00-05),18.38,73.5,37,48,2,1
89398_40.904540_-73.849722_SB,89398,40.904540,-73.849722,Bronx,WHITE PLAINS ROAD,St Ouen Street,Penfield Street,SB,2024,3,2024-03-01,Before congestion pricing,Weekend,Overnight (00-05),25.94,103.8,56,48,2,1
89398_40.904540_-73.849722_NB,89398,40.904540,-73.849722,Bronx,WHITE PLAINS ROAD,St Ouen Street,Penfield Street,NB,2024,3,2024-03-01,Before congestion pricing,Weekday,PM peak (16-19),68.44,273.8,86,80,5,1
89398_40.904540_-73.849722_SB,89398,40.904540,-73.849722,Bronx,WHITE PLAINS ROAD,St Ouen Street,Penfield Street,SB,2024,3,2024-03-01,Before congestion pricing,Weekday,PM peak (16-19),90.39,361.6,115,80,5,1
89398_40.904540_-73.849722_NB,89398,40.904540,-73.849722,Bronx,WHITE PLAINS ROAD,St Ouen Street,Penfield Street,NB,2024,3,2024-03-01,Before congestion pricing,Weekend,PM peak (16-19),46.22,184.9,58,32,2,1
89398_40.904540_-73.849722_SB,89398,40.904540,-73.849722,Bronx,WHITE PLAINS ROAD,St Ouen Street,Penfield Street,SB,2024,3,2024-03-01,Before congestion pricing,Weekend,PM peak (16-19),81.03,324.1,98,32,2,1
105839_40.674234_-73.988708_SB,105839,40.674234,-73.988708,Brooklyn,3 AVENUE,3 Street,Dead end,SB,2024,4,2024-04-01,Before congestion pricing,Weekday,AM peak (06-09),71.79,287.1,111,160,10,1
105839_40.674234_-73.988708_NB,105839,40.674234,-73.988708,Brooklyn,3 AVENUE,3 Street,Dead end,NB,2024,4,2024-04-01,Before congestion pricing,Weekday,AM peak (06-09),167.51,670.1,220,144,9,1
105839_40.674234_-73.988708_NB,105839,40.674234,-73.988708,Brooklyn,3 AVENUE,3 Street,Dead end,NB,2024,4,2024-04-01,Before congestion pricing,Weekend,AM peak (06-09),96.52,386.1,182,33,3,1
105839_40.674234_-73.988708_SB,105839,40.674234,-73.988708,Brooklyn,3 AVENUE,3 Street,Dead end,SB,2024,4,2024-04-01,Before congestion pricing,Weekend,AM peak (06-09),51.39,205.6,117,33,3,1
105839_40.674234_-73.988708_SB,105839,40.674234,-73.988708,Brooklyn,3 AVENUE,3 Street,Dead end,SB,2024,4,2024-04-01,Before congestion pricing,Weekday,Evening (20-23),91.06,364.2,184,160,10,1
105839_40.674234_-73.988708_NB,105839,40.674234,-73.988708,Brooklyn,3 AVENUE,3 Street,Dead end,NB,2024,4,2024-04-01,Before congestion pricing,Weekday,Evening (20-23),42.12,168.5,93,160,10,1
105839_40.674234_-73.988708_NB,105839,40.674234,-73.988708,Brooklyn,3 AVENUE,3 Street,Dead end,NB,2024,4,2024-04-01,Before congestion pricing,Weekend,Evening (20-23),53.25,213.0,117,32,2,1
105839_40.674234_-73.988708_SB,105839,40.674234,-73.988708,Brooklyn,3 AVENUE,3 Street,Dead end,SB,2024,4,2024-04-01,Before congestion pricing,Weekend,Evening (20-23),101.19,404.8,160,32,2,1
105839_40.674234_-73.988708_SB,105839,40.674234,-73.988708,Brooklyn,3 AVENUE,3 Street,Dead end,SB,2024,4,2024-04-01,Before congestion pricing,Weekday,Midday (10-15),116.67,466.7,165,240,10,1
105839_40.674234_-73.988708_NB,105839,40.674234,-73.988708,Brooklyn,3 AVENUE,3 Street,Dead end,NB,2024,4,2024-04-01,Before congestion pricing,Weekday,Midday (10-15),154.49,618.0,230,239,10,1
105839_40.674234_-73.988708_NB,105839,40.674234,-73.988708,Brooklyn,3 AVENUE,3 Street,Dead end,NB,2024,4,2024-04-01,Before congestion pricing,Weekend,Midday (10-15),180.33,721.3,253,48,2,1
105839_40.674234_-73.988708_SB,105839,40.674234,-73.988708,Brooklyn,3 AVENUE,3 Street,Dead end,SB,2024,4,2024-04-01,Before congestion pricing,Weekend,Midday (10-15),136.17,544.7,174,48,2,1
105839_40.674234_-73.988708_SB,105839,40.674234,-73.988708,Brooklyn,3 AVENUE,3 Street,Dead end,SB,2024,4,2024-04-01,Before congestion pricing,Weekday,Overnight (00-05),16.45,65.8,88,240,10,1
105839_40.674234_-73.988708_NB,105839,40.674234,-73.988708,Brooklyn,3 AVENUE,3 Street,Dead end,NB,2024,4,2024-04-01,Before congestion pricing,Weekday,Overnight (00-05),49.28,197.1,207,216,9,1
105839_40.674234_-73.988708_NB,105839,40.674234,-73.988708,Brooklyn,3 AVENUE,3 Street,Dead end,NB,2024,4,2024-04-01,Before congestion pricing,Weekend,Overnight (00-05),24.29,97.2,92,72,3,1
105839_40.674234_-73.988708_SB,105839,40.674234,-73.988708,Brooklyn,3 AVENUE,3 Street,Dead end,SB,2024,4,2024-04-01,Before congestion pricing,Weekend,Overnight (00-05),31.81,127.2,123,72,3,1
105839_40.674234_-73.988708_SB,105839,40.674234,-73.988708,Brooklyn,3 AVENUE,3 Street,Dead end,SB,2024,4,2024-04-01,Before congestion pricing,Weekday,PM peak (16-19),121.46,485.8,186,160,10,1
105839_40.674234_-73.988708_NB,105839,40.674234,-73.988708,Brooklyn,3 AVENUE,3 Street,Dead end,NB,2024,4,2024-04-01,Before congestion pricing,Weekday,PM peak (16-19),133.71,534.8,267,160,10,1
105839_40.674234_-73.988708_NB,105839,40.674234,-73.988708,Brooklyn,3 AVENUE,3 Street,Dead end,NB,2024,4,2024-04-01,Before congestion pricing,Weekend,PM peak (16-19),138.28,553.1,215,32,2,1
105839_40.674234_-73.988708_SB,105839,40.674234,-73.988708,Brooklyn,3 AVENUE,3 Street,Dead end,SB,2024,4,2024-04-01,Before congestion pricing,Weekend,PM peak (16-19),128.66,514.6,172,32,2,1
99721_40.856250_-73.793350_EB,99721,40.856250,-73.793350,Bronx,CITY IS BRIDGE,City Island Avenue,Dead end,EB,2024,4,2024-04-01,Before congestion pricing,Weekday,AM peak (06-09),62.78,251.1,90,32,2,1
99721_40.856250_-73.793350_WB,99721,40.856250,-73.793350,Bronx,CITY IS BRIDGE,City Island Avenue,Dead end,WB,2024,4,2024-04-01,Before congestion pricing,Weekday,AM peak (06-09),87.62,350.5,121,32,2,1
99721_40.856250_-73.793350_WB,99721,40.856250,-73.793350,Bronx,CITY IS BRIDGE,City Island Avenue,Dead end,WB,2024,4,2024-04-01,Before congestion pricing,Weekend,AM peak (06-09),48.36,193.4,87,25,2,1
99721_40.856250_-73.793350_EB,99721,40.856250,-73.793350,Bronx,CITY IS BRIDGE,City Island Avenue,Dead end,EB,2024,4,2024-04-01,Before congestion pricing,Weekend,AM peak (06-09),44.48,177.9,87,25,2,1
99721_40.856250_-73.793350_EB,99721,40.856250,-73.793350,Bronx,CITY IS BRIDGE,City Island Avenue,Dead end,EB,2024,4,2024-04-01,Before congestion pricing,Weekday,Evening (20-23),56.31,225.2,158,32,2,1
99721_40.856250_-73.793350_WB,99721,40.856250,-73.793350,Bronx,CITY IS BRIDGE,City Island Avenue,Dead end,WB,2024,4,2024-04-01,Before congestion pricing,Weekday,Evening (20-23),87.47,349.9,221,32,2,1
99721_40.856250_-73.793350_EB,99721,40.856250,-73.793350,Bronx,CITY IS BRIDGE,City Island Avenue,Dead end,EB,2024,4,2024-04-01,Before congestion pricing,Weekend,Evening (20-23),70.91,283.6,150,32,2,1
99721_40.856250_-73.793350_WB,99721,40.856250,-73.793350,Bronx,CITY IS BRIDGE,City Island Avenue,Dead end,WB,2024,4,2024-04-01,Before congestion pricing,Weekend,Evening (20-23),125.19,500.8,242,32,2,1
99721_40.856250_-73.793350_EB,99721,40.856250,-73.793350,Bronx,CITY IS BRIDGE,City Island Avenue,Dead end,EB,2024,4,2024-04-01,Before congestion pricing,Weekday,Midday (10-15),136.73,546.9,225,48,2,1
99721_40.856250_-73.793350_WB,99721,40.856250,-73.793350,Bronx,CITY IS BRIDGE,City Island Avenue,Dead end,WB,2024,4,2024-04-01,Before congestion pricing,Weekday,Midday (10-15),115.65,462.6,191,48,2,1
99721_40.856250_-73.793350_EB,99721,40.856250,-73.793350,Bronx,CITY IS BRIDGE,City Island Avenue,Dead end,EB,2024,4,2024-04-01,Before congestion pricing,Weekend,Midday (10-15),157.83,631.3,273,48,2,1
99721_40.856250_-73.793350_WB,99721,40.856250,-73.793350,Bronx,CITY IS BRIDGE,City Island Avenue,Dead end,WB,2024,4,2024-04-01,Before congestion pricing,Weekend,Midday (10-15),123.92,495.7,180,48,2,1
99721_40.856250_-73.793350_EB,99721,40.856250,-73.793350,Bronx,CITY IS BRIDGE,City Island Avenue,Dead end,EB,2024,4,2024-04-01,Before congestion pricing,Weekday,Overnight (00-05),9.71,38.8,28,48,2,1
99721_40.856250_-73.793350_WB,99721,40.856250,-73.793350,Bronx,CITY IS BRIDGE,City Island Avenue,Dead end,WB,2024,4,2024-04-01,Before congestion pricing,Weekday,Overnight (00-05),14.38,57.5,50,48,2,1
99721_40.856250_-73.793350_EB,99721,40.856250,-73.793350,Bronx,CITY IS BRIDGE,City Island Avenue,Dead end,EB,2024,4,2024-04-01,Before congestion pricing,Weekend,Overnight (00-05),11.96,47.8,28,24,1,1
99721_40.856250_-73.793350_WB,99721,40.856250,-73.793350,Bronx,CITY IS BRIDGE,City Island Avenue,Dead end,WB,2024,4,2024-04-01,Before congestion pricing,Weekend,Overnight (00-05),17.21,68.8,67,24,1,1
99721_40.856250_-73.793350_EB,99721,40.856250,-73.793350,Bronx,CITY IS BRIDGE,City Island Avenue,Dead end,EB,2024,4,2024-04-01,Before congestion pricing,Weekday,PM peak (16-19),175.00,700.0,244,32,2,1
99721_40.856250_-73.793350_WB,99721,40.856250,-73.793350,Bronx,CITY IS BRIDGE,City Island Avenue,Dead end,WB,2024,4,2024-04-01,Before congestion pricing,Weekday,PM peak (16-19),145.34,581.4,217,32,2,1
99721_40.856250_-73.793350_EB,99721,40.856250,-73.793350,Bronx,CITY IS BRIDGE,City Island Avenue,Dead end,EB,2024,4,2024-04-01,Before congestion pricing,Weekend,PM peak (16-19),184.19,736.8,271,32,2,1
99721_40.856250_-73.793350_WB,99721,40.856250,-73.793350,Bronx,CITY IS BRIDGE,City Island Avenue,Dead end,WB,2024,4,2024-04-01,Before congestion pricing,Weekend,PM peak (16-19),178.09,712.4,283,32,2,1
256338_40.693021_-73.901718_SB,256338,40.693021,-73.901718,Queens,COOPER AVENUE,14 Street/canarsie Line,Dead End,SB,2024,4,2024-04-01,Before congestion pricing,Weekday,AM peak (06-09),83.85,335.4,133,154,10,1
256338_40.693021_-73.901718_SB,256338,40.693021,-73.901718,Queens,COOPER AVENUE,14 Street/canarsie Line,Dead End,SB,2024,4,2024-04-01,Before congestion pricing,Weekend,AM peak (06-09),45.54,182.2,85,63,4,1
256338_40.693021_-73.901718_SB,256338,40.693021,-73.901718,Queens,COOPER AVENUE,14 Street/canarsie Line,Dead End,SB,2024,4,2024-04-01,Before congestion pricing,Weekday,Evening (20-23),45.38,181.5,80,144,9,1
256338_40.693021_-73.901718_SB,256338,40.693021,-73.901718,Queens,COOPER AVENUE,14 Street/canarsie Line,Dead End,SB,2024,4,2024-04-01,Before congestion pricing,Weekend,Evening (20-23),65.06,260.2,109,64,4,1
256338_40.693021_-73.901718_SB,256338,40.693021,-73.901718,Queens,COOPER AVENUE,14 Street/canarsie Line,Dead End,SB,2024,4,2024-04-01,Before congestion pricing,Weekday,Midday (10-15),79.21,316.8,114,216,9,1
256338_40.693021_-73.901718_SB,256338,40.693021,-73.901718,Queens,COOPER AVENUE,14 Street/canarsie Line,Dead End,SB,2024,4,2024-04-01,Before congestion pricing,Weekend,Midday (10-15),90.50,362.0,122,96,4,1
256338_40.693021_-73.901718_SB,256338,40.693021,-73.901718,Queens,COOPER AVENUE,14 Street/canarsie Line,Dead End,SB,2024,4,2024-04-01,Before congestion pricing,Weekday,Overnight (00-05),17.01,68.0,62,240,10,1
256338_40.693021_-73.901718_SB,256338,40.693021,-73.901718,Queens,COOPER AVENUE,14 Street/canarsie Line,Dead End,SB,2024,4,2024-04-01,Before congestion pricing,Weekend,Overnight (00-05),31.61,126.4,59,72,3,1
256338_40.693021_-73.901718_SB,256338,40.693021,-73.901718,Queens,COOPER AVENUE,14 Street/canarsie Line,Dead End,SB,2024,4,2024-04-01,Before congestion pricing,Weekday,PM peak (16-19),84.46,337.8,112,144,9,1
256338_40.693021_-73.901718_SB,256338,40.693021,-73.901718,Queens,COOPER AVENUE,14 Street/canarsie Line,Dead End,SB,2024,4,2024-04-01,Before congestion pricing,Weekend,PM peak (16-19),95.73,382.9,132,64,4,1
48499_40.692313_-73.902892_NB,48499,40.692313,-73.902892,Brooklyn,COOPER STREET,Knickerbocker Avenue,Cooper Avenue,NB,2024,4,2024-04-01,Before congestion pricing,Weekend,AM peak (06-09),8.00,32.0,16,2,1,1
45387_40.697710_-73.908136_NB,45387,40.697710,-73.908136,Brooklyn,CORNELIA STREET,14 Street/canarsie Line,Dead End,NB,2024,4,2024-04-01,Before congestion pricing,Weekday,AM peak (06-09),19.31,77.2,30,16,1,1
45387_40.697710_-73.908136_NB,45387,40.697710,-73.908136,Brooklyn,CORNELIA STREET,14 Street/canarsie Line,Dead End,NB,2024,4,2024-04-01,Before congestion pricing,Weekday,Midday (10-15),28.00,112.0,28,1,1,1
45387_40.697710_-73.908136_NB,45387,40.697710,-73.908136,Brooklyn,CORNELIA STREET,14 Street/canarsie Line,Dead End,NB,2024,4,2024-04-01,Before congestion pricing,Weekday,Overnight (00-05),5.38,21.5,12,24,1,1
48507_40.692619_-73.903766_NB,48507,40.692619,-73.903766,Brooklyn,DECATUR STREET,Knickerbocker Avenue,Irving Avenue,NB,2024,4,2024-04-01,Before congestion pricing,Weekday,AM peak (06-09),35.54,142.2,88,155,10,1
48507_40.692619_-73.903766_NB,48507,40.692619,-73.903766,Brooklyn,DECATUR STREET,Knickerbocker Avenue,Irving Avenue,NB,2024,4,2024-04-01,Before congestion pricing,Weekend,AM peak (06-09),17.07,68.3,38,61,4,1
48507_40.692619_-73.903766_NB,48507,40.692619,-73.903766,Brooklyn,DECATUR STREET,Knickerbocker Avenue,Irving Avenue,NB,2024,4,2024-04-01,Before congestion pricing,Weekday,Evening (20-23),26.47,105.9,58,144,9,1
48507_40.692619_-73.903766_NB,48507,40.692619,-73.903766,Brooklyn,DECATUR STREET,Knickerbocker Avenue,Irving Avenue,NB,2024,4,2024-04-01,Before congestion pricing,Weekend,Evening (20-23),25.91,103.6,53,64,4,1
48507_40.692619_-73.903766_NB,48507,40.692619,-73.903766,Brooklyn,DECATUR STREET,Knickerbocker Avenue,Irving Avenue,NB,2024,4,2024-04-01,Before congestion pricing,Weekday,Midday (10-15),45.45,181.8,109,216,9,1
48507_40.692619_-73.903766_NB,48507,40.692619,-73.903766,Brooklyn,DECATUR STREET,Knickerbocker Avenue,Irving Avenue,NB,2024,4,2024-04-01,Before congestion pricing,Weekend,Midday (10-15),40.69,162.8,65,96,4,1
48507_40.692619_-73.903766_NB,48507,40.692619,-73.903766,Brooklyn,DECATUR STREET,Knickerbocker Avenue,Irving Avenue,NB,2024,4,2024-04-01,Before congestion pricing,Weekday,Overnight (00-05),7.98,31.9,21,240,10,1
48507_40.692619_-73.903766_NB,48507,40.692619,-73.903766,Brooklyn,DECATUR STREET,Knickerbocker Avenue,Irving Avenue,NB,2024,4,2024-04-01,Before congestion pricing,Weekend,Overnight (00-05),13.54,54.2,38,72,3,1
48507_40.692619_-73.903766_NB,48507,40.692619,-73.903766,Brooklyn,DECATUR STREET,Knickerbocker Avenue,Irving Avenue,NB,2024,4,2024-04-01,Before congestion pricing,Weekday,PM peak (16-19),49.28,197.1,96,144,9,1
48507_40.692619_-73.903766_NB,48507,40.692619,-73.903766,Brooklyn,DECATUR STREET,Knickerbocker Avenue,Irving Avenue,NB,2024,4,2024-04-01,Before congestion pricing,Weekend,PM peak (16-19),43.80,175.2,66,64,4,1
223885_40.797383_-73.975557_NB,223885,40.797383,-73.975557,Manhattan,HENRY HUDSON PARKWAY,Henry Hudson Py Nb En W 96 St,Dead end,NB,2024,4,2024-04-01,Before congestion pricing,Weekday,AM peak (06-09),714.75,2859.0,988,32,2,1
223885_40.797383_-73.975557_NB,223885,40.797383,-73.975557,Manhattan,HENRY HUDSON PARKWAY,Henry Hudson Py Nb En W 96 St,Dead end,NB,2024,4,2024-04-01,Before congestion pricing,Weekday,Evening (20-23),807.47,3229.9,949,32,2,1
223885_40.797383_-73.975557_NB,223885,40.797383,-73.975557,Manhattan,HENRY HUDSON PARKWAY,Henry Hudson Py Nb En W 96 St,Dead end,NB,2024,4,2024-04-01,Before congestion pricing,Weekday,Midday (10-15),884.92,3539.7,1269,48,2,1
223885_40.797383_-73.975557_NB,223885,40.797383,-73.975557,Manhattan,HENRY HUDSON PARKWAY,Henry Hudson Py Nb En W 96 St,Dead end,NB,2024,4,2024-04-01,Before congestion pricing,Weekday,Overnight (00-05),161.38,645.5,481,48,2,1
223885_40.797383_-73.975557_NB,223885,40.797383,-73.975557,Manhattan,HENRY HUDSON PARKWAY,Henry Hudson Py Nb En W 96 St,Dead end,NB,2024,4,2024-04-01,Before congestion pricing,Weekday,PM peak (16-19),927.84,3711.4,1054,32,2,1
9006518_40.825353_-73.870294_SB,9006518,40.825353,-73.870294,Bronx,SOUNDVIEW AVENUE,Dead End,Dead end,SB,2024,4,2024-04-01,Before congestion pricing,Weekday,AM peak (06-09),2.27,9.1,6,80,5,1
9006518_40.825353_-73.870294_NB,9006518,40.825353,-73.870294,Bronx,SOUNDVIEW AVENUE,Dead End,Dead end,NB,2024,4,2024-04-01,Before congestion pricing,Weekday,AM peak (06-09),143.80,575.2,200,80,5,1
9006518_40.825353_-73.870294_NB,9006518,40.825353,-73.870294,Bronx,SOUNDVIEW AVENUE,Dead End,Dead end,NB,2024,4,2024-04-01,Before congestion pricing,Weekend,AM peak (06-09),48.47,193.9,155,32,2,1
9006518_40.825353_-73.870294_SB,9006518,40.825353,-73.870294,Bronx,SOUNDVIEW AVENUE,Dead End,Dead end,SB,2024,4,2024-04-01,Before congestion pricing,Weekend,AM peak (06-09),2.09,8.4,6,32,2,1
9006518_40.825353_-73.870294_NB,9006518,40.825353,-73.870294,Bronx,SOUNDVIEW AVENUE,Dead End,Dead end,NB,2024,4,2024-04-01,Before congestion pricing,Weekday,Evening (20-23),40.35,161.4,96,80,5,1
9006518_40.825353_-73.870294_SB,9006518,40.825353,-73.870294,Bronx,SOUNDVIEW AVENUE,Dead End,Dead end,SB,2024,4,2024-04-01,Before congestion pricing,Weekday,Evening (20-23),3.24,12.9,7,80,5,1
9006518_40.825353_-73.870294_NB,9006518,40.825353,-73.870294,Bronx,SOUNDVIEW AVENUE,Dead End,Dead end,NB,2024,4,2024-04-01,Before congestion pricing,Weekend,Evening (20-23),50.59,202.4,99,32,2,1
9006518_40.825353_-73.870294_SB,9006518,40.825353,-73.870294,Bronx,SOUNDVIEW AVENUE,Dead End,Dead end,SB,2024,4,2024-04-01,Before congestion pricing,Weekend,Evening (20-23),3.50,14.0,6,32,2,1
9006518_40.825353_-73.870294_NB,9006518,40.825353,-73.870294,Bronx,SOUNDVIEW AVENUE,Dead End,Dead end,NB,2024,4,2024-04-01,Before congestion pricing,Weekday,Midday (10-15),136.32,545.3,188,120,5,1
9006518_40.825353_-73.870294_SB,9006518,40.825353,-73.870294,Bronx,SOUNDVIEW AVENUE,Dead End,Dead end,SB,2024,4,2024-04-01,Before congestion pricing,Weekday,Midday (10-15),4.32,17.3,10,120,5,1
9006518_40.825353_-73.870294_NB,9006518,40.825353,-73.870294,Bronx,SOUNDVIEW AVENUE,Dead End,Dead end,NB,2024,4,2024-04-01,Before congestion pricing,Weekend,Midday (10-15),133.60,534.4,176,48,2,1
9006518_40.825353_-73.870294_SB,9006518,40.825353,-73.870294,Bronx,SOUNDVIEW AVENUE,Dead End,Dead end,SB,2024,4,2024-04-01,Before congestion pricing,Weekend,Midday (10-15),4.38,17.5,8,48,2,1
9006518_40.825353_-73.870294_SB,9006518,40.825353,-73.870294,Bronx,SOUNDVIEW AVENUE,Dead End,Dead end,SB,2024,4,2024-04-01,Before congestion pricing,Weekday,Overnight (00-05),1.23,4.9,4,120,5,1
9006518_40.825353_-73.870294_NB,9006518,40.825353,-73.870294,Bronx,SOUNDVIEW AVENUE,Dead End,Dead end,NB,2024,4,2024-04-01,Before congestion pricing,Weekday,Overnight (00-05),11.47,45.9,44,120,5,1
9006518_40.825353_-73.870294_NB,9006518,40.825353,-73.870294,Bronx,SOUNDVIEW AVENUE,Dead End,Dead end,NB,2024,4,2024-04-01,Before congestion pricing,Weekend,Overnight (00-05),14.44,57.8,28,48,2,1
9006518_40.825353_-73.870294_SB,9006518,40.825353,-73.870294,Bronx,SOUNDVIEW AVENUE,Dead End,Dead end,SB,2024,4,2024-04-01,Before congestion pricing,Weekend,Overnight (00-05),1.62,6.5,5,48,2,1
9006518_40.825353_-73.870294_NB,9006518,40.825353,-73.870294,Bronx,SOUNDVIEW AVENUE,Dead End,Dead end,NB,2024,4,2024-04-01,Before congestion pricing,Weekday,PM peak (16-19),127.05,508.2,173,80,5,1
9006518_40.825353_-73.870294_SB,9006518,40.825353,-73.870294,Bronx,SOUNDVIEW AVENUE,Dead End,Dead end,SB,2024,4,2024-04-01,Before congestion pricing,Weekday,PM peak (16-19),5.24,20.9,9,80,5,1
9006518_40.825353_-73.870294_NB,9006518,40.825353,-73.870294,Bronx,SOUNDVIEW AVENUE,Dead End,Dead end,NB,2024,4,2024-04-01,Before congestion pricing,Weekend,PM peak (16-19),127.38,509.5,171,32,2,1
9006518_40.825353_-73.870294_SB,9006518,40.825353,-73.870294,Bronx,SOUNDVIEW AVENUE,Dead End,Dead end,SB,2024,4,2024-04-01,Before congestion pricing,Weekend,PM peak (16-19),4.94,19.8,8,32,2,1
21371_40.639122_-73.984271_NB,21371,40.639122,-73.984271,Brooklyn,14 AVENUE,40 Street,39 Street,NB,2024,5,2024-05-01,Before congestion pricing,Weekday,AM peak (06-09),85.50,342.0,143,80,5,1
21371_40.639122_-73.984271_NB,21371,40.639122,-73.984271,Brooklyn,14 AVENUE,40 Street,39 Street,NB,2024,5,2024-05-01,Before congestion pricing,Weekend,AM peak (06-09),46.81,187.2,104,64,4,1
21371_40.639122_-73.984271_NB,21371,40.639122,-73.984271,Brooklyn,14 AVENUE,40 Street,39 Street,NB,2024,5,2024-05-01,Before congestion pricing,Weekday,Evening (20-23),75.49,301.9,109,80,5,1
21371_40.639122_-73.984271_NB,21371,40.639122,-73.984271,Brooklyn,14 AVENUE,40 Street,39 Street,NB,2024,5,2024-05-01,Before congestion pricing,Weekend,Evening (20-23),78.66,314.6,111,64,4,1
21371_40.639122_-73.984271_NB,21371,40.639122,-73.984271,Brooklyn,14 AVENUE,40 Street,39 Street,NB,2024,5,2024-05-01,Before congestion pricing,Weekday,Midday (10-15),101.48,405.9,137,120,5,1
21371_40.639122_-73.984271_NB,21371,40.639122,-73.984271,Brooklyn,14 AVENUE,40 Street,39 Street,NB,2024,5,2024-05-01,Before congestion pricing,Weekend,Midday (10-15),94.25,377.0,122,96,4,1
21371_40.639122_-73.984271_NB,21371,40.639122,-73.984271,Brooklyn,14 AVENUE,40 Street,39 Street,NB,2024,5,2024-05-01,Before congestion pricing,Weekday,Overnight (00-05),22.16,88.6,77,120,5,1
21371_40.639122_-73.984271_NB,21371,40.639122,-73.984271,Brooklyn,14 AVENUE,40 Street,39 Street,NB,2024,5,2024-05-01,Before congestion pricing,Weekend,Overnight (00-05),14.75,59.0,51,96,4,1
21371_40.639122_-73.984271_NB,21371,40.639122,-73.984271,Brooklyn,14 AVENUE,40 Street,39 Street,NB,2024,5,2024-05-01,Before congestion pricing,Weekday,PM peak (16-19),103.94,415.8,139,80,5,1
21371_40.639122_-73.984271_NB,21371,40.639122,-73.984271,Brooklyn,14 AVENUE,40 Street,39 Street,NB,2024,5,2024-05-01,Before congestion pricing,Weekend,PM peak (16-19),99.56,398.2,120,64,4,1
22514_40.676127_-73.990176_WB,22514,40.676127,-73.990176,Brooklyn,3 STREET BRIDGE,3 Street,3 Street,WB,2024,5,2024-05-01,Before congestion pricing,Weekday,AM peak (06-09),101.98,407.9,162,85,6,1
22514_40.676127_-73.990176_EB,22514,40.676127,-73.990176,Brooklyn,3 STREET BRIDGE,3 Street,3 Street,EB,2024,5,2024-05-01,Before congestion pricing,Weekday,AM peak (06-09),38.05,152.2,78,86,6,1
22514_40.676127_-73.990176_WB,22514,40.676127,-73.990176,Brooklyn,3 STREET BRIDGE,3 Street,3 Street,WB,2024,5,2024-05-01,Before congestion pricing,Weekend,AM peak (06-09),33.27,133.1,122,40,3,1
22514_40.676127_-73.990176_EB,22514,40.676127,-73.990176,Brooklyn,3 STREET BRIDGE,3 Street,3 Street,EB,2024,5,2024-05-01,Before congestion pricing,Weekend,AM peak (06-09),27.87,111.5,73,39,3,1
22514_40.676127_-73.990176_WB,22514,40.676127,-73.990176,Brooklyn,3 STREET BRIDGE,3 Street,3 Street,WB,2024,5,2024-05-01,Before congestion pricing,Weekday,Evening (20-23),32.04,128.2,90,96,6,1
22514_40.676127_-73.990176_EB,22514,40.676127,-73.990176,Brooklyn,3 STREET BRIDGE,3 Street,3 Street,EB,2024,5,2024-05-01,Before congestion pricing,Weekday,Evening (20-23),32.19,128.8,72,96,6,1
22514_40.676127_-73.990176_WB,22514,40.676127,-73.990176,Brooklyn,3 STREET BRIDGE,3 Street,3 Street,WB,2024,5,2024-05-01,Before congestion pricing,Weekend,Evening (20-23),36.62,146.5,94,32,2,1
22514_40.676127_-73.990176_EB,22514,40.676127,-73.990176,Brooklyn,3 STREET BRIDGE,3 Street,3 Street,EB,2024,5,2024-05-01,Before congestion pricing,Weekend,Evening (20-23),30.66,122.6,57,32,2,1
22514_40.676127_-73.990176_WB,22514,40.676127,-73.990176,Brooklyn,3 STREET BRIDGE,3 Street,3 Street,WB,2024,5,2024-05-01,Before congestion pricing,Weekday,Midday (10-15),94.98,379.9,144,144,6,1
22514_40.676127_-73.990176_EB,22514,40.676127,-73.990176,Brooklyn,3 STREET BRIDGE,3 Street,3 Street,EB,2024,5,2024-05-01,Before congestion pricing,Weekday,Midday (10-15),64.49,258.0,101,144,6,1
22514_40.676127_-73.990176_EB,22514,40.676127,-73.990176,Brooklyn,3 STREET BRIDGE,3 Street,3 Street,EB,2024,5,2024-05-01,Before congestion pricing,Weekend,Midday (10-15),58.58,234.3,78,48,2,1
22514_40.676127_-73.990176_WB,22514,40.676127,-73.990176,Brooklyn,3 STREET BRIDGE,3 Street,3 Street,WB,2024,5,2024-05-01,Before congestion pricing,Weekend,Midday (10-15),105.58,422.3,179,48,2,1
22514_40.676127_-73.990176_WB,22514,40.676127,-73.990176,Brooklyn,3 STREET BRIDGE,3 Street,3 Street,WB,2024,5,2024-05-01,Before congestion pricing,Weekday,Overnight (00-05),6.82,27.3,39,120,5,1
22514_40.676127_-73.990176_EB,22514,40.676127,-73.990176,Brooklyn,3 STREET BRIDGE,3 Street,3 Street,EB,2024,5,2024-05-01,Before congestion pricing,Weekday,Overnight (00-05),5.61,22.4,18,120,5,1
22514_40.676127_-73.990176_WB,22514,40.676127,-73.990176,Brooklyn,3 STREET BRIDGE,3 Street,3 Street,WB,2024,5,2024-05-01,Before congestion pricing,Weekend,Overnight (00-05),7.36,29.4,24,72,3,1
22514_40.676127_-73.990176_EB,22514,40.676127,-73.990176,Brooklyn,3 STREET BRIDGE,3 Street,3 Street,EB,2024,5,2024-05-01,Before congestion pricing,Weekend,Overnight (00-05),6.96,27.8,26,72,3,1
22514_40.676127_-73.990176_WB,22514,40.676127,-73.990176,Brooklyn,3 STREET BRIDGE,3 Street,3 Street,WB,2024,5,2024-05-01,Before congestion pricing,Weekday,PM peak (16-19),98.23,392.9,184,96,6,1
22514_40.676127_-73.990176_EB,22514,40.676127,-73.990176,Brooklyn,3 STREET BRIDGE,3 Street,3 Street,EB,2024,5,2024-05-01,Before congestion pricing,Weekday,PM peak (16-19),65.86,263.5,91,96,6,1
22514_40.676127_-73.990176_EB,22514,40.676127,-73.990176,Brooklyn,3 STREET BRIDGE,3 Street,3 Street,EB,2024,5,2024-05-01,Before congestion pricing,Weekend,PM peak (16-19),52.53,210.1,71,32,2,1
22514_40.676127_-73.990176_WB,22514,40.676127,-73.990176,Brooklyn,3 STREET BRIDGE,3 Street,3 Street,WB,2024,5,2024-05-01,Before congestion pricing,Weekend,PM peak (16-19),96.19,384.8,156,32,2,1
148375_40.694851_-73.990810_NB,148375,40.694851,-73.990810,Brooklyn,CADMAN PLAZA WEST,Johnson Street,Pierrepont Street,NB,2024,5,2024-05-01,Before congestion pricing,Weekday,AM peak (06-09),42.71,170.8,62,80,5,1
148375_40.694851_-73.990810_NB,148375,40.694851,-73.990810,Brooklyn,CADMAN PLAZA WEST,Johnson Street,Pierrepont Street,NB,2024,5,2024-05-01,Before congestion pricing,Weekend,AM peak (06-09),16.03,64.1,33,32,2,1
148375_40.694851_-73.990810_NB,148375,40.694851,-73.990810,Brooklyn,CADMAN PLAZA WEST,Johnson Street,Pierrepont Street,NB,2024,5,2024-05-01,Before congestion pricing,Weekday,Evening (20-23),20.38,81.5,41,80,5,1
148375_40.694851_-73.990810_NB,148375,40.694851,-73.990810,Brooklyn,CADMAN PLAZA WEST,Johnson Street,Pierrepont Street,NB,2024,5,2024-05-01,Before congestion pricing,Weekend,Evening (20-23),16.78,67.1,32,32,2,1
148375_40.694851_-73.990810_NB,148375,40.694851,-73.990810,Brooklyn,CADMAN PLAZA WEST,Johnson Street,Pierrepont Street,NB,2024,5,2024-05-01,Before congestion pricing,Weekday,Midday (10-15),49.52,198.1,60,120,5,1
148375_40.694851_-73.990810_NB,148375,40.694851,-73.990810,Brooklyn,CADMAN PLAZA WEST,Johnson Street,Pierrepont Street,NB,2024,5,2024-05-01,Before congestion pricing,Weekend,Midday (10-15),40.98,163.9,55,48,2,1
148375_40.694851_-73.990810_NB,148375,40.694851,-73.990810,Brooklyn,CADMAN PLAZA WEST,Johnson Street,Pierrepont Street,NB,2024,5,2024-05-01,Before congestion pricing,Weekday,Overnight (00-05),6.50,26.0,22,120,5,1
148375_40.694851_-73.990810_NB,148375,40.694851,-73.990810,Brooklyn,CADMAN PLAZA WEST,Johnson Street,Pierrepont Street,NB,2024,5,2024-05-01,Before congestion pricing,Weekend,Overnight (00-05),7.17,28.7,20,48,2,1
148375_40.694851_-73.990810_NB,148375,40.694851,-73.990810,Brooklyn,CADMAN PLAZA WEST,Johnson Street,Pierrepont Street,NB,2024,5,2024-05-01,Before congestion pricing,Weekday,PM peak (16-19),47.70,190.8,64,80,5,1
148375_40.694851_-73.990810_NB,148375,40.694851,-73.990810,Brooklyn,CADMAN PLAZA WEST,Johnson Street,Pierrepont Street,NB,2024,5,2024-05-01,Before congestion pricing,Weekend,PM peak (16-19),39.19,156.8,55,32,2,1
42646_40.656694_-73.913918_SB,42646,40.656694,-73.913918,Brooklyn,CHURCH AVENUE,Rockaway Parkway,East 98 Street,SB,2024,5,2024-05-01,Before congestion pricing,Weekday,AM peak (06-09),37.54,150.2,50,80,5,1
42646_40.656694_-73.913918_SB,42646,40.656694,-73.913918,Brooklyn,CHURCH AVENUE,Rockaway Parkway,East 98 Street,SB,2024,5,2024-05-01,Before congestion pricing,Weekend,AM peak (06-09),25.52,102.1,44,64,4,1
42646_40.656694_-73.913918_SB,42646,40.656694,-73.913918,Brooklyn,CHURCH AVENUE,Rockaway Parkway,East 98 Street,SB,2024,5,2024-05-01,Before congestion pricing,Weekday,Evening (20-23),27.68,110.7,45,80,5,1
42646_40.656694_-73.913918_SB,42646,40.656694,-73.913918,Brooklyn,CHURCH AVENUE,Rockaway Parkway,East 98 Street,SB,2024,5,2024-05-01,Before congestion pricing,Weekend,Evening (20-23),28.28,113.1,42,64,4,1
42646_40.656694_-73.913918_SB,42646,40.656694,-73.913918,Brooklyn,CHURCH AVENUE,Rockaway Parkway,East 98 Street,SB,2024,5,2024-05-01,Before congestion pricing,Weekday,Midday (10-15),41.01,164.0,55,120,5,1
42646_40.656694_-73.913918_SB,42646,40.656694,-73.913918,Brooklyn,CHURCH AVENUE,Rockaway Parkway,East 98 Street,SB,2024,5,2024-05-01,Before congestion pricing,Weekend,Midday (10-15),39.80,159.2,53,96,4,1
42646_40.656694_-73.913918_SB,42646,40.656694,-73.913918,Brooklyn,CHURCH AVENUE,Rockaway Parkway,East 98 Street,SB,2024,5,2024-05-01,Before congestion pricing,Weekday,Overnight (00-05),12.47,49.9,29,120,5,1
42646_40.656694_-73.913918_SB,42646,40.656694,-73.913918,Brooklyn,CHURCH AVENUE,Rockaway Parkway,East 98 Street,SB,2024,5,2024-05-01,Before congestion pricing,Weekend,Overnight (00-05),14.58,58.3,30,96,4,1
42646_40.656694_-73.913918_SB,42646,40.656694,-73.913918,Brooklyn,CHURCH AVENUE,Rockaway Parkway,East 98 Street,SB,2024,5,2024-05-01,Before congestion pricing,Weekday,PM peak (16-19),46.08,184.3,59,80,5,1
42646_40.656694_-73.913918_SB,42646,40.656694,-73.913918,Brooklyn,CHURCH AVENUE,Rockaway Parkway,East 98 Street,SB,2024,5,2024-05-01,Before congestion pricing,Weekend,PM peak (16-19),39.88,159.5,52,64,4,1
99721_40.856250_-73.793350_WB,99721,40.856250,-73.793350,Bronx,CITY IS BRIDGE,City Island Avenue,Dead end,WB,2024,5,2024-05-01,Before congestion pricing,Weekday,AM peak (06-09),94.95,379.8,161,123,8,1
99721_40.856250_-73.793350_EB,99721,40.856250,-73.793350,Bronx,CITY IS BRIDGE,City Island Avenue,Dead end,EB,2024,5,2024-05-01,Before congestion pricing,Weekday,AM peak (06-09),65.80,263.2,121,122,8,1
99721_40.856250_-73.793350_EB,99721,40.856250,-73.793350,Bronx,CITY IS BRIDGE,City Island Avenue,Dead end,EB,2024,5,2024-05-01,Before congestion pricing,Weekend,AM peak (06-09),45.34,181.4,98,32,2,1
99721_40.856250_-73.793350_WB,99721,40.856250,-73.793350,Bronx,CITY IS BRIDGE,City Island Avenue,Dead end,WB,2024,5,2024-05-01,Before congestion pricing,Weekend,AM peak (06-09),52.66,210.6,104,32,2,1
99721_40.856250_-73.793350_WB,99721,40.856250,-73.793350,Bronx,CITY IS BRIDGE,City Island Avenue,Dead end,WB,2024,5,2024-05-01,Before congestion pricing,Weekday,Evening (20-23),84.79,339.2,178,112,7,1
99721_40.856250_-73.793350_EB,99721,40.856250,-73.793350,Bronx,CITY IS BRIDGE,City Island Avenue,Dead end,EB,2024,5,2024-05-01,Before congestion pricing,Weekday,Evening (20-23),62.06,248.2,159,112,7,1
99721_40.856250_-73.793350_EB,99721,40.856250,-73.793350,Bronx,CITY IS BRIDGE,City Island Avenue,Dead end,EB,2024,5,2024-05-01,Before congestion pricing,Weekend,Evening (20-23),58.97,235.9,131,32,2,1
99721_40.856250_-73.793350_WB,99721,40.856250,-73.793350,Bronx,CITY IS BRIDGE,City Island Avenue,Dead end,WB,2024,5,2024-05-01,Before congestion pricing,Weekend,Evening (20-23),86.19,344.8,177,32,2,1
99721_40.856250_-73.793350_WB,99721,40.856250,-73.793350,Bronx,CITY IS BRIDGE,City Island Avenue,Dead end,WB,2024,5,2024-05-01,Before congestion pricing,Weekday,Midday (10-15),109.73,438.9,182,168,7,1
99721_40.856250_-73.793350_EB,99721,40.856250,-73.793350,Bronx,CITY IS BRIDGE,City Island Avenue,Dead end,EB,2024,5,2024-05-01,Before congestion pricing,Weekday,Midday (10-15),123.88,495.5,197,168,7,1
99721_40.856250_-73.793350_EB,99721,40.856250,-73.793350,Bronx,CITY IS BRIDGE,City Island Avenue,Dead end,EB,2024,5,2024-05-01,Before congestion pricing,Weekend,Midday (10-15),135.77,543.1,200,48,2,1
99721_40.856250_-73.793350_WB,99721,40.856250,-73.793350,Bronx,CITY IS BRIDGE,City Island Avenue,Dead end,WB,2024,5,2024-05-01,Before congestion pricing,Weekend,Midday (10-15),111.15,444.6,180,48,2,1
99721_40.856250_-73.793350_WB,99721,40.856250,-73.793350,Bronx,CITY IS BRIDGE,City Island Avenue,Dead end,WB,2024,5,2024-05-01,Before congestion pricing,Weekday,Overnight (00-05),13.92,55.7,60,192,8,1
99721_40.856250_-73.793350_EB,99721,40.856250,-73.793350,Bronx,CITY IS BRIDGE,City Island Avenue,Dead end,EB,2024,5,2024-05-01,Before congestion pricing,Weekday,Overnight (00-05),9.78,39.1,36,192,8,1
99721_40.856250_-73.793350_EB,99721,40.856250,-73.793350,Bronx,CITY IS BRIDGE,City Island Avenue,Dead end,EB,2024,5,2024-05-01,Before congestion pricing,Weekend,Overnight (00-05),13.02,52.1,41,48,2,1
99721_40.856250_-73.793350_WB,99721,40.856250,-73.793350,Bronx,CITY IS BRIDGE,City Island Avenue,Dead end,WB,2024,5,2024-05-01,Before congestion pricing,Weekend,Overnight (00-05),17.35,69.4,64,48,2,1
99721_40.856250_-73.793350_WB,99721,40.856250,-73.793350,Bronx,CITY IS BRIDGE,City Island Avenue,Dead end,WB,2024,5,2024-05-01,Before congestion pricing,Weekday,PM peak (16-19),129.72,518.9,183,112,7,1
99721_40.856250_-73.793350_EB,99721,40.856250,-73.793350,Bronx,CITY IS BRIDGE,City Island Avenue,Dead end,EB,2024,5,2024-05-01,Before congestion pricing,Weekday,PM peak (16-19),166.76,667.0,227,112,7,1
99721_40.856250_-73.793350_EB,99721,40.856250,-73.793350,Bronx,CITY IS BRIDGE,City Island Avenue,Dead end,EB,2024,5,2024-05-01,Before congestion pricing,Weekend,PM peak (16-19),137.81,551.2,221,32,2,1
99721_40.856250_-73.793350_WB,99721,40.856250,-73.793350,Bronx,CITY IS BRIDGE,City Island Avenue,Dead end,WB,2024,5,2024-05-01,Before congestion pricing,Weekend,PM peak (16-19),135.56,542.2,211,32,2,1
22388_40.679841_-73.997117_SB,22388,40.679841,-73.997117,Brooklyn,COURT STREET,1 Place,2 Place,SB,2024,5,2024-05-01,Before congestion pricing,Weekday,AM peak (06-09),71.45,285.8,111,80,5,1
22388_40.679841_-73.997117_SB,22388,40.679841,-73.997117,Brooklyn,COURT STREET,1 Place,2 Place,SB,2024,5,2024-05-01,Before congestion pricing,Weekend,AM peak (06-09),38.19,152.8,84,32,2,1
22388_40.679841_-73.997117_SB,22388,40.679841,-73.997117,Brooklyn,COURT STREET,1 Place,2 Place,SB,2024,5,2024-05-01,Before congestion pricing,Weekday,Evening (20-23),61.04,244.2,113,80,5,1
22388_40.679841_-73.997117_SB,22388,40.679841,-73.997117,Brooklyn,COURT STREET,1 Place,2 Place,SB,2024,5,2024-05-01,Before congestion pricing,Weekend,Evening (20-23),60.41,241.6,92,32,2,1
22388_40.679841_-73.997117_SB,22388,40.679841,-73.997117,Brooklyn,COURT STREET,1 Place,2 Place,SB,2024,5,2024-05-01,Before congestion pricing,Weekday,Midday (10-15),97.83,391.3,128,120,5,1
22388_40.679841_-73.997117_SB,22388,40.679841,-73.997117,Brooklyn,COURT STREET,1 Place,2 Place,SB,2024,5,2024-05-01,Before congestion pricing,Weekend,Midday (10-15),96.42,385.7,120,48,2,1
22388_40.679841_-73.997117_SB,22388,40.679841,-73.997117,Brooklyn,COURT STREET,1 Place,2 Place,SB,2024,5,2024-05-01,Before congestion pricing,Weekday,Overnight (00-05),11.54,46.2,40,120,5,1
22388_40.679841_-73.997117_SB,22388,40.679841,-73.997117,Brooklyn,COURT STREET,1 Place,2 Place,SB,2024,5,2024-05-01,Before congestion pricing,Weekend,Overnight (00-05),14.52,58.1,36,48,2,1
22388_40.679841_-73.997117_SB,22388,40.679841,-73.997117,Brooklyn,COURT STREET,1 Place,2 Place,SB,2024,5,2024-05-01,Before congestion pricing,Weekday,PM peak (16-19),117.50,470.0,140,80,5,1
22388_40.679841_-73.997117_SB,22388,40.679841,-73.997117,Brooklyn,COURT STREET,1 Place,2 Place,SB,2024,5,2024-05-01,Before congestion pricing,Weekend,PM peak (16-19),105.56,422.2,124,32,2,1
223885_40.797383_-73.975557_NB,223885,40.797383,-73.975557,Manhattan,HENRY HUDSON PARKWAY,Henry Hudson Py Nb En W 96 St,Dead end,NB,2024,5,2024-05-01,Before congestion pricing,Weekday,AM peak (06-09),656.54,2626.2,1062,48,3,1
223885_40.797383_-73.975557_NB,223885,40.797383,-73.975557,Manhattan,HENRY HUDSON PARKWAY,Henry Hudson Py Nb En W 96 St,Dead end,NB,2024,5,2024-05-01,Before congestion pricing,Weekend,AM peak (06-09),574.38,2297.5,1039,32,2,1
223885_40.797383_-73.975557_NB,223885,40.797383,-73.975557,Manhattan,HENRY HUDSON PARKWAY,Henry Hudson Py Nb En W 96 St,Dead end,NB,2024,5,2024-05-01,Before congestion pricing,Weekday,Evening (20-23),831.17,3324.7,1059,48,3,1
223885_40.797383_-73.975557_NB,223885,40.797383,-73.975557,Manhattan,HENRY HUDSON PARKWAY,Henry Hudson Py Nb En W 96 St,Dead end,NB,2024,5,2024-05-01,Before congestion pricing,Weekend,Evening (20-23),618.41,2473.6,828,32,2,1
223885_40.797383_-73.975557_NB,223885,40.797383,-73.975557,Manhattan,HENRY HUDSON PARKWAY,Henry Hudson Py Nb En W 96 St,Dead end,NB,2024,5,2024-05-01,Before congestion pricing,Weekday,Midday (10-15),883.82,3535.3,1205,72,3,1
223885_40.797383_-73.975557_NB,223885,40.797383,-73.975557,Manhattan,HENRY HUDSON PARKWAY,Henry Hudson Py Nb En W 96 St,Dead end,NB,2024,5,2024-05-01,Before congestion pricing,Weekend,Midday (10-15),837.56,3350.2,1158,48,2,1
223885_40.797383_-73.975557_NB,223885,40.797383,-73.975557,Manhattan,HENRY HUDSON PARKWAY,Henry Hudson Py Nb En W 96 St,Dead end,NB,2024,5,2024-05-01,Before congestion pricing,Weekday,Overnight (00-05),257.36,1029.4,736,72,3,1
223885_40.797383_-73.975557_NB,223885,40.797383,-73.975557,Manhattan,HENRY HUDSON PARKWAY,Henry Hudson Py Nb En W 96 St,Dead end,NB,2024,5,2024-05-01,Before congestion pricing,Weekend,Overnight (00-05),222.46,889.8,811,48,2,1
223885_40.797383_-73.975557_NB,223885,40.797383,-73.975557,Manhattan,HENRY HUDSON PARKWAY,Henry Hudson Py Nb En W 96 St,Dead end,NB,2024,5,2024-05-01,Before congestion pricing,Weekday,PM peak (16-19),937.31,3749.2,1115,48,3,1
223885_40.797383_-73.975557_NB,223885,40.797383,-73.975557,Manhattan,HENRY HUDSON PARKWAY,Henry Hudson Py Nb En W 96 St,Dead end,NB,2024,5,2024-05-01,Before congestion pricing,Weekend,PM peak (16-19),890.91,3563.6,1142,32,2,1
167253_40.654294_-73.922605_WB,167253,40.654294,-73.922605,Brooklyn,LINDEN BOULEVARD,East 58 Street,Kings Highway,WB,2024,5,2024-05-01,Before congestion pricing,Weekday,AM peak (06-09),109.84,439.4,140,80,5,1
167253_40.654294_-73.922605_EB,167253,40.654294,-73.922605,Brooklyn,LINDEN BOULEVARD,East 58 Street,Kings Highway,EB,2024,5,2024-05-01,Before congestion pricing,Weekday,AM peak (06-09),77.03,308.1,113,80,5,1
167253_40.654294_-73.922605_WB,167253,40.654294,-73.922605,Brooklyn,LINDEN BOULEVARD,East 58 Street,Kings Highway,WB,2024,5,2024-05-01,Before congestion pricing,Weekday,Evening (20-23),47.74,190.9,82,80,5,1
167253_40.654294_-73.922605_EB,167253,40.654294,-73.922605,Brooklyn,LINDEN BOULEVARD,East 58 Street,Kings Highway,EB,2024,5,2024-05-01,Before congestion pricing,Weekday,Evening (20-23),74.67,298.7,127,80,5,1
167253_40.654294_-73.922605_WB,167253,40.654294,-73.922605,Brooklyn,LINDEN BOULEVARD,East 58 Street,Kings Highway,WB,2024,5,2024-05-01,Before congestion pricing,Weekday,Midday (10-15),87.11,348.4,109,120,5,1
167253_40.654294_-73.922605_EB,167253,40.654294,-73.922605,Brooklyn,LINDEN BOULEVARD,East 58 Street,Kings Highway,EB,2024,5,2024-05-01,Before congestion pricing,Weekday,Midday (10-15),104.68,418.7,150,120,5,1
167253_40.654294_-73.922605_WB,167253,40.654294,-73.922605,Brooklyn,LINDEN BOULEVARD,East 58 Street,Kings Highway,WB,2024,5,2024-05-01,Before congestion pricing,Weekday,Overnight (00-05),22.91,91.6,86,120,5,1
167253_40.654294_-73.922605_EB,167253,40.654294,-73.922605,Brooklyn,LINDEN BOULEVARD,East 58 Street,Kings Highway,EB,2024,5,2024-05-01,Before congestion pricing,Weekday,Overnight (00-05),29.46,117.8,67,120,5,1
167253_40.654294_-73.922605_WB,167253,40.654294,-73.922605,Brooklyn,LINDEN BOULEVARD,East 58 Street,Kings Highway,WB,2024,5,2024-05-01,Before congestion pricing,Weekday,PM peak (16-19),82.45,329.8,110,80,5,1
167253_40.654294_-73.922605_EB,167253,40.654294,-73.922605,Brooklyn,LINDEN BOULEVARD,East 58 Street,Kings Highway,EB,2024,5,2024-05-01,Before congestion pricing,Weekday,PM peak (16-19),140.14,560.5,165,80,5,1
41867_40.653289_-73.938908_WB,41867,40.653289,-73.938908,Brooklyn,LINDEN BOULEVARD,East 42 Street,Albany Avenue,WB,2024,5,2024-05-01,Before congestion pricing,Weekday,AM peak (06-09),141.99,568.0,185,80,5,1
41867_40.653289_-73.938908_EB,41867,40.653289,-73.938908,Brooklyn,LINDEN BOULEVARD,East 42 Street,Albany Avenue,EB,2024,5,2024-05-01,Before congestion pricing,Weekday,AM peak (06-09),75.66,302.6,118,80,5,1
41867_40.653289_-73.938908_EB,41867,40.653289,-73.938908,Brooklyn,LINDEN BOULEVARD,East 42 Street,Albany Avenue,EB,2024,5,2024-05-01,Before congestion pricing,Weekend,AM peak (06-09),45.66,182.6,84,64,4,1
41867_40.653289_-73.938908_WB,41867,40.653289,-73.938908,Brooklyn,LINDEN BOULEVARD,East 42 Street,Albany Avenue,WB,2024,5,2024-05-01,Before congestion pricing,Weekend,AM peak (06-09),57.20,228.8,87,64,4,1
41867_40.653289_-73.938908_WB,41867,40.653289,-73.938908,Brooklyn,LINDEN BOULEVARD,East 42 Street,Albany Avenue,WB,2024,5,2024-05-01,Before congestion pricing,Weekday,Evening (20-23),55.23,220.9,85,80,5,1
41867_40.653289_-73.938908_EB,41867,40.653289,-73.938908,Brooklyn,LINDEN BOULEVARD,East 42 Street,Albany Avenue,EB,2024,5,2024-05-01,Before congestion pricing,Weekday,Evening (20-23),75.74,302.9,126,80,5,1
41867_40.653289_-73.938908_EB,41867,40.653289,-73.938908,Brooklyn,LINDEN BOULEVARD,East 42 Street,Albany Avenue,EB,2024,5,2024-05-01,Before congestion pricing,Weekend,Evening (20-23),70.92,283.7,93,64,4,1
41867_40.653289_-73.938908_WB,41867,40.653289,-73.938908,Brooklyn,LINDEN BOULEVARD,East 42 Street,Albany Avenue,WB,2024,5,2024-05-01,Before congestion pricing,Weekend,Evening (20-23),64.12,256.5,93,64,4,1
41867_40.653289_-73.938908_WB,41867,40.653289,-73.938908,Brooklyn,LINDEN BOULEVARD,East 42 Street,Albany Avenue,WB,2024,5,2024-05-01,Before congestion pricing,Weekday,Midday (10-15),93.16,372.6,146,120,5,1
41867_40.653289_-73.938908_EB,41867,40.653289,-73.938908,Brooklyn,LINDEN BOULEVARD,East 42 Street,Albany Avenue,EB,2024,5,2024-05-01,Before congestion pricing,Weekday,Midday (10-15),98.33,393.3,134,120,5,1
41867_40.653289_-73.938908_EB,41867,40.653289,-73.938908,Brooklyn,LINDEN BOULEVARD,East 42 Street,Albany Avenue,EB,2024,5,2024-05-01,Before congestion pricing,Weekend,Midday (10-15),79.09,316.4,103,96,4,1
41867_40.653289_-73.938908_WB,41867,40.653289,-73.938908,Brooklyn,LINDEN BOULEVARD,East 42 Street,Albany Avenue,WB,2024,5,2024-05-01,Before congestion pricing,Weekend,Midday (10-15),88.55,354.2,112,96,4,1
41867_40.653289_-73.938908_WB,41867,40.653289,-73.938908,Brooklyn,LINDEN BOULEVARD,East 42 Street,Albany Avenue,WB,2024,5,2024-05-01,Before congestion pricing,Weekday,Overnight (00-05),25.93,103.7,103,120,5,1
41867_40.653289_-73.938908_EB,41867,40.653289,-73.938908,Brooklyn,LINDEN BOULEVARD,East 42 Street,Albany Avenue,EB,2024,5,2024-05-01,Before congestion pricing,Weekday,Overnight (00-05),27.85,111.4,61,120,5,1
41867_40.653289_-73.938908_EB,41867,40.653289,-73.938908,Brooklyn,LINDEN BOULEVARD,East 42 Street,Albany Avenue,EB,2024,5,2024-05-01,Before congestion pricing,Weekend,Overnight (00-05),39.53,158.1,75,96,4,1
41867_40.653289_-73.938908_WB,41867,40.653289,-73.938908,Brooklyn,LINDEN BOULEVARD,East 42 Street,Albany Avenue,WB,2024,5,2024-05-01,Before congestion pricing,Weekend,Overnight (00-05),27.89,111.5,54,96,4,1
41867_40.653289_-73.938908_WB,41867,40.653289,-73.938908,Brooklyn,LINDEN BOULEVARD,East 42 Street,Albany Avenue,WB,2024,5,2024-05-01,Before congestion pricing,Weekday,PM peak (16-19),89.78,359.1,123,80,5,1
41867_40.653289_-73.938908_EB,41867,40.653289,-73.938908,Brooklyn,LINDEN BOULEVARD,East 42 Street,Albany Avenue,EB,2024,5,2024-05-01,Before congestion pricing,Weekday,PM peak (16-19),110.42,441.7,136,80,5,1
41867_40.653289_-73.938908_EB,41867,40.653289,-73.938908,Brooklyn,LINDEN BOULEVARD,East 42 Street,Albany Avenue,EB,2024,5,2024-05-01,Before congestion pricing,Weekend,PM peak (16-19),81.42,325.7,95,64,4,1
41867_40.653289_-73.938908_WB,41867,40.653289,-73.938908,Brooklyn,LINDEN BOULEVARD,East 42 Street,Albany Avenue,WB,2024,5,2024-05-01,Before congestion pricing,Weekend,PM peak (16-19),86.92,347.7,115,64,4,1
42089_40.653782_-73.930975_EB,42089,40.653782,-73.930975,Brooklyn,LINDEN BOULEVARD,East 49 Street,Utica Avenue,EB,2024,5,2024-05-01,Before congestion pricing,Weekday,AM peak (06-09),71.56,286.2,95,80,5,1
42089_40.653782_-73.930975_WB,42089,40.653782,-73.930975,Brooklyn,LINDEN BOULEVARD,East 49 Street,Utica Avenue,WB,2024,5,2024-05-01,Before congestion pricing,Weekday,AM peak (06-09),134.80,539.2,156,80,5,1
42089_40.653782_-73.930975_EB,42089,40.653782,-73.930975,Brooklyn,LINDEN BOULEVARD,East 49 Street,Utica Avenue,EB,2024,5,2024-05-01,Before congestion pricing,Weekend,AM peak (06-09),48.86,195.4,74,64,4,1
42089_40.653782_-73.930975_WB,42089,40.653782,-73.930975,Brooklyn,LINDEN BOULEVARD,East 49 Street,Utica Avenue,WB,2024,5,2024-05-01,Before congestion pricing,Weekend,AM peak (06-09),52.08,208.3,80,64,4,1
42089_40.653782_-73.930975_EB,42089,40.653782,-73.930975,Brooklyn,LINDEN BOULEVARD,East 49 Street,Utica Avenue,EB,2024,5,2024-05-01,Before congestion pricing,Weekday,Evening (20-23),78.49,313.9,115,80,5,1
42089_40.653782_-73.930975_WB,42089,40.653782,-73.930975,Brooklyn,LINDEN BOULEVARD,East 49 Street,Utica Avenue,WB,2024,5,2024-05-01,Before congestion pricing,Weekday,Evening (20-23),64.55,258.2,108,80,5,1
42089_40.653782_-73.930975_EB,42089,40.653782,-73.930975,Brooklyn,LINDEN BOULEVARD,East 49 Street,Utica Avenue,EB,2024,5,2024-05-01,Before congestion pricing,Weekend,Evening (20-23),68.22,272.9,91,64,4,1
42089_40.653782_-73.930975_WB,42089,40.653782,-73.930975,Brooklyn,LINDEN BOULEVARD,East 49 Street,Utica Avenue,WB,2024,5,2024-05-01,Before congestion pricing,Weekend,Evening (20-23),62.12,248.5,95,64,4,1
42089_40.653782_-73.930975_EB,42089,40.653782,-73.930975,Brooklyn,LINDEN BOULEVARD,East 49 Street,Utica Avenue,EB,2024,5,2024-05-01,Before congestion pricing,Weekday,Midday (10-15),92.60,370.4,119,120,5,1
42089_40.653782_-73.930975_WB,42089,40.653782,-73.930975,Brooklyn,LINDEN BOULEVARD,East 49 Street,Utica Avenue,WB,2024,5,2024-05-01,Before congestion pricing,Weekday,Midday (10-15),100.83,403.3,130,120,5,1
42089_40.653782_-73.930975_EB,42089,40.653782,-73.930975,Brooklyn,LINDEN BOULEVARD,East 49 Street,Utica Avenue,EB,2024,5,2024-05-01,Before congestion pricing,Weekend,Midday (10-15),76.93,307.7,96,96,4,1
42089_40.653782_-73.930975_WB,42089,40.653782,-73.930975,Brooklyn,LINDEN BOULEVARD,East 49 Street,Utica Avenue,WB,2024,5,2024-05-01,Before congestion pricing,Weekend,Midday (10-15),86.45,345.8,114,96,4,1
42089_40.653782_-73.930975_EB,42089,40.653782,-73.930975,Brooklyn,LINDEN BOULEVARD,East 49 Street,Utica Avenue,EB,2024,5,2024-05-01,Before congestion pricing,Weekday,Overnight (00-05),32.70,130.8,63,120,5,1
42089_40.653782_-73.930975_WB,42089,40.653782,-73.930975,Brooklyn,LINDEN BOULEVARD,East 49 Street,Utica Avenue,WB,2024,5,2024-05-01,Before congestion pricing,Weekday,Overnight (00-05),28.58,114.3,98,120,5,1
42089_40.653782_-73.930975_EB,42089,40.653782,-73.930975,Brooklyn,LINDEN BOULEVARD,East 49 Street,Utica Avenue,EB,2024,5,2024-05-01,Before congestion pricing,Weekend,Overnight (00-05),40.88,163.5,71,96,4,1
42089_40.653782_-73.930975_WB,42089,40.653782,-73.930975,Brooklyn,LINDEN BOULEVARD,East 49 Street,Utica Avenue,WB,2024,5,2024-05-01,Before congestion pricing,Weekend,Overnight (00-05),28.92,115.7,62,96,4,1
42089_40.653782_-73.930975_EB,42089,40.653782,-73.930975,Brooklyn,LINDEN BOULEVARD,East 49 Street,Utica Avenue,EB,2024,5,2024-05-01,Before congestion pricing,Weekday,PM peak (16-19),101.54,406.1,121,80,5,1
42089_40.653782_-73.930975_WB,42089,40.653782,-73.930975,Brooklyn,LINDEN BOULEVARD,East 49 Street,Utica Avenue,WB,2024,5,2024-05-01,Before congestion pricing,Weekday,PM peak (16-19),105.38,421.5,135,80,5,1
42089_40.653782_-73.930975_EB,42089,40.653782,-73.930975,Brooklyn,LINDEN BOULEVARD,East 49 Street,Utica Avenue,EB,2024,5,2024-05-01,Before congestion pricing,Weekend,PM peak (16-19),81.53,326.1,97,64,4,1
42089_40.653782_-73.930975_WB,42089,40.653782,-73.930975,Brooklyn,LINDEN BOULEVARD,East 49 Street,Utica Avenue,WB,2024,5,2024-05-01,Before congestion pricing,Weekend,PM peak (16-19),88.73,354.9,111,64,4,1
45262_40.701175_-73.911739_NB,45262,40.701175,-73.911739,Brooklyn,LINDEN STREET,14 Street/canarsie Line,St Nicholas Avenue,NB,2024,5,2024-05-01,Before congestion pricing,Weekday,AM peak (06-09),30.25,121.0,48,16,1,1
45262_40.701175_-73.911739_NB,45262,40.701175,-73.911739,Brooklyn,LINDEN STREET,14 Street/canarsie Line,St Nicholas Avenue,NB,2024,5,2024-05-01,Before congestion pricing,Weekday,Evening (20-23),38.94,155.8,65,32,2,1
45262_40.701175_-73.911739_NB,45262,40.701175,-73.911739,Brooklyn,LINDEN STREET,14 Street/canarsie Line,St Nicholas Avenue,NB,2024,5,2024-05-01,Before congestion pricing,Weekday,Midday (10-15),55.62,222.5,85,47,2,1
45262_40.701175_-73.911739_NB,45262,40.701175,-73.911739,Brooklyn,LINDEN STREET,14 Street/canarsie Line,St Nicholas Avenue,NB,2024,5,2024-05-01,Before congestion pricing,Weekday,Overnight (00-05),11.33,45.3,32,24,1,1
45262_40.701175_-73.911739_NB,45262,40.701175,-73.911739,Brooklyn,LINDEN STREET,14 Street/canarsie Line,St Nicholas Avenue,NB,2024,5,2024-05-01,Before congestion pricing,Weekday,PM peak (16-19),65.12,260.5,88,32,2,1
22652_40.679458_-73.988303_EB,22652,40.679458,-73.988303,Brooklyn,UNION ST BRIDGE,Gowanus Canal Shoreline,Gowanus Canal Shoreline,EB,2024,5,2024-05-01,Before congestion pricing,Weekday,AM peak (06-09),33.95,135.8,75,160,10,1
22652_40.679458_-73.988303_EB,22652,40.679458,-73.988303,Brooklyn,UNION ST BRIDGE,Gowanus Canal Shoreline,Gowanus Canal Shoreline,EB,2024,5,2024-05-01,Before congestion pricing,Weekend,AM peak (06-09),22.40,89.6,49,55,4,1
22652_40.679458_-73.988303_EB,22652,40.679458,-73.988303,Brooklyn,UNION ST BRIDGE,Gowanus Canal Shoreline,Gowanus Canal Shoreline,EB,2024,5,2024-05-01,Before congestion pricing,Weekday,Evening (20-23),36.27,145.1,70,160,10,1
22652_40.679458_-73.988303_EB,22652,40.679458,-73.988303,Brooklyn,UNION ST BRIDGE,Gowanus Canal Shoreline,Gowanus Canal Shoreline,EB,2024,5,2024-05-01,Before congestion pricing,Weekend,Evening (20-23),38.38,153.5,58,64,4,1
22652_40.679458_-73.988303_EB,22652,40.679458,-73.988303,Brooklyn,UNION ST BRIDGE,Gowanus Canal Shoreline,Gowanus Canal Shoreline,EB,2024,5,2024-05-01,Before congestion pricing,Weekday,Midday (10-15),49.75,199.0,100,240,10,1
22652_40.679458_-73.988303_EB,22652,40.679458,-73.988303,Brooklyn,UNION ST BRIDGE,Gowanus Canal Shoreline,Gowanus Canal Shoreline,EB,2024,5,2024-05-01,Before congestion pricing,Weekend,Midday (10-15),52.95,211.8,88,96,4,1
22652_40.679458_-73.988303_EB,22652,40.679458,-73.988303,Brooklyn,UNION ST BRIDGE,Gowanus Canal Shoreline,Gowanus Canal Shoreline,EB,2024,5,2024-05-01,Before congestion pricing,Weekday,Overnight (00-05),8.08,32.3,41,240,10,1
22652_40.679458_-73.988303_EB,22652,40.679458,-73.988303,Brooklyn,UNION ST BRIDGE,Gowanus Canal Shoreline,Gowanus Canal Shoreline,EB,2024,5,2024-05-01,Before congestion pricing,Weekend,Overnight (00-05),10.78,43.1,35,72,3,1
22652_40.679458_-73.988303_EB,22652,40.679458,-73.988303,Brooklyn,UNION ST BRIDGE,Gowanus Canal Shoreline,Gowanus Canal Shoreline,EB,2024,5,2024-05-01,Before congestion pricing,Weekday,PM peak (16-19),62.89,251.6,104,160,10,1
22652_40.679458_-73.988303_EB,22652,40.679458,-73.988303,Brooklyn,UNION ST BRIDGE,Gowanus Canal Shoreline,Gowanus Canal Shoreline,EB,2024,5,2024-05-01,Before congestion pricing,Weekend,PM peak (16-19),57.09,228.4,80,64,4,1
92357_40.786715_-73.824806_EB,92357,40.786715,-73.824806,Queens,14 AVENUE,143 Place,Whitestone Expressway Sr West,EB,2024,6,2024-06-01,Before congestion pricing,Weekday,AM peak (06-09),105.64,422.6,142,80,5,1
92357_40.786715_-73.824806_EB,92357,40.786715,-73.824806,Queens,14 AVENUE,143 Place,Whitestone Expressway Sr West,EB,2024,6,2024-06-01,Before congestion pricing,Weekend,AM peak (06-09),56.91,227.6,137,64,4,1
92357_40.786715_-73.824806_EB,92357,40.786715,-73.824806,Queens,14 AVENUE,143 Place,Whitestone Expressway Sr West,EB,2024,6,2024-06-01,Before congestion pricing,Weekday,Evening (20-23),58.49,233.9,103,80,5,1
92357_40.786715_-73.824806_EB,92357,40.786715,-73.824806,Queens,14 AVENUE,143 Place,Whitestone Expressway Sr West,EB,2024,6,2024-06-01,Before congestion pricing,Weekend,Evening (20-23),57.72,230.9,91,64,4,1
92357_40.786715_-73.824806_EB,92357,40.786715,-73.824806,Queens,14 AVENUE,143 Place,Whitestone Expressway Sr West,EB,2024,6,2024-06-01,Before congestion pricing,Weekday,Midday (10-15),112.03,448.1,146,120,5,1
92357_40.786715_-73.824806_EB,92357,40.786715,-73.824806,Queens,14 AVENUE,143 Place,Whitestone Expressway Sr West,EB,2024,6,2024-06-01,Before congestion pricing,Weekend,Midday (10-15),113.64,454.5,144,96,4,1
92357_40.786715_-73.824806_EB,92357,40.786715,-73.824806,Queens,14 AVENUE,143 Place,Whitestone Expressway Sr West,EB,2024,6,2024-06-01,Before congestion pricing,Weekday,Overnight (00-05),22.26,89.0,79,120,5,1
92357_40.786715_-73.824806_EB,92357,40.786715,-73.824806,Queens,14 AVENUE,143 Place,Whitestone Expressway Sr West,EB,2024,6,2024-06-01,Before congestion pricing,Weekend,Overnight (00-05),19.25,77.0,48,96,4,1
92357_40.786715_-73.824806_EB,92357,40.786715,-73.824806,Queens,14 AVENUE,143 Place,Whitestone Expressway Sr West,EB,2024,6,2024-06-01,Before congestion pricing,Weekday,PM peak (16-19),118.40,473.6,141,80,5,1
92357_40.786715_-73.824806_EB,92357,40.786715,-73.824806,Queens,14 AVENUE,143 Place,Whitestone Expressway Sr West,EB,2024,6,2024-06-01,Before congestion pricing,Weekend,PM peak (16-19),91.05,364.2,137,64,4,1
92481_40.786768_-73.823687_WB,92481,40.786768,-73.823687,Queens,14 AVENUE,144 Place,Whitestone Expressway,WB,2024,6,2024-06-01,Before congestion pricing,Weekday,AM peak (06-09),146.72,586.9,220,80,5,1
92481_40.786768_-73.823687_WB,92481,40.786768,-73.823687,Queens,14 AVENUE,144 Place,Whitestone Expressway,WB,2024,6,2024-06-01,Before congestion pricing,Weekend,AM peak (06-09),68.39,273.6,119,64,4,1
92481_40.786768_-73.823687_WB,92481,40.786768,-73.823687,Queens,14 AVENUE,144 Place,Whitestone Expressway,WB,2024,6,2024-06-01,Before congestion pricing,Weekday,Evening (20-23),92.06,368.2,160,80,5,1
92481_40.786768_-73.823687_WB,92481,40.786768,-73.823687,Queens,14 AVENUE,144 Place,Whitestone Expressway,WB,2024,6,2024-06-01,Before congestion pricing,Weekend,Evening (20-23),93.94,375.8,136,64,4,1
92481_40.786768_-73.823687_WB,92481,40.786768,-73.823687,Queens,14 AVENUE,144 Place,Whitestone Expressway,WB,2024,6,2024-06-01,Before congestion pricing,Weekday,Midday (10-15),147.78,591.1,190,120,5,1
92481_40.786768_-73.823687_WB,92481,40.786768,-73.823687,Queens,14 AVENUE,144 Place,Whitestone Expressway,WB,2024,6,2024-06-01,Before congestion pricing,Weekend,Midday (10-15),137.75,551.0,172,96,4,1
92481_40.786768_-73.823687_WB,92481,40.786768,-73.823687,Queens,14 AVENUE,144 Place,Whitestone Expressway,WB,2024,6,2024-06-01,Before congestion pricing,Weekday,Overnight (00-05),30.18,120.7,85,120,5,1
92481_40.786768_-73.823687_WB,92481,40.786768,-73.823687,Queens,14 AVENUE,144 Place,Whitestone Expressway,WB,2024,6,2024-06-01,Before congestion pricing,Weekend,Overnight (00-05),34.81,139.2,92,96,4,1
92481_40.786768_-73.823687_WB,92481,40.786768,-73.823687,Queens,14 AVENUE,144 Place,Whitestone Expressway,WB,2024,6,2024-06-01,Before congestion pricing,Weekday,PM peak (16-19),151.18,604.7,185,80,5,1
92481_40.786768_-73.823687_WB,92481,40.786768,-73.823687,Queens,14 AVENUE,144 Place,Whitestone Expressway,WB,2024,6,2024-06-01,Before congestion pricing,Weekend,PM peak (16-19),125.73,502.9,159,64,4,1
45171_40.706716_-73.916777_SB,45171,40.706716,-73.916777,Queens,DE KALB AVENUE,Seneca Avenue,Cypress Avenue,SB,2024,6,2024-06-01,Before congestion pricing,Weekday,AM peak (06-09),34.56,138.2,63,173,11,1
45171_40.706716_-73.916777_SB,45171,40.706716,-73.916777,Queens,DE KALB AVENUE,Seneca Avenue,Cypress Avenue,SB,2024,6,2024-06-01,Before congestion pricing,Weekend,AM peak (06-09),18.78,75.1,37,72,5,1
45171_40.706716_-73.916777_SB,45171,40.706716,-73.916777,Queens,DE KALB AVENUE,Seneca Avenue,Cypress Avenue,SB,2024,6,2024-06-01,Before congestion pricing,Weekday,Evening (20-23),19.99,80.0,55,176,11,1
45171_40.706716_-73.916777_SB,45171,40.706716,-73.916777,Queens,DE KALB AVENUE,Seneca Avenue,Cypress Avenue,SB,2024,6,2024-06-01,Before congestion pricing,Weekend,Evening (20-23),23.75,95.0,42,64,4,1
45171_40.706716_-73.916777_SB,45171,40.706716,-73.916777,Queens,DE KALB AVENUE,Seneca Avenue,Cypress Avenue,SB,2024,6,2024-06-01,Before congestion pricing,Weekday,Midday (10-15),33.94,135.8,51,264,11,1
45171_40.706716_-73.916777_SB,45171,40.706716,-73.916777,Queens,DE KALB AVENUE,Seneca Avenue,Cypress Avenue,SB,2024,6,2024-06-01,Before congestion pricing,Weekend,Midday (10-15),34.30,137.2,54,96,4,1
45171_40.706716_-73.916777_SB,45171,40.706716,-73.916777,Queens,DE KALB AVENUE,Seneca Avenue,Cypress Avenue,SB,2024,6,2024-06-01,Before congestion pricing,Weekday,Overnight (00-05),6.40,25.6,19,240,10,1
45171_40.706716_-73.916777_SB,45171,40.706716,-73.916777,Queens,DE KALB AVENUE,Seneca Avenue,Cypress Avenue,SB,2024,6,2024-06-01,Before congestion pricing,Weekend,Overnight (00-05),10.61,42.4,22,120,5,1
45171_40.706716_-73.916777_SB,45171,40.706716,-73.916777,Queens,DE KALB AVENUE,Seneca Avenue,Cypress Avenue,SB,2024,6,2024-06-01,Before congestion pricing,Weekday,PM peak (16-19),37.99,152.0,64,176,11,1
45171_40.706716_-73.916777_SB,45171,40.706716,-73.916777,Queens,DE KALB AVENUE,Seneca Avenue,Cypress Avenue,SB,2024,6,2024-06-01,Before congestion pricing,Weekend,PM peak (16-19),31.44,125.8,57,64,4,1
45052_40.706345_-73.917157_NB,45052,40.706345,-73.917157,Brooklyn,DEKALB AVENUE,St Nicholas Avenue,Cypress Avenue,NB,2024,6,2024-06-01,Before congestion pricing,Weekday,AM peak (06-09),25.59,102.3,55,80,5,1
45052_40.706345_-73.917157_NB,45052,40.706345,-73.917157,Brooklyn,DEKALB AVENUE,St Nicholas Avenue,Cypress Avenue,NB,2024,6,2024-06-01,Before congestion pricing,Weekend,AM peak (06-09),14.56,58.2,27,36,3,1
45052_40.706345_-73.917157_NB,45052,40.706345,-73.917157,Brooklyn,DEKALB AVENUE,St Nicholas Avenue,Cypress Avenue,NB,2024,6,2024-06-01,Before congestion pricing,Weekday,Evening (20-23),24.74,99.0,42,80,5,1
45052_40.706345_-73.917157_NB,45052,40.706345,-73.917157,Brooklyn,DEKALB AVENUE,St Nicholas Avenue,Cypress Avenue,NB,2024,6,2024-06-01,Before congestion pricing,Weekend,Evening (20-23),32.91,131.6,51,32,2,1
45052_40.706345_-73.917157_NB,45052,40.706345,-73.917157,Brooklyn,DEKALB AVENUE,St Nicholas Avenue,Cypress Avenue,NB,2024,6,2024-06-01,Before congestion pricing,Weekday,Midday (10-15),36.73,146.9,63,120,5,1
45052_40.706345_-73.917157_NB,45052,40.706345,-73.917157,Brooklyn,DEKALB AVENUE,St Nicholas Avenue,Cypress Avenue,NB,2024,6,2024-06-01,Before congestion pricing,Weekend,Midday (10-15),32.15,128.6,54,48,2,1
45052_40.706345_-73.917157_NB,45052,40.706345,-73.917157,Brooklyn,DEKALB AVENUE,St Nicholas Avenue,Cypress Avenue,NB,2024,6,2024-06-01,Before congestion pricing,Weekday,Overnight (00-05),8.02,32.1,24,120,5,1
45052_40.706345_-73.917157_NB,45052,40.706345,-73.917157,Brooklyn,DEKALB AVENUE,St Nicholas Avenue,Cypress Avenue,NB,2024,6,2024-06-01,Before congestion pricing,Weekend,Overnight (00-05),17.79,71.2,51,48,2,1
45052_40.706345_-73.917157_NB,45052,40.706345,-73.917157,Brooklyn,DEKALB AVENUE,St Nicholas Avenue,Cypress Avenue,NB,2024,6,2024-06-01,Before congestion pricing,Weekday,PM peak (16-19),38.27,153.1,59,80,5,1
45052_40.706345_-73.917157_NB,45052,40.706345,-73.917157,Brooklyn,DEKALB AVENUE,St Nicholas Avenue,Cypress Avenue,NB,2024,6,2024-06-01,Before congestion pricing,Weekend,PM peak (16-19),36.72,146.9,54,32,2,1
9014587_40.835125_-73.881189_WB,9014587,40.835125,-73.881189,Bronx,EAST 174 ST BRIDGE,Dead End,Bronx River Shoreline,WB,2024,6,2024-06-01,Before congestion pricing,Weekday,AM peak (06-09),151.91,607.6,243,64,4,1
9014587_40.835125_-73.881189_WB,9014587,40.835125,-73.881189,Bronx,EAST 174 ST BRIDGE,Dead End,Bronx River Shoreline,WB,2024,6,2024-06-01,Before congestion pricing,Weekday,Evening (20-23),75.17,300.7,133,64,4,1
9014587_40.835125_-73.881189_WB,9014587,40.835125,-73.881189,Bronx,EAST 174 ST BRIDGE,Dead End,Bronx River Shoreline,WB,2024,6,2024-06-01,Before congestion pricing,Weekday,Midday (10-15),133.26,533.0,191,96,4,1
9014587_40.835125_-73.881189_WB,9014587,40.835125,-73.881189,Bronx,EAST 174 ST BRIDGE,Dead End,Bronx River Shoreline,WB,2024,6,2024-06-01,Before congestion pricing,Weekday,Overnight (00-05),17.43,69.7,57,96,4,1
9014587_40.835125_-73.881189_WB,9014587,40.835125,-73.881189,Bronx,EAST 174 ST BRIDGE,Dead End,Bronx River Shoreline,WB,2024,6,2024-06-01,Before congestion pricing,Weekday,PM peak (16-19),150.30,601.2,206,64,4,1
28962_40.683616_-73.977138_SB,28962,40.683616,-73.977138,Brooklyn,FLATBUSH AVENUE,Atlantic Avenue,Eastern Parkway Line,SB,2024,6,2024-06-01,Before congestion pricing,Weekday,AM peak (06-09),166.64,666.5,231,80,5,1
28962_40.683616_-73.977138_NB,28962,40.683616,-73.977138,Brooklyn,FLATBUSH AVENUE,Atlantic Avenue,Eastern Parkway Line,NB,2024,6,2024-06-01,Before congestion pricing,Weekday,AM peak (06-09),249.53,998.1,329,80,5,1
28962_40.683616_-73.977138_NB,28962,40.683616,-73.977138,Brooklyn,FLATBUSH AVENUE,Atlantic Avenue,Eastern Parkway Line,NB,2024,6,2024-06-01,Before congestion pricing,Weekend,AM peak (06-09),209.53,838.1,270,32,2,1
28962_40.683616_-73.977138_SB,28962,40.683616,-73.977138,Brooklyn,FLATBUSH AVENUE,Atlantic Avenue,Eastern Parkway Line,SB,2024,6,2024-06-01,Before congestion pricing,Weekend,AM peak (06-09),160.19,640.8,225,32,2,1
28962_40.683616_-73.977138_SB,28962,40.683616,-73.977138,Brooklyn,FLATBUSH AVENUE,Atlantic Avenue,Eastern Parkway Line,SB,2024,6,2024-06-01,Before congestion pricing,Weekday,Evening (20-23),228.31,913.2,278,80,5,1
28962_40.683616_-73.977138_NB,28962,40.683616,-73.977138,Brooklyn,FLATBUSH AVENUE,Atlantic Avenue,Eastern Parkway Line,NB,2024,6,2024-06-01,Before congestion pricing,Weekday,Evening (20-23),192.70,770.8,259,80,5,1
28962_40.683616_-73.977138_NB,28962,40.683616,-73.977138,Brooklyn,FLATBUSH AVENUE,Atlantic Avenue,Eastern Parkway Line,NB,2024,6,2024-06-01,Before congestion pricing,Weekend,Evening (20-23),219.16,876.6,268,32,2,1
28962_40.683616_-73.977138_SB,28962,40.683616,-73.977138,Brooklyn,FLATBUSH AVENUE,Atlantic Avenue,Eastern Parkway Line,SB,2024,6,2024-06-01,Before congestion pricing,Weekend,Evening (20-23),236.81,947.2,284,32,2,1
28962_40.683616_-73.977138_SB,28962,40.683616,-73.977138,Brooklyn,FLATBUSH AVENUE,Atlantic Avenue,Eastern Parkway Line,SB,2024,6,2024-06-01,Before congestion pricing,Weekday,Midday (10-15),197.59,790.4,249,120,5,1
28962_40.683616_-73.977138_NB,28962,40.683616,-73.977138,Brooklyn,FLATBUSH AVENUE,Atlantic Avenue,Eastern Parkway Line,NB,2024,6,2024-06-01,Before congestion pricing,Weekday,Midday (10-15),205.52,822.1,269,120,5,1
28962_40.683616_-73.977138_NB,28962,40.683616,-73.977138,Brooklyn,FLATBUSH AVENUE,Atlantic Avenue,Eastern Parkway Line,NB,2024,6,2024-06-01,Before congestion pricing,Weekend,Midday (10-15),244.75,979.0,290,48,2,1
28962_40.683616_-73.977138_SB,28962,40.683616,-73.977138,Brooklyn,FLATBUSH AVENUE,Atlantic Avenue,Eastern Parkway Line,SB,2024,6,2024-06-01,Before congestion pricing,Weekend,Midday (10-15),237.92,951.7,277,48,2,1
28962_40.683616_-73.977138_SB,28962,40.683616,-73.977138,Brooklyn,FLATBUSH AVENUE,Atlantic Avenue,Eastern Parkway Line,SB,2024,6,2024-06-01,Before congestion pricing,Weekday,Overnight (00-05),88.23,352.9,284,120,5,1
28962_40.683616_-73.977138_NB,28962,40.683616,-73.977138,Brooklyn,FLATBUSH AVENUE,Atlantic Avenue,Eastern Parkway Line,NB,2024,6,2024-06-01,Before congestion pricing,Weekday,Overnight (00-05),98.99,396.0,335,120,5,1
28962_40.683616_-73.977138_NB,28962,40.683616,-73.977138,Brooklyn,FLATBUSH AVENUE,Atlantic Avenue,Eastern Parkway Line,NB,2024,6,2024-06-01,Before congestion pricing,Weekend,Overnight (00-05),124.25,497.0,218,48,2,1
28962_40.683616_-73.977138_SB,28962,40.683616,-73.977138,Brooklyn,FLATBUSH AVENUE,Atlantic Avenue,Eastern Parkway Line,SB,2024,6,2024-06-01,Before congestion pricing,Weekend,Overnight (00-05),157.67,630.7,285,48,2,1
28962_40.683616_-73.977138_SB,28962,40.683616,-73.977138,Brooklyn,FLATBUSH AVENUE,Atlantic Avenue,Eastern Parkway Line,SB,2024,6,2024-06-01,Before congestion pricing,Weekday,PM peak (16-19),214.66,858.6,265,80,5,1
28962_40.683616_-73.977138_NB,28962,40.683616,-73.977138,Brooklyn,FLATBUSH AVENUE,Atlantic Avenue,Eastern Parkway Line,NB,2024,6,2024-06-01,Before congestion pricing,Weekday,PM peak (16-19),238.38,953.5,298,80,5,1
28962_40.683616_-73.977138_NB,28962,40.683616,-73.977138,Brooklyn,FLATBUSH AVENUE,Atlantic Avenue,Eastern Parkway Line,NB,2024,6,2024-06-01,Before congestion pricing,Weekend,PM peak (16-19),238.16,952.6,283,32,2,1
28962_40.683616_-73.977138_SB,28962,40.683616,-73.977138,Brooklyn,FLATBUSH AVENUE,Atlantic Avenue,Eastern Parkway Line,SB,2024,6,2024-06-01,Before congestion pricing,Weekend,PM peak (16-19),243.56,974.2,288,32,2,1
91575_40.748058_-73.816314_SB,91575,40.748058,-73.816314,Queens,KISSENA BOULEVARD,Negundo Avenue,Oak Avenue,SB,2024,6,2024-06-01,Before congestion pricing,Weekday,AM peak (06-09),66.69,266.8,102,80,5,1
91575_40.748058_-73.816314_SB,91575,40.748058,-73.816314,Queens,KISSENA BOULEVARD,Negundo Avenue,Oak Avenue,SB,2024,6,2024-06-01,Before congestion pricing,Weekend,AM peak (06-09),55.69,222.8,97,64,4,1
91575_40.748058_-73.816314_SB,91575,40.748058,-73.816314,Queens,KISSENA BOULEVARD,Negundo Avenue,Oak Avenue,SB,2024,6,2024-06-01,Before congestion pricing,Weekday,Evening (20-23),64.01,256.1,102,80,5,1
91575_40.748058_-73.816314_SB,91575,40.748058,-73.816314,Queens,KISSENA BOULEVARD,Negundo Avenue,Oak Avenue,SB,2024,6,2024-06-01,Before congestion pricing,Weekend,Evening (20-23),66.55,266.2,97,64,4,1
91575_40.748058_-73.816314_SB,91575,40.748058,-73.816314,Queens,KISSENA BOULEVARD,Negundo Avenue,Oak Avenue,SB,2024,6,2024-06-01,Before congestion pricing,Weekday,Midday (10-15),87.46,349.8,109,120,5,1
91575_40.748058_-73.816314_SB,91575,40.748058,-73.816314,Queens,KISSENA BOULEVARD,Negundo Avenue,Oak Avenue,SB,2024,6,2024-06-01,Before congestion pricing,Weekend,Midday (10-15),84.72,338.9,104,96,4,1
91575_40.748058_-73.816314_SB,91575,40.748058,-73.816314,Queens,KISSENA BOULEVARD,Negundo Avenue,Oak Avenue,SB,2024,6,2024-06-01,Before congestion pricing,Weekday,Overnight (00-05),16.66,66.6,43,120,5,1
91575_40.748058_-73.816314_SB,91575,40.748058,-73.816314,Queens,KISSENA BOULEVARD,Negundo Avenue,Oak Avenue,SB,2024,6,2024-06-01,Before congestion pricing,Weekend,Overnight (00-05),15.20,60.8,45,96,4,1
91575_40.748058_-73.816314_SB,91575,40.748058,-73.816314,Queens,KISSENA BOULEVARD,Negundo Avenue,Oak Avenue,SB,2024,6,2024-06-01,Before congestion pricing,Weekday,PM peak (16-19),88.71,354.9,107,80,5,1
91575_40.748058_-73.816314_SB,91575,40.748058,-73.816314,Queens,KISSENA BOULEVARD,Negundo Avenue,Oak Avenue,SB,2024,6,2024-06-01,Before congestion pricing,Weekend,PM peak (16-19),80.61,322.4,97,64,4,1
91580_40.747520_-73.815709_NB,91580,40.747520,-73.815709,Queens,KISSENA BOULEVARD,Poplar Avenue,Oak Avenue,NB,2024,6,2024-06-01,Before congestion pricing,Weekday,AM peak (06-09),86.14,344.6,116,80,5,1
91580_40.747520_-73.815709_NB,91580,40.747520,-73.815709,Queens,KISSENA BOULEVARD,Poplar Avenue,Oak Avenue,NB,2024,6,2024-06-01,Before congestion pricing,Weekend,AM peak (06-09),66.88,267.5,126,64,4,1
91580_40.747520_-73.815709_NB,91580,40.747520,-73.815709,Queens,KISSENA BOULEVARD,Poplar Avenue,Oak Avenue,NB,2024,6,2024-06-01,Before congestion pricing,Weekday,Evening (20-23),74.24,296.9,117,80,5,1
91580_40.747520_-73.815709_NB,91580,40.747520,-73.815709,Queens,KISSENA BOULEVARD,Poplar Avenue,Oak Avenue,NB,2024,6,2024-06-01,Before congestion pricing,Weekend,Evening (20-23),74.58,298.3,108,64,4,1
91580_40.747520_-73.815709_NB,91580,40.747520,-73.815709,Queens,KISSENA BOULEVARD,Poplar Avenue,Oak Avenue,NB,2024,6,2024-06-01,Before congestion pricing,Weekday,Midday (10-15),93.93,375.7,111,120,5,1
91580_40.747520_-73.815709_NB,91580,40.747520,-73.815709,Queens,KISSENA BOULEVARD,Poplar Avenue,Oak Avenue,NB,2024,6,2024-06-01,Before congestion pricing,Weekend,Midday (10-15),100.31,401.2,129,96,4,1
91580_40.747520_-73.815709_NB,91580,40.747520,-73.815709,Queens,KISSENA BOULEVARD,Poplar Avenue,Oak Avenue,NB,2024,6,2024-06-01,Before congestion pricing,Weekday,Overnight (00-05),12.78,51.1,32,120,5,1
91580_40.747520_-73.815709_NB,91580,40.747520,-73.815709,Queens,KISSENA BOULEVARD,Poplar Avenue,Oak Avenue,NB,2024,6,2024-06-01,Before congestion pricing,Weekend,Overnight (00-05),13.49,54.0,38,96,4,1
91580_40.747520_-73.815709_NB,91580,40.747520,-73.815709,Queens,KISSENA BOULEVARD,Poplar Avenue,Oak Avenue,NB,2024,6,2024-06-01,Before congestion pricing,Weekday,PM peak (16-19),95.39,381.6,115,80,5,1
91580_40.747520_-73.815709_NB,91580,40.747520,-73.815709,Queens,KISSENA BOULEVARD,Poplar Avenue,Oak Avenue,NB,2024,6,2024-06-01,Before congestion pricing,Weekend,PM peak (16-19),91.34,365.4,110,64,4,1
45262_40.701175_-73.911739_NB,45262,40.701175,-73.911739,Brooklyn,LINDEN STREET,14 Street/canarsie Line,St Nicholas Avenue,NB,2024,6,2024-06-01,Before congestion pricing,Weekday,AM peak (06-09),30.39,121.6,56,160,10,1
45262_40.701175_-73.911739_NB,45262,40.701175,-73.911739,Brooklyn,LINDEN STREET,14 Street/canarsie Line,St Nicholas Avenue,NB,2024,6,2024-06-01,Before congestion pricing,Weekend,AM peak (06-09),23.22,92.9,58,67,5,1
45262_40.701175_-73.911739_NB,45262,40.701175,-73.911739,Brooklyn,LINDEN STREET,14 Street/canarsie Line,St Nicholas Avenue,NB,2024,6,2024-06-01,Before congestion pricing,Weekday,Evening (20-23),29.18,116.7,61,160,10,1
45262_40.701175_-73.911739_NB,45262,40.701175,-73.911739,Brooklyn,LINDEN STREET,14 Street/canarsie Line,St Nicholas Avenue,NB,2024,6,2024-06-01,Before congestion pricing,Weekend,Evening (20-23),36.39,145.6,58,64,4,1
45262_40.701175_-73.911739_NB,45262,40.701175,-73.911739,Brooklyn,LINDEN STREET,14 Street/canarsie Line,St Nicholas Avenue,NB,2024,6,2024-06-01,Before congestion pricing,Weekday,Midday (10-15),49.46,197.8,80,240,10,1
45262_40.701175_-73.911739_NB,45262,40.701175,-73.911739,Brooklyn,LINDEN STREET,14 Street/canarsie Line,St Nicholas Avenue,NB,2024,6,2024-06-01,Before congestion pricing,Weekend,Midday (10-15),38.58,154.3,72,96,4,1
45262_40.701175_-73.911739_NB,45262,40.701175,-73.911739,Brooklyn,LINDEN STREET,14 Street/canarsie Line,St Nicholas Avenue,NB,2024,6,2024-06-01,Before congestion pricing,Weekday,Overnight (00-05),9.72,38.9,24,240,10,1
45262_40.701175_-73.911739_NB,45262,40.701175,-73.911739,Brooklyn,LINDEN STREET,14 Street/canarsie Line,St Nicholas Avenue,NB,2024,6,2024-06-01,Before congestion pricing,Weekend,Overnight (00-05),20.74,83.0,50,120,5,1
45262_40.701175_-73.911739_NB,45262,40.701175,-73.911739,Brooklyn,LINDEN STREET,14 Street/canarsie Line,St Nicholas Avenue,NB,2024,6,2024-06-01,Before congestion pricing,Weekday,PM peak (16-19),56.42,225.7,85,160,10,1
45262_40.701175_-73.911739_NB,45262,40.701175,-73.911739,Brooklyn,LINDEN STREET,14 Street/canarsie Line,St Nicholas Avenue,NB,2024,6,2024-06-01,Before congestion pricing,Weekend,PM peak (16-19),42.06,168.2,74,64,4,1
44643_40.714291_-73.931223_EB,44643,40.714291,-73.931223,Brooklyn,METROPOLITAN AVENUE BRIDGE,English Kills Shoreline,English Kills Shoreline,EB,2024,6,2024-06-01,Before congestion pricing,Weekday,AM peak (06-09),142.59,570.4,193,80,5,1
44643_40.714291_-73.931223_WB,44643,40.714291,-73.931223,Brooklyn,METROPOLITAN AVENUE BRIDGE,English Kills Shoreline,English Kills Shoreline,WB,2024,6,2024-06-01,Before congestion pricing,Weekday,AM peak (06-09),315.75,1263.0,419,80,5,1
44643_40.714291_-73.931223_WB,44643,40.714291,-73.931223,Brooklyn,METROPOLITAN AVENUE BRIDGE,English Kills Shoreline,English Kills Shoreline,WB,2024,6,2024-06-01,Before congestion pricing,Weekend,AM peak (06-09),145.88,583.5,271,32,2,1
44643_40.714291_-73.931223_EB,44643,40.714291,-73.931223,Brooklyn,METROPOLITAN AVENUE BRIDGE,English Kills Shoreline,English Kills Shoreline,EB,2024,6,2024-06-01,Before congestion pricing,Weekend,AM peak (06-09),97.12,388.5,153,32,2,1
44643_40.714291_-73.931223_EB,44643,40.714291,-73.931223,Brooklyn,METROPOLITAN AVENUE BRIDGE,English Kills Shoreline,English Kills Shoreline,EB,2024,6,2024-06-01,Before congestion pricing,Weekday,Evening (20-23),158.00,632.0,210,80,5,1
44643_40.714291_-73.931223_WB,44643,40.714291,-73.931223,Brooklyn,METROPOLITAN AVENUE BRIDGE,English Kills Shoreline,English Kills Shoreline,WB,2024,6,2024-06-01,Before congestion pricing,Weekday,Evening (20-23),111.46,445.9,193,80,5,1
44643_40.714291_-73.931223_WB,44643,40.714291,-73.931223,Brooklyn,METROPOLITAN AVENUE BRIDGE,English Kills Shoreline,English Kills Shoreline,WB,2024,6,2024-06-01,Before congestion pricing,Weekend,Evening (20-23),187.88,751.5,255,32,2,1
44643_40.714291_-73.931223_EB,44643,40.714291,-73.931223,Brooklyn,METROPOLITAN AVENUE BRIDGE,English Kills Shoreline,English Kills Shoreline,EB,2024,6,2024-06-01,Before congestion pricing,Weekend,Evening (20-23),201.44,805.8,255,32,2,1
44643_40.714291_-73.931223_EB,44643,40.714291,-73.931223,Brooklyn,METROPOLITAN AVENUE BRIDGE,English Kills Shoreline,English Kills Shoreline,EB,2024,6,2024-06-01,Before congestion pricing,Weekday,Midday (10-15),216.79,867.2,306,120,5,1
44643_40.714291_-73.931223_WB,44643,40.714291,-73.931223,Brooklyn,METROPOLITAN AVENUE BRIDGE,English Kills Shoreline,English Kills Shoreline,WB,2024,6,2024-06-01,Before congestion pricing,Weekday,Midday (10-15),253.02,1012.1,308,120,5,1
44643_40.714291_-73.931223_WB,44643,40.714291,-73.931223,Brooklyn,METROPOLITAN AVENUE BRIDGE,English Kills Shoreline,English Kills Shoreline,WB,2024,6,2024-06-01,Before congestion pricing,Weekend,Midday (10-15),219.92,879.7,267,48,2,1
44643_40.714291_-73.931223_EB,44643,40.714291,-73.931223,Brooklyn,METROPOLITAN AVENUE BRIDGE,English Kills Shoreline,English Kills Shoreline,EB,2024,6,2024-06-01,Before congestion pricing,Weekend,Midday (10-15),163.67,654.7,214,48,2,1
44643_40.714291_-73.931223_EB,44643,40.714291,-73.931223,Brooklyn,METROPOLITAN AVENUE BRIDGE,English Kills Shoreline,English Kills Shoreline,EB,2024,6,2024-06-01,Before congestion pricing,Weekday,Overnight (00-05),81.09,324.4,166,120,5,1
44643_40.714291_-73.931223_WB,44643,40.714291,-73.931223,Brooklyn,METROPOLITAN AVENUE BRIDGE,English Kills Shoreline,English Kills Shoreline,WB,2024,6,2024-06-01,Before congestion pricing,Weekday,Overnight (00-05),74.97,299.9,243,120,5,1
44643_40.714291_-73.931223_EB,44643,40.714291,-73.931223,Brooklyn,METROPOLITAN AVENUE BRIDGE,English Kills Shoreline,English Kills Shoreline,EB,2024,6,2024-06-01,Before congestion pricing,Weekend,Overnight (00-05),159.35,637.4,256,48,2,1
44643_40.714291_-73.931223_WB,44643,40.714291,-73.931223,Brooklyn,METROPOLITAN AVENUE BRIDGE,English Kills Shoreline,English Kills Shoreline,WB,2024,6,2024-06-01,Before congestion pricing,Weekend,Overnight (00-05),186.35,745.4,307,48,2,1
44643_40.714291_-73.931223_EB,44643,40.714291,-73.931223,Brooklyn,METROPOLITAN AVENUE BRIDGE,English Kills Shoreline,English Kills Shoreline,EB,2024,6,2024-06-01,Before congestion pricing,Weekday,PM peak (16-19),240.70,962.8,305,80,5,1
44643_40.714291_-73.931223_WB,44643,40.714291,-73.931223,Brooklyn,METROPOLITAN AVENUE BRIDGE,English Kills Shoreline,English Kills Shoreline,WB,2024,6,2024-06-01,Before congestion pricing,Weekday,PM peak (16-19),244.18,976.7,345,80,5,1
44643_40.714291_-73.931223_WB,44643,40.714291,-73.931223,Brooklyn,METROPOLITAN AVENUE BRIDGE,English Kills Shoreline,English Kills Shoreline,WB,2024,6,2024-06-01,Before congestion pricing,Weekend,PM peak (16-19),245.44,981.8,298,32,2,1
44643_40.714291_-73.931223_EB,44643,40.714291,-73.931223,Brooklyn,METROPOLITAN AVENUE BRIDGE,English Kills Shoreline,English Kills Shoreline,EB,2024,6,2024-06-01,Before congestion pricing,Weekend,PM peak (16-19),202.75,811.0,252,32,2,1
75814_40.754331_-73.897047_WB,75814,40.754331,-73.897047,Queens,NORTHERN BOULEVARD,69 Street,70 Street,WB,2024,6,2024-06-01,Before congestion pricing,Weekday,AM peak (06-09),171.26,685.0,211,80,5,1
75814_40.754331_-73.897047_EB,75814,40.754331,-73.897047,Queens,NORTHERN BOULEVARD,69 Street,70 Street,EB,2024,6,2024-06-01,Before congestion pricing,Weekday,AM peak (06-09),105.65,422.6,163,80,5,1
75814_40.754331_-73.897047_EB,75814,40.754331,-73.897047,Queens,NORTHERN BOULEVARD,69 Street,70 Street,EB,2024,6,2024-06-01,Before congestion pricing,Weekend,AM peak (06-09),78.94,315.8,151,32,2,1
75814_40.754331_-73.897047_WB,75814,40.754331,-73.897047,Queens,NORTHERN BOULEVARD,69 Street,70 Street,WB,2024,6,2024-06-01,Before congestion pricing,Weekend,AM peak (06-09),115.62,462.5,172,32,2,1
75814_40.754331_-73.897047_WB,75814,40.754331,-73.897047,Queens,NORTHERN BOULEVARD,69 Street,70 Street,WB,2024,6,2024-06-01,Before congestion pricing,Weekday,Evening (20-23),98.04,392.1,156,80,5,1
75814_40.754331_-73.897047_EB,75814,40.754331,-73.897047,Queens,NORTHERN BOULEVARD,69 Street,70 Street,EB,2024,6,2024-06-01,Before congestion pricing,Weekday,Evening (20-23),135.80,543.2,196,80,5,1
75814_40.754331_-73.897047_EB,75814,40.754331,-73.897047,Queens,NORTHERN BOULEVARD,69 Street,70 Street,EB,2024,6,2024-06-01,Before congestion pricing,Weekend,Evening (20-23),153.19,612.8,188,32,2,1
75814_40.754331_-73.897047_WB,75814,40.754331,-73.897047,Queens,NORTHERN BOULEVARD,69 Street,70 Street,WB,2024,6,2024-06-01,Before congestion pricing,Weekend,Evening (20-23),110.38,441.5,155,32,2,1
75814_40.754331_-73.897047_WB,75814,40.754331,-73.897047,Queens,NORTHERN BOULEVARD,69 Street,70 Street,WB,2024,6,2024-06-01,Before congestion pricing,Weekday,Midday (10-15),141.08,564.3,177,120,5,1
75814_40.754331_-73.897047_EB,75814,40.754331,-73.897047,Queens,NORTHERN BOULEVARD,69 Street,70 Street,EB,2024,6,2024-06-01,Before congestion pricing,Weekday,Midday (10-15),161.71,646.8,233,120,5,1
75814_40.754331_-73.897047_EB,75814,40.754331,-73.897047,Queens,NORTHERN BOULEVARD,69 Street,70 Street,EB,2024,6,2024-06-01,Before congestion pricing,Weekend,Midday (10-15),159.40,637.6,207,48,2,1
75814_40.754331_-73.897047_WB,75814,40.754331,-73.897047,Queens,NORTHERN BOULEVARD,69 Street,70 Street,WB,2024,6,2024-06-01,Before congestion pricing,Weekend,Midday (10-15),145.42,581.7,170,48,2,1
75814_40.754331_-73.897047_WB,75814,40.754331,-73.897047,Queens,NORTHERN BOULEVARD,69 Street,70 Street,WB,2024,6,2024-06-01,Before congestion pricing,Weekday,Overnight (00-05),51.18,204.7,177,120,5,1
75814_40.754331_-73.897047_EB,75814,40.754331,-73.897047,Queens,NORTHERN BOULEVARD,69 Street,70 Street,EB,2024,6,2024-06-01,Before congestion pricing,Weekday,Overnight (00-05),41.48,165.9,93,120,5,1
75814_40.754331_-73.897047_EB,75814,40.754331,-73.897047,Queens,NORTHERN BOULEVARD,69 Street,70 Street,EB,2024,6,2024-06-01,Before congestion pricing,Weekend,Overnight (00-05),66.25,265.0,129,48,2,1
75814_40.754331_-73.897047_WB,75814,40.754331,-73.897047,Queens,NORTHERN BOULEVARD,69 Street,70 Street,WB,2024,6,2024-06-01,Before congestion pricing,Weekend,Overnight (00-05),57.29,229.2,95,48,2,1
75814_40.754331_-73.897047_WB,75814,40.754331,-73.897047,Queens,NORTHERN BOULEVARD,69 Street,70 Street,WB,2024,6,2024-06-01,Before congestion pricing,Weekday,PM peak (16-19),144.96,579.9,177,80,5,1
75814_40.754331_-73.897047_EB,75814,40.754331,-73.897047,Queens,NORTHERN BOULEVARD,69 Street,70 Street,EB,2024,6,2024-06-01,Before congestion pricing,Weekday,PM peak (16-19),202.68,810.7,245,80,5,1
75814_40.754331_-73.897047_EB,75814,40.754331,-73.897047,Queens,NORTHERN BOULEVARD,69 Street,70 Street,EB,2024,6,2024-06-01,Before congestion pricing,Weekend,PM peak (16-19),176.22,704.9,220,32,2,1
75814_40.754331_-73.897047_WB,75814,40.754331,-73.897047,Queens,NORTHERN BOULEVARD,69 Street,70 Street,WB,2024,6,2024-06-01,Before congestion pricing,Weekend,PM peak (16-19),140.12,560.5,161,32,2,1
179027_40.720515_-73.809215_SB,179027,40.720515,-73.809215,Queens,PARSONS BOULEVARD,79 Avenue,Union Turnpike,SB,2024,6,2024-06-01,Before congestion pricing,Weekday,AM peak (06-09),61.51,246.1,102,80,5,1
179027_40.720515_-73.809215_SB,179027,40.720515,-73.809215,Queens,PARSONS BOULEVARD,79 Avenue,Union Turnpike,SB,2024,6,2024-06-01,Before congestion pricing,Weekend,AM peak (06-09),38.41,153.6,70,32,2,1
179027_40.720515_-73.809215_SB,179027,40.720515,-73.809215,Queens,PARSONS BOULEVARD,79 Avenue,Union Turnpike,SB,2024,6,2024-06-01,Before congestion pricing,Weekday,Evening (20-23),37.99,151.9,68,80,5,1
179027_40.720515_-73.809215_SB,179027,40.720515,-73.809215,Queens,PARSONS BOULEVARD,79 Avenue,Union Turnpike,SB,2024,6,2024-06-01,Before congestion pricing,Weekend,Evening (20-23),37.75,151.0,52,32,2,1
179027_40.720515_-73.809215_SB,179027,40.720515,-73.809215,Queens,PARSONS BOULEVARD,79 Avenue,Union Turnpike,SB,2024,6,2024-06-01,Before congestion pricing,Weekday,Midday (10-15),74.85,299.4,103,120,5,1
179027_40.720515_-73.809215_SB,179027,40.720515,-73.809215,Queens,PARSONS BOULEVARD,79 Avenue,Union Turnpike,SB,2024,6,2024-06-01,Before congestion pricing,Weekend,Midday (10-15),67.08,268.3,82,48,2,1
179027_40.720515_-73.809215_SB,179027,40.720515,-73.809215,Queens,PARSONS BOULEVARD,79 Avenue,Union Turnpike,SB,2024,6,2024-06-01,Before congestion pricing,Weekday,Overnight (00-05),9.84,39.4,32,120,5,1
179027_40.720515_-73.809215_SB,179027,40.720515,-73.809215,Queens,PARSONS BOULEVARD,79 Avenue,Union Turnpike,SB,2024,6,2024-06-01,Before congestion pricing,Weekend,Overnight (00-05),11.62,46.5,32,48,2,1
179027_40.720515_-73.809215_SB,179027,40.720515,-73.809215,Queens,PARSONS BOULEVARD,79 Avenue,Union Turnpike,SB,2024,6,2024-06-01,Before congestion pricing,Weekday,PM peak (16-19),75.72,302.9,97,80,5,1
179027_40.720515_-73.809215_SB,179027,40.720515,-73.809215,Queens,PARSONS BOULEVARD,79 Avenue,Union Turnpike,SB,2024,6,2024-06-01,Before congestion pricing,Weekend,PM peak (16-19),60.59,242.4,76,32,2,1
179030_40.719027_-73.808782_NB,179030,40.719027,-73.808782,Queens,PARSONS BOULEVARD,Goethals Avenue,Union Turnpike,NB,2024,6,2024-06-01,Before congestion pricing,Weekday,AM peak (06-09),58.20,232.8,97,80,5,1
179030_40.719027_-73.808782_NB,179030,40.719027,-73.808782,Queens,PARSONS BOULEVARD,Goethals Avenue,Union Turnpike,NB,2024,6,2024-06-01,Before congestion pricing,Weekend,AM peak (06-09),35.50,142.0,66,32,2,1
179030_40.719027_-73.808782_NB,179030,40.719027,-73.808782,Queens,PARSONS BOULEVARD,Goethals Avenue,Union Turnpike,NB,2024,6,2024-06-01,Before congestion pricing,Weekday,Evening (20-23),39.20,156.8,61,80,5,1
179030_40.719027_-73.808782_NB,179030,40.719027,-73.808782,Queens,PARSONS BOULEVARD,Goethals Avenue,Union Turnpike,NB,2024,6,2024-06-01,Before congestion pricing,Weekend,Evening (20-23),48.34,193.4,65,32,2,1
179030_40.719027_-73.808782_NB,179030,40.719027,-73.808782,Queens,PARSONS BOULEVARD,Goethals Avenue,Union Turnpike,NB,2024,6,2024-06-01,Before congestion pricing,Weekday,Midday (10-15),68.60,274.4,98,120,5,1
179030_40.719027_-73.808782_NB,179030,40.719027,-73.808782,Queens,PARSONS BOULEVARD,Goethals Avenue,Union Turnpike,NB,2024,6,2024-06-01,Before congestion pricing,Weekend,Midday (10-15),70.90,283.6,84,48,2,1
179030_40.719027_-73.808782_NB,179030,40.719027,-73.808782,Queens,PARSONS BOULEVARD,Goethals Avenue,Union Turnpike,NB,2024,6,2024-06-01,Before congestion pricing,Weekday,Overnight (00-05),10.08,40.3,32,120,5,1
179030_40.719027_-73.808782_NB,179030,40.719027,-73.808782,Queens,PARSONS BOULEVARD,Goethals Avenue,Union Turnpike,NB,2024,6,2024-06-01,Before congestion pricing,Weekend,Overnight (00-05),14.21,56.8,31,48,2,1
179030_40.719027_-73.808782_NB,179030,40.719027,-73.808782,Queens,PARSONS BOULEVARD,Goethals Avenue,Union Turnpike,NB,2024,6,2024-06-01,Before congestion pricing,Weekday,PM peak (16-19),71.30,285.2,92,80,5,1
179030_40.719027_-73.808782_NB,179030,40.719027,-73.808782,Queens,PARSONS BOULEVARD,Goethals Avenue,Union Turnpike,NB,2024,6,2024-06-01,Before congestion pricing,Weekend,PM peak (16-19),64.94,259.8,80,32,2,1
196368_40.674482_-73.860102_EB,196368,40.674482,-73.860102,Queens,SUTTER AVENUE,Dead End,North Conduit Avenue,EB,2024,6,2024-06-01,Before congestion pricing,Weekday,AM peak (06-09),110.86,443.4,161,80,5,1
196368_40.674482_-73.860102_EB,196368,40.674482,-73.860102,Queens,SUTTER AVENUE,Dead End,North Conduit Avenue,EB,2024,6,2024-06-01,Before congestion pricing,Weekend,AM peak (06-09),62.69,250.8,105,32,2,1
196368_40.674482_-73.860102_EB,196368,40.674482,-73.860102,Queens,SUTTER AVENUE,Dead End,North Conduit Avenue,EB,2024,6,2024-06-01,Before congestion pricing,Weekday,Evening (20-23),73.88,295.5,114,80,5,1
196368_40.674482_-73.860102_EB,196368,40.674482,-73.860102,Queens,SUTTER AVENUE,Dead End,North Conduit Avenue,EB,2024,6,2024-06-01,Before congestion pricing,Weekend,Evening (20-23),80.47,321.9,107,32,2,1
196368_40.674482_-73.860102_EB,196368,40.674482,-73.860102,Queens,SUTTER AVENUE,Dead End,North Conduit Avenue,EB,2024,6,2024-06-01,Before congestion pricing,Weekday,Midday (10-15),101.08,404.3,135,120,5,1
196368_40.674482_-73.860102_EB,196368,40.674482,-73.860102,Queens,SUTTER AVENUE,Dead End,North Conduit Avenue,EB,2024,6,2024-06-01,Before congestion pricing,Weekend,Midday (10-15),109.67,438.7,142,48,2,1
196368_40.674482_-73.860102_EB,196368,40.674482,-73.860102,Queens,SUTTER AVENUE,Dead End,North Conduit Avenue,EB,2024,6,2024-06-01,Before congestion pricing,Weekday,Overnight (00-05),30.50,122.0,82,120,5,1
196368_40.674482_-73.860102_EB,196368,40.674482,-73.860102,Queens,SUTTER AVENUE,Dead End,North Conduit Avenue,EB,2024,6,2024-06-01,Before congestion pricing,Weekend,Overnight (00-05),34.52,138.1,68,48,2,1
196368_40.674482_-73.860102_EB,196368,40.674482,-73.860102,Queens,SUTTER AVENUE,Dead End,North Conduit Avenue,EB,2024,6,2024-06-01,Before congestion pricing,Weekday,PM peak (16-19),115.12,460.5,141,80,5,1
196368_40.674482_-73.860102_EB,196368,40.674482,-73.860102,Queens,SUTTER AVENUE,Dead End,North Conduit Avenue,EB,2024,6,2024-06-01,Before congestion pricing,Weekend,PM peak (16-19),104.59,418.4,132,32,2,1
50963_40.674307_-73.861290_WB,50963,40.674307,-73.861290,Brooklyn,SUTTER AVENUE,South Conduit Avenue,Dead end,WB,2024,6,2024-06-01,Before congestion pricing,Weekday,AM peak (06-09),61.96,247.8,101,80,5,1
50963_40.674307_-73.861290_WB,50963,40.674307,-73.861290,Brooklyn,SUTTER AVENUE,South Conduit Avenue,Dead end,WB,2024,6,2024-06-01,Before congestion pricing,Weekend,AM peak (06-09),32.44,129.8,53,32,2,1
50963_40.674307_-73.861290_WB,50963,40.674307,-73.861290,Brooklyn,SUTTER AVENUE,South Conduit Avenue,Dead end,WB,2024,6,2024-06-01,Before congestion pricing,Weekday,Evening (20-23),49.80,199.2,89,80,5,1
50963_40.674307_-73.861290_WB,50963,40.674307,-73.861290,Brooklyn,SUTTER AVENUE,South Conduit Avenue,Dead end,WB,2024,6,2024-06-01,Before congestion pricing,Weekend,Evening (20-23),50.19,200.8,69,32,2,1
50963_40.674307_-73.861290_WB,50963,40.674307,-73.861290,Brooklyn,SUTTER AVENUE,South Conduit Avenue,Dead end,WB,2024,6,2024-06-01,Before congestion pricing,Weekday,Midday (10-15),77.47,309.9,118,120,5,1
50963_40.674307_-73.861290_WB,50963,40.674307,-73.861290,Brooklyn,SUTTER AVENUE,South Conduit Avenue,Dead end,WB,2024,6,2024-06-01,Before congestion pricing,Weekend,Midday (10-15),72.10,288.4,96,48,2,1
50963_40.674307_-73.861290_WB,50963,40.674307,-73.861290,Brooklyn,SUTTER AVENUE,South Conduit Avenue,Dead end,WB,2024,6,2024-06-01,Before congestion pricing,Weekday,Overnight (00-05),15.79,63.2,45,120,5,1
50963_40.674307_-73.861290_WB,50963,40.674307,-73.861290,Brooklyn,SUTTER AVENUE,South Conduit Avenue,Dead end,WB,2024,6,2024-06-01,Before congestion pricing,Weekend,Overnight (00-05),20.50,82.0,44,48,2,1
50963_40.674307_-73.861290_WB,50963,40.674307,-73.861290,Brooklyn,SUTTER AVENUE,South Conduit Avenue,Dead end,WB,2024,6,2024-06-01,Before congestion pricing,Weekday,PM peak (16-19),90.61,362.4,121,80,5,1
50963_40.674307_-73.861290_WB,50963,40.674307,-73.861290,Brooklyn,SUTTER AVENUE,South Conduit Avenue,Dead end,WB,2024,6,2024-06-01,Before congestion pricing,Weekend,PM peak (16-19),69.22,276.9,90,32,2,1
22652_40.679458_-73.988303_EB,22652,40.679458,-73.988303,Brooklyn,UNION ST BRIDGE,Gowanus Canal Shoreline,Gowanus Canal Shoreline,EB,2024,6,2024-06-01,Before congestion pricing,Weekday,AM peak (06-09),22.67,90.7,30,3,1,1
22652_40.679458_-73.988303_EB,22652,40.679458,-73.988303,Brooklyn,UNION ST BRIDGE,Gowanus Canal Shoreline,Gowanus Canal Shoreline,EB,2024,6,2024-06-01,Before congestion pricing,Weekend,AM peak (06-09),28.38,113.5,53,32,2,1
22652_40.679458_-73.988303_EB,22652,40.679458,-73.988303,Brooklyn,UNION ST BRIDGE,Gowanus Canal Shoreline,Gowanus Canal Shoreline,EB,2024,6,2024-06-01,Before congestion pricing,Weekend,Evening (20-23),46.75,187.0,81,32,2,1
22652_40.679458_-73.988303_EB,22652,40.679458,-73.988303,Brooklyn,UNION ST BRIDGE,Gowanus Canal Shoreline,Gowanus Canal Shoreline,EB,2024,6,2024-06-01,Before congestion pricing,Weekend,Midday (10-15),65.98,263.9,107,48,2,1
22652_40.679458_-73.988303_EB,22652,40.679458,-73.988303,Brooklyn,UNION ST BRIDGE,Gowanus Canal Shoreline,Gowanus Canal Shoreline,EB,2024,6,2024-06-01,Before congestion pricing,Weekday,Overnight (00-05),6.62,26.5,15,24,1,1
22652_40.679458_-73.988303_EB,22652,40.679458,-73.988303,Brooklyn,UNION ST BRIDGE,Gowanus Canal Shoreline,Gowanus Canal Shoreline,EB,2024,6,2024-06-01,Before congestion pricing,Weekend,Overnight (00-05),15.71,62.8,43,48,2,1
22652_40.679458_-73.988303_EB,22652,40.679458,-73.988303,Brooklyn,UNION ST BRIDGE,Gowanus Canal Shoreline,Gowanus Canal Shoreline,EB,2024,6,2024-06-01,Before congestion pricing,Weekend,PM peak (16-19),72.50,290.0,114,32,2,1
116891_40.776233_-73.825344_EB,116891,40.776233,-73.825344,Queens,WILLETS POINT BOULEVARD,143 Street,144 Street,EB,2024,6,2024-06-01,Before congestion pricing,Weekday,AM peak (06-09),60.64,242.6,103,80,5,1
116891_40.776233_-73.825344_EB,116891,40.776233,-73.825344,Queens,WILLETS POINT BOULEVARD,143 Street,144 Street,EB,2024,6,2024-06-01,Before congestion pricing,Weekend,AM peak (06-09),44.66,178.6,81,32,2,1
116891_40.776233_-73.825344_EB,116891,40.776233,-73.825344,Queens,WILLETS POINT BOULEVARD,143 Street,144 Street,EB,2024,6,2024-06-01,Before congestion pricing,Weekday,Evening (20-23),41.56,166.2,70,80,5,1
116891_40.776233_-73.825344_EB,116891,40.776233,-73.825344,Queens,WILLETS POINT BOULEVARD,143 Street,144 Street,EB,2024,6,2024-06-01,Before congestion pricing,Weekend,Evening (20-23),48.44,193.8,69,32,2,1
116891_40.776233_-73.825344_EB,116891,40.776233,-73.825344,Queens,WILLETS POINT BOULEVARD,143 Street,144 Street,EB,2024,6,2024-06-01,Before congestion pricing,Weekday,Midday (10-15),82.42,329.7,156,120,5,1
116891_40.776233_-73.825344_EB,116891,40.776233,-73.825344,Queens,WILLETS POINT BOULEVARD,143 Street,144 Street,EB,2024,6,2024-06-01,Before congestion pricing,Weekend,Midday (10-15),77.00,308.0,89,48,2,1
116891_40.776233_-73.825344_EB,116891,40.776233,-73.825344,Queens,WILLETS POINT BOULEVARD,143 Street,144 Street,EB,2024,6,2024-06-01,Before congestion pricing,Weekday,Overnight (00-05),9.23,36.9,27,120,5,1
116891_40.776233_-73.825344_EB,116891,40.776233,-73.825344,Queens,WILLETS POINT BOULEVARD,143 Street,144 Street,EB,2024,6,2024-06-01,Before congestion pricing,Weekend,Overnight (00-05),11.71,46.8,41,48,2,1
116891_40.776233_-73.825344_EB,116891,40.776233,-73.825344,Queens,WILLETS POINT BOULEVARD,143 Street,144 Street,EB,2024,6,2024-06-01,Before congestion pricing,Weekday,PM peak (16-19),109.24,436.9,153,80,5,1
116891_40.776233_-73.825344_EB,116891,40.776233,-73.825344,Queens,WILLETS POINT BOULEVARD,143 Street,144 Street,EB,2024,6,2024-06-01,Before congestion pricing,Weekend,PM peak (16-19),71.62,286.5,90,32,2,1
178548_40.868488_-73.842432_EB,178548,40.868488,-73.842432,Bronx,EAST GUN HILL ROAD,Eastchester Road,Eastchester Road,EB,2024,9,2024-09-01,Before congestion pricing,Weekday,AM peak (06-09),134.76,539.0,199,80,5,1
178548_40.868488_-73.842432_WB,178548,40.868488,-73.842432,Bronx,EAST GUN HILL ROAD,Eastchester Road,Eastchester Road,WB,2024,9,2024-09-01,Before congestion pricing,Weekday,AM peak (06-09),111.89,447.6,160,80,5,1
178548_40.868488_-73.842432_WB,178548,40.868488,-73.842432,Bronx,EAST GUN HILL ROAD,Eastchester Road,Eastchester Road,WB,2024,9,2024-09-01,Before congestion pricing,Weekend,AM peak (06-09),56.94,227.8,104,64,4,1
178548_40.868488_-73.842432_EB,178548,40.868488,-73.842432,Bronx,EAST GUN HILL ROAD,Eastchester Road,Eastchester Road,EB,2024,9,2024-09-01,Before congestion pricing,Weekend,AM peak (06-09),75.91,303.6,122,64,4,1
178548_40.868488_-73.842432_EB,178548,40.868488,-73.842432,Bronx,EAST GUN HILL ROAD,Eastchester Road,Eastchester Road,EB,2024,9,2024-09-01,Before congestion pricing,Weekday,Evening (20-23),70.61,282.4,124,80,5,1
178548_40.868488_-73.842432_WB,178548,40.868488,-73.842432,Bronx,EAST GUN HILL ROAD,Eastchester Road,Eastchester Road,WB,2024,9,2024-09-01,Before congestion pricing,Weekday,Evening (20-23),71.10,284.4,133,80,5,1
178548_40.868488_-73.842432_WB,178548,40.868488,-73.842432,Bronx,EAST GUN HILL ROAD,Eastchester Road,Eastchester Road,WB,2024,9,2024-09-01,Before congestion pricing,Weekend,Evening (20-23),81.22,324.9,126,64,4,1
178548_40.868488_-73.842432_EB,178548,40.868488,-73.842432,Bronx,EAST GUN HILL ROAD,Eastchester Road,Eastchester Road,EB,2024,9,2024-09-01,Before congestion pricing,Weekend,Evening (20-23),77.16,308.6,125,64,4,1
178548_40.868488_-73.842432_EB,178548,40.868488,-73.842432,Bronx,EAST GUN HILL ROAD,Eastchester Road,Eastchester Road,EB,2024,9,2024-09-01,Before congestion pricing,Weekday,Midday (10-15),134.38,537.5,202,120,5,1
178548_40.868488_-73.842432_WB,178548,40.868488,-73.842432,Bronx,EAST GUN HILL ROAD,Eastchester Road,Eastchester Road,WB,2024,9,2024-09-01,Before congestion pricing,Weekday,Midday (10-15),118.66,474.6,160,120,5,1
178548_40.868488_-73.842432_WB,178548,40.868488,-73.842432,Bronx,EAST GUN HILL ROAD,Eastchester Road,Eastchester Road,WB,2024,9,2024-09-01,Before congestion pricing,Weekend,Midday (10-15),120.67,482.7,154,96,4,1
178548_40.868488_-73.842432_EB,178548,40.868488,-73.842432,Bronx,EAST GUN HILL ROAD,Eastchester Road,Eastchester Road,EB,2024,9,2024-09-01,Before congestion pricing,Weekend,Midday (10-15),145.35,581.4,170,96,4,1
178548_40.868488_-73.842432_EB,178548,40.868488,-73.842432,Bronx,EAST GUN HILL ROAD,Eastchester Road,Eastchester Road,EB,2024,9,2024-09-01,Before congestion pricing,Weekday,Overnight (00-05),23.59,94.4,67,120,5,1
178548_40.868488_-73.842432_WB,178548,40.868488,-73.842432,Bronx,EAST GUN HILL ROAD,Eastchester Road,Eastchester Road,WB,2024,9,2024-09-01,Before congestion pricing,Weekday,Overnight (00-05),19.77,79.1,43,120,5,1
178548_40.868488_-73.842432_WB,178548,40.868488,-73.842432,Bronx,EAST GUN HILL ROAD,Eastchester Road,Eastchester Road,WB,2024,9,2024-09-01,Before congestion pricing,Weekend,Overnight (00-05),26.83,107.3,62,96,4,1
178548_40.868488_-73.842432_EB,178548,40.868488,-73.842432,Bronx,EAST GUN HILL ROAD,Eastchester Road,Eastchester Road,EB,2024,9,2024-09-01,Before congestion pricing,Weekend,Overnight (00-05),27.54,110.2,57,96,4,1
178548_40.868488_-73.842432_EB,178548,40.868488,-73.842432,Bronx,EAST GUN HILL ROAD,Eastchester Road,Eastchester Road,EB,2024,9,2024-09-01,Before congestion pricing,Weekday,PM peak (16-19),156.94,627.8,204,80,5,1
178548_40.868488_-73.842432_WB,178548,40.868488,-73.842432,Bronx,EAST GUN HILL ROAD,Eastchester Road,Eastchester Road,WB,2024,9,2024-09-01,Before congestion pricing,Weekday,PM peak (16-19),135.74,543.0,163,80,5,1
178548_40.868488_-73.842432_WB,178548,40.868488,-73.842432,Bronx,EAST GUN HILL ROAD,Eastchester Road,Eastchester Road,WB,2024,9,2024-09-01,Before congestion pricing,Weekend,PM peak (16-19),123.53,494.1,144,64,4,1
178548_40.868488_-73.842432_EB,178548,40.868488,-73.842432,Bronx,EAST GUN HILL ROAD,Eastchester Road,Eastchester Road,EB,2024,9,2024-09-01,Before congestion pricing,Weekend,PM peak (16-19),140.62,562.5,172,64,4,1
100318_40.733335_-73.748427_NB,100318,40.733335,-73.748427,Queens,HARTLAND AVENUE,221 Street,Grand Central Parkway Sr North,NB,2024,9,2024-09-01,Before congestion pricing,Weekday,AM peak (06-09),4.65,18.6,21,80,5,1
100318_40.733335_-73.748427_SB,100318,40.733335,-73.748427,Queens,HARTLAND AVENUE,221 Street,Grand Central Parkway Sr North,SB,2024,9,2024-09-01,Before congestion pricing,Weekday,AM peak (06-09),1.88,7.5,7,80,5,1
100318_40.733335_-73.748427_SB,100318,40.733335,-73.748427,Queens,HARTLAND AVENUE,221 Street,Grand Central Parkway Sr North,SB,2024,9,2024-09-01,Before congestion pricing,Weekend,AM peak (06-09),1.72,6.9,9,32,2,1
100318_40.733335_-73.748427_NB,100318,40.733335,-73.748427,Queens,HARTLAND AVENUE,221 Street,Grand Central Parkway Sr North,NB,2024,9,2024-09-01,Before congestion pricing,Weekend,AM peak (06-09),2.22,8.9,5,32,2,1
100318_40.733335_-73.748427_NB,100318,40.733335,-73.748427,Queens,HARTLAND AVENUE,221 Street,Grand Central Parkway Sr North,NB,2024,9,2024-09-01,Before congestion pricing,Weekday,Evening (20-23),1.40,5.6,5,80,5,1
100318_40.733335_-73.748427_SB,100318,40.733335,-73.748427,Queens,HARTLAND AVENUE,221 Street,Grand Central Parkway Sr North,SB,2024,9,2024-09-01,Before congestion pricing,Weekday,Evening (20-23),0.99,4.0,4,80,5,1
100318_40.733335_-73.748427_SB,100318,40.733335,-73.748427,Queens,HARTLAND AVENUE,221 Street,Grand Central Parkway Sr North,SB,2024,9,2024-09-01,Before congestion pricing,Weekend,Evening (20-23),0.78,3.1,2,32,2,1
100318_40.733335_-73.748427_NB,100318,40.733335,-73.748427,Queens,HARTLAND AVENUE,221 Street,Grand Central Parkway Sr North,NB,2024,9,2024-09-01,Before congestion pricing,Weekend,Evening (20-23),1.47,5.9,4,32,2,1
100318_40.733335_-73.748427_NB,100318,40.733335,-73.748427,Queens,HARTLAND AVENUE,221 Street,Grand Central Parkway Sr North,NB,2024,9,2024-09-01,Before congestion pricing,Weekday,Midday (10-15),3.34,13.4,8,120,5,1
100318_40.733335_-73.748427_SB,100318,40.733335,-73.748427,Queens,HARTLAND AVENUE,221 Street,Grand Central Parkway Sr North,SB,2024,9,2024-09-01,Before congestion pricing,Weekday,Midday (10-15),3.22,12.9,12,120,5,1
100318_40.733335_-73.748427_SB,100318,40.733335,-73.748427,Queens,HARTLAND AVENUE,221 Street,Grand Central Parkway Sr North,SB,2024,9,2024-09-01,Before congestion pricing,Weekend,Midday (10-15),2.56,10.2,7,48,2,1
100318_40.733335_-73.748427_NB,100318,40.733335,-73.748427,Queens,HARTLAND AVENUE,221 Street,Grand Central Parkway Sr North,NB,2024,9,2024-09-01,Before congestion pricing,Weekend,Midday (10-15),3.25,13.0,6,48,2,1
100318_40.733335_-73.748427_NB,100318,40.733335,-73.748427,Queens,HARTLAND AVENUE,221 Street,Grand Central Parkway Sr North,NB,2024,9,2024-09-01,Before congestion pricing,Weekday,Overnight (00-05),0.28,1.1,2,120,5,1
100318_40.733335_-73.748427_SB,100318,40.733335,-73.748427,Queens,HARTLAND AVENUE,221 Street,Grand Central Parkway Sr North,SB,2024,9,2024-09-01,Before congestion pricing,Weekday,Overnight (00-05),0.36,1.4,2,120,5,1
100318_40.733335_-73.748427_SB,100318,40.733335,-73.748427,Queens,HARTLAND AVENUE,221 Street,Grand Central Parkway Sr North,SB,2024,9,2024-09-01,Before congestion pricing,Weekend,Overnight (00-05),0.42,1.7,2,48,2,1
100318_40.733335_-73.748427_NB,100318,40.733335,-73.748427,Queens,HARTLAND AVENUE,221 Street,Grand Central Parkway Sr North,NB,2024,9,2024-09-01,Before congestion pricing,Weekend,Overnight (00-05),0.42,1.7,2,48,2,1
100318_40.733335_-73.748427_NB,100318,40.733335,-73.748427,Queens,HARTLAND AVENUE,221 Street,Grand Central Parkway Sr North,NB,2024,9,2024-09-01,Before congestion pricing,Weekday,PM peak (16-19),3.46,13.8,7,80,5,1
100318_40.733335_-73.748427_SB,100318,40.733335,-73.748427,Queens,HARTLAND AVENUE,221 Street,Grand Central Parkway Sr North,SB,2024,9,2024-09-01,Before congestion pricing,Weekday,PM peak (16-19),3.67,14.7,12,80,5,1
100318_40.733335_-73.748427_SB,100318,40.733335,-73.748427,Queens,HARTLAND AVENUE,221 Street,Grand Central Parkway Sr North,SB,2024,9,2024-09-01,Before congestion pricing,Weekend,PM peak (16-19),1.84,7.4,6,32,2,1
100318_40.733335_-73.748427_NB,100318,40.733335,-73.748427,Queens,HARTLAND AVENUE,221 Street,Grand Central Parkway Sr North,NB,2024,9,2024-09-01,Before congestion pricing,Weekend,PM peak (16-19),3.03,12.1,6,32,2,1
68527_40.795355_-73.932936_NB,68527,40.795355,-73.932936,Manhattan,PLEASANT AVENUE,East 116 Street,East 117 Street,NB,2024,9,2024-09-01,Before congestion pricing,Weekday,AM peak (06-09),17.06,68.2,33,80,5,1
68527_40.795355_-73.932936_SB,68527,40.795355,-73.932936,Manhattan,PLEASANT AVENUE,East 116 Street,East 117 Street,SB,2024,9,2024-09-01,Before congestion pricing,Weekday,AM peak (06-09),53.29,213.2,89,80,5,1
68527_40.795355_-73.932936_NB,68527,40.795355,-73.932936,Manhattan,PLEASANT AVENUE,East 116 Street,East 117 Street,NB,2024,9,2024-09-01,Before congestion pricing,Weekend,AM peak (06-09),9.50,38.0,19,48,3,1
68527_40.795355_-73.932936_SB,68527,40.795355,-73.932936,Manhattan,PLEASANT AVENUE,East 116 Street,East 117 Street,SB,2024,9,2024-09-01,Before congestion pricing,Weekend,AM peak (06-09),20.62,82.5,52,48,3,1
68527_40.795355_-73.932936_NB,68527,40.795355,-73.932936,Manhattan,PLEASANT AVENUE,East 116 Street,East 117 Street,NB,2024,9,2024-09-01,Before congestion pricing,Weekday,Evening (20-23),13.14,52.5,21,80,5,1
68527_40.795355_-73.932936_SB,68527,40.795355,-73.932936,Manhattan,PLEASANT AVENUE,East 116 Street,East 117 Street,SB,2024,9,2024-09-01,Before congestion pricing,Weekday,Evening (20-23),23.35,93.4,53,80,5,1
68527_40.795355_-73.932936_NB,68527,40.795355,-73.932936,Manhattan,PLEASANT AVENUE,East 116 Street,East 117 Street,NB,2024,9,2024-09-01,Before congestion pricing,Weekend,Evening (20-23),15.40,61.6,23,48,3,1
68527_40.795355_-73.932936_SB,68527,40.795355,-73.932936,Manhattan,PLEASANT AVENUE,East 116 Street,East 117 Street,SB,2024,9,2024-09-01,Before congestion pricing,Weekend,Evening (20-23),23.44,93.8,46,48,3,1
68527_40.795355_-73.932936_NB,68527,40.795355,-73.932936,Manhattan,PLEASANT AVENUE,East 116 Street,East 117 Street,NB,2024,9,2024-09-01,Before congestion pricing,Weekday,Midday (10-15),21.35,85.4,43,120,5,1
68527_40.795355_-73.932936_SB,68527,40.795355,-73.932936,Manhattan,PLEASANT AVENUE,East 116 Street,East 117 Street,SB,2024,9,2024-09-01,Before congestion pricing,Weekday,Midday (10-15),64.65,258.6,90,120,5,1
68527_40.795355_-73.932936_NB,68527,40.795355,-73.932936,Manhattan,PLEASANT AVENUE,East 116 Street,East 117 Street,NB,2024,9,2024-09-01,Before congestion pricing,Weekend,Midday (10-15),19.47,77.9,25,72,3,1
68527_40.795355_-73.932936_SB,68527,40.795355,-73.932936,Manhattan,PLEASANT AVENUE,East 116 Street,East 117 Street,SB,2024,9,2024-09-01,Before congestion pricing,Weekend,Midday (10-15),66.49,265.9,86,72,3,1
68527_40.795355_-73.932936_NB,68527,40.795355,-73.932936,Manhattan,PLEASANT AVENUE,East 116 Street,East 117 Street,NB,2024,9,2024-09-01,Before congestion pricing,Weekday,Overnight (00-05),4.46,17.8,11,120,5,1
68527_40.795355_-73.932936_SB,68527,40.795355,-73.932936,Manhattan,PLEASANT AVENUE,East 116 Street,East 117 Street,SB,2024,9,2024-09-01,Before congestion pricing,Weekday,Overnight (00-05),7.45,29.8,18,120,5,1
68527_40.795355_-73.932936_NB,68527,40.795355,-73.932936,Manhattan,PLEASANT AVENUE,East 116 Street,East 117 Street,NB,2024,9,2024-09-01,Before congestion pricing,Weekend,Overnight (00-05),5.99,23.9,16,72,3,1
68527_40.795355_-73.932936_SB,68527,40.795355,-73.932936,Manhattan,PLEASANT AVENUE,East 116 Street,East 117 Street,SB,2024,9,2024-09-01,Before congestion pricing,Weekend,Overnight (00-05),9.51,38.1,27,72,3,1
68527_40.795355_-73.932936_NB,68527,40.795355,-73.932936,Manhattan,PLEASANT AVENUE,East 116 Street,East 117 Street,NB,2024,9,2024-09-01,Before congestion pricing,Weekday,PM peak (16-19),25.64,102.5,44,80,5,1
68527_40.795355_-73.932936_SB,68527,40.795355,-73.932936,Manhattan,PLEASANT AVENUE,East 116 Street,East 117 Street,SB,2024,9,2024-09-01,Before congestion pricing,Weekday,PM peak (16-19),56.73,226.9,84,80,5,1
68527_40.795355_-73.932936_NB,68527,40.795355,-73.932936,Manhattan,PLEASANT AVENUE,East 116 Street,East 117 Street,NB,2024,9,2024-09-01,Before congestion pricing,Weekend,PM peak (16-19),21.85,87.4,28,48,3,1
68527_40.795355_-73.932936_SB,68527,40.795355,-73.932936,Manhattan,PLEASANT AVENUE,East 116 Street,East 117 Street,SB,2024,9,2024-09-01,Before congestion pricing,Weekend,PM peak (16-19),59.10,236.4,83,48,3,1
270776_40.873575_-73.911066_NB,270776,40.873575,-73.911066,Manhattan,BROADWAY BRIDGE,Broadway,Harlem River Shoreline,NB,2024,10,2024-10-01,Before congestion pricing,Weekday,AM peak (06-09),139.77,559.1,283,48,3,1
270776_40.873575_-73.911066_NB,270776,40.873575,-73.911066,Manhattan,BROADWAY BRIDGE,Broadway,Harlem River Shoreline,NB,2024,10,2024-10-01,Before congestion pricing,Weekend,AM peak (06-09),67.91,271.6,122,32,2,1
270776_40.873575_-73.911066_NB,270776,40.873575,-73.911066,Manhattan,BROADWAY BRIDGE,Broadway,Harlem River Shoreline,NB,2024,10,2024-10-01,Before congestion pricing,Weekday,Evening (20-23),108.77,435.1,186,48,3,1
270776_40.873575_-73.911066_NB,270776,40.873575,-73.911066,Manhattan,BROADWAY BRIDGE,Broadway,Harlem River Shoreline,NB,2024,10,2024-10-01,Before congestion pricing,Weekend,Evening (20-23),137.41,549.6,194,32,2,1
270776_40.873575_-73.911066_NB,270776,40.873575,-73.911066,Manhattan,BROADWAY BRIDGE,Broadway,Harlem River Shoreline,NB,2024,10,2024-10-01,Before congestion pricing,Weekday,Midday (10-15),193.12,772.5,312,72,3,1
270776_40.873575_-73.911066_NB,270776,40.873575,-73.911066,Manhattan,BROADWAY BRIDGE,Broadway,Harlem River Shoreline,NB,2024,10,2024-10-01,Before congestion pricing,Weekend,Midday (10-15),178.88,715.5,257,48,2,1
270776_40.873575_-73.911066_NB,270776,40.873575,-73.911066,Manhattan,BROADWAY BRIDGE,Broadway,Harlem River Shoreline,NB,2024,10,2024-10-01,Before congestion pricing,Weekday,Overnight (00-05),35.32,141.3,76,72,3,1
270776_40.873575_-73.911066_NB,270776,40.873575,-73.911066,Manhattan,BROADWAY BRIDGE,Broadway,Harlem River Shoreline,NB,2024,10,2024-10-01,Before congestion pricing,Weekend,Overnight (00-05),57.58,230.3,96,48,2,1
270776_40.873575_-73.911066_NB,270776,40.873575,-73.911066,Manhattan,BROADWAY BRIDGE,Broadway,Harlem River Shoreline,NB,2024,10,2024-10-01,Before congestion pricing,Weekday,PM peak (16-19),234.46,937.8,310,48,3,1
270776_40.873575_-73.911066_NB,270776,40.873575,-73.911066,Manhattan,BROADWAY BRIDGE,Broadway,Harlem River Shoreline,NB,2024,10,2024-10-01,Before congestion pricing,Weekend,PM peak (16-19),204.44,817.8,254,32,2,1
270779_40.873671_-73.911158_SB,270779,40.873671,-73.911158,Manhattan,BROADWAY BRIDGE,Broadway,Harlem River Shoreline,SB,2024,10,2024-10-01,Before congestion pricing,Weekday,AM peak (06-09),243.86,975.5,400,96,6,1
270779_40.873671_-73.911158_SB,270779,40.873671,-73.911158,Manhattan,BROADWAY BRIDGE,Broadway,Harlem River Shoreline,SB,2024,10,2024-10-01,Before congestion pricing,Weekend,AM peak (06-09),77.69,310.8,128,32,2,1
270779_40.873671_-73.911158_SB,270779,40.873671,-73.911158,Manhattan,BROADWAY BRIDGE,Broadway,Harlem River Shoreline,SB,2024,10,2024-10-01,Before congestion pricing,Weekday,Evening (20-23),96.23,384.9,258,96,6,1
270779_40.873671_-73.911158_SB,270779,40.873671,-73.911158,Manhattan,BROADWAY BRIDGE,Broadway,Harlem River Shoreline,SB,2024,10,2024-10-01,Before congestion pricing,Weekend,Evening (20-23),112.00,448.0,217,32,2,1
270779_40.873671_-73.911158_SB,270779,40.873671,-73.911158,Manhattan,BROADWAY BRIDGE,Broadway,Harlem River Shoreline,SB,2024,10,2024-10-01,Before congestion pricing,Weekday,Midday (10-15),250.67,1002.7,350,144,6,1
270779_40.873671_-73.911158_SB,270779,40.873671,-73.911158,Manhattan,BROADWAY BRIDGE,Broadway,Harlem River Shoreline,SB,2024,10,2024-10-01,Before congestion pricing,Weekend,Midday (10-15),228.77,915.1,292,48,2,1
270779_40.873671_-73.911158_SB,270779,40.873671,-73.911158,Manhattan,BROADWAY BRIDGE,Broadway,Harlem River Shoreline,SB,2024,10,2024-10-01,Before congestion pricing,Weekday,Overnight (00-05),43.68,174.7,136,144,6,1
270779_40.873671_-73.911158_SB,270779,40.873671,-73.911158,Manhattan,BROADWAY BRIDGE,Broadway,Harlem River Shoreline,SB,2024,10,2024-10-01,Before congestion pricing,Weekend,Overnight (00-05),43.19,172.8,72,48,2,1
270779_40.873671_-73.911158_SB,270779,40.873671,-73.911158,Manhattan,BROADWAY BRIDGE,Broadway,Harlem River Shoreline,SB,2024,10,2024-10-01,Before congestion pricing,Weekday,PM peak (16-19),263.10,1052.4,348,96,6,1
270779_40.873671_-73.911158_SB,270779,40.873671,-73.911158,Manhattan,BROADWAY BRIDGE,Broadway,Harlem River Shoreline,SB,2024,10,2024-10-01,Before congestion pricing,Weekend,PM peak (16-19),248.34,993.4,300,32,2,1
35889_40.743630_-73.973145_EB,35889,40.743630,-73.973145,Manhattan,EAST 34 STREET,1 Avenue,F D R Drive,EB,2024,10,2024-10-01,Before congestion pricing,Weekday,AM peak (06-09),160.69,642.8,194,16,1,1
35889_40.743630_-73.973145_WB,35889,40.743630,-73.973145,Manhattan,EAST 34 STREET,1 Avenue,F D R Drive,WB,2024,10,2024-10-01,Before congestion pricing,Weekday,AM peak (06-09),72.50,290.0,95,16,1,1
35889_40.743630_-73.973145_EB,35889,40.743630,-73.973145,Manhattan,EAST 34 STREET,1 Avenue,F D R Drive,EB,2024,10,2024-10-01,Before congestion pricing,Weekday,Evening (20-23),148.81,595.2,186,16,1,1
35889_40.743630_-73.973145_WB,35889,40.743630,-73.973145,Manhattan,EAST 34 STREET,1 Avenue,F D R Drive,WB,2024,10,2024-10-01,Before congestion pricing,Weekday,Evening (20-23),91.56,366.2,106,16,1,1
35889_40.743630_-73.973145_EB,35889,40.743630,-73.973145,Manhattan,EAST 34 STREET,1 Avenue,F D R Drive,EB,2024,10,2024-10-01,Before congestion pricing,Weekday,Midday (10-15),171.08,684.3,195,24,1,1
35889_40.743630_-73.973145_WB,35889,40.743630,-73.973145,Manhattan,EAST 34 STREET,1 Avenue,F D R Drive,WB,2024,10,2024-10-01,Before congestion pricing,Weekday,Midday (10-15),103.67,414.7,121,24,1,1
35889_40.743630_-73.973145_EB,35889,40.743630,-73.973145,Manhattan,EAST 34 STREET,1 Avenue,F D R Drive,EB,2024,10,2024-10-01,Before congestion pricing,Weekday,Overnight (00-05),69.71,278.8,125,24,1,1
35889_40.743630_-73.973145_WB,35889,40.743630,-73.973145,Manhattan,EAST 34 STREET,1 Avenue,F D R Drive,WB,2024,10,2024-10-01,Before congestion pricing,Weekday,Overnight (00-05),26.17,104.7,49,24,1,1
35889_40.743630_-73.973145_EB,35889,40.743630,-73.973145,Manhattan,EAST 34 STREET,1 Avenue,F D R Drive,EB,2024,10,2024-10-01,Before congestion pricing,Weekday,PM peak (16-19),164.12,656.5,182,16,1,1
35889_40.743630_-73.973145_WB,35889,40.743630,-73.973145,Manhattan,EAST 34 STREET,1 Avenue,F D R Drive,WB,2024,10,2024-10-01,Before congestion pricing,Weekday,PM peak (16-19),98.06,392.2,112,16,1,1
36369_40.759660_-73.964030_SB,36369,40.759660,-73.964030,Manhattan,EAST 58 STREET,Ed Koch Queensboro Bridge Appr,2 Avenue,SB,2024,10,2024-10-01,Before congestion pricing,Weekday,AM peak (06-09),229.23,916.9,323,48,3,1
36369_40.759660_-73.964030_SB,36369,40.759660,-73.964030,Manhattan,EAST 58 STREET,Ed Koch Queensboro Bridge Appr,2 Avenue,SB,2024,10,2024-10-01,Before congestion pricing,Weekday,Evening (20-23),0.00,0.0,0,48,3,1
36369_40.759660_-73.964030_SB,36369,40.759660,-73.964030,Manhattan,EAST 58 STREET,Ed Koch Queensboro Bridge Appr,2 Avenue,SB,2024,10,2024-10-01,Before congestion pricing,Weekday,Midday (10-15),0.00,0.0,0,72,3,1
36369_40.759660_-73.964030_SB,36369,40.759660,-73.964030,Manhattan,EAST 58 STREET,Ed Koch Queensboro Bridge Appr,2 Avenue,SB,2024,10,2024-10-01,Before congestion pricing,Weekday,Overnight (00-05),0.00,0.0,0,72,3,1
36369_40.759660_-73.964030_SB,36369,40.759660,-73.964030,Manhattan,EAST 58 STREET,Ed Koch Queensboro Bridge Appr,2 Avenue,SB,2024,10,2024-10-01,Before congestion pricing,Weekday,PM peak (16-19),0.00,0.0,0,48,3,1
136811_40.759256_-73.958256_NB,136811,40.759256,-73.958256,Manhattan,F D R DRIVE,Astoria Line,Dead end,NB,2024,10,2024-10-01,Before congestion pricing,Weekday,AM peak (06-09),815.31,3261.2,1054,48,3,1
136811_40.759256_-73.958256_NB,136811,40.759256,-73.958256,Manhattan,F D R DRIVE,Astoria Line,Dead end,NB,2024,10,2024-10-01,Before congestion pricing,Weekday,Evening (20-23),881.35,3525.4,1102,48,3,1
136811_40.759256_-73.958256_NB,136811,40.759256,-73.958256,Manhattan,F D R DRIVE,Astoria Line,Dead end,NB,2024,10,2024-10-01,Before congestion pricing,Weekday,Midday (10-15),779.71,3118.8,978,72,3,1
136811_40.759256_-73.958256_NB,136811,40.759256,-73.958256,Manhattan,F D R DRIVE,Astoria Line,Dead end,NB,2024,10,2024-10-01,Before congestion pricing,Weekday,Overnight (00-05),287.50,1150.0,709,72,3,1
136811_40.759256_-73.958256_NB,136811,40.759256,-73.958256,Manhattan,F D R DRIVE,Astoria Line,Dead end,NB,2024,10,2024-10-01,Before congestion pricing,Weekday,PM peak (16-19),844.60,3378.4,1077,48,3,1
47527_40.664676_-73.894534_WB,47527,40.664676,-73.894534,Brooklyn,LIVONIA AVENUE,New Lots Line,New Lots Line,WB,2024,10,2024-10-01,Before congestion pricing,Weekday,AM peak (06-09),30.75,123.0,67,64,4,1
47527_40.664676_-73.894534_WB,47527,40.664676,-73.894534,Brooklyn,LIVONIA AVENUE,New Lots Line,New Lots Line,WB,2024,10,2024-10-01,Before congestion pricing,Weekend,AM peak (06-09),13.44,53.8,23,32,2,1
47527_40.664676_-73.894534_WB,47527,40.664676,-73.894534,Brooklyn,LIVONIA AVENUE,New Lots Line,New Lots Line,WB,2024,10,2024-10-01,Before congestion pricing,Weekday,Evening (20-23),12.81,51.2,23,64,4,1
47527_40.664676_-73.894534_WB,47527,40.664676,-73.894534,Brooklyn,LIVONIA AVENUE,New Lots Line,New Lots Line,WB,2024,10,2024-10-01,Before congestion pricing,Weekend,Evening (20-23),14.22,56.9,23,32,2,1
47527_40.664676_-73.894534_WB,47527,40.664676,-73.894534,Brooklyn,LIVONIA AVENUE,New Lots Line,New Lots Line,WB,2024,10,2024-10-01,Before congestion pricing,Weekday,Midday (10-15),23.81,95.2,39,96,4,1
47527_40.664676_-73.894534_WB,47527,40.664676,-73.894534,Brooklyn,LIVONIA AVENUE,New Lots Line,New Lots Line,WB,2024,10,2024-10-01,Before congestion pricing,Weekend,Midday (10-15),24.52,98.1,35,48,2,1
47527_40.664676_-73.894534_WB,47527,40.664676,-73.894534,Brooklyn,LIVONIA AVENUE,New Lots Line,New Lots Line,WB,2024,10,2024-10-01,Before congestion pricing,Weekday,Overnight (00-05),4.74,19.0,12,96,4,1
47527_40.664676_-73.894534_WB,47527,40.664676,-73.894534,Brooklyn,LIVONIA AVENUE,New Lots Line,New Lots Line,WB,2024,10,2024-10-01,Before congestion pricing,Weekend,Overnight (00-05),6.58,26.3,15,48,2,1
47527_40.664676_-73.894534_WB,47527,40.664676,-73.894534,Brooklyn,LIVONIA AVENUE,New Lots Line,New Lots Line,WB,2024,10,2024-10-01,Before congestion pricing,Weekday,PM peak (16-19),26.38,105.5,41,64,4,1
47527_40.664676_-73.894534_WB,47527,40.664676,-73.894534,Brooklyn,LIVONIA AVENUE,New Lots Line,New Lots Line,WB,2024,10,2024-10-01,Before congestion pricing,Weekend,PM peak (16-19),26.06,104.2,37,32,2,1
47529_40.664831_-73.893524_EB,47529,40.664831,-73.893524,Brooklyn,LIVONIA AVENUE,New Jersey Avenue,New Lots Line,EB,2024,10,2024-10-01,Before congestion pricing,Weekday,AM peak (06-09),21.39,85.6,49,64,4,1
47529_40.664831_-73.893524_EB,47529,40.664831,-73.893524,Brooklyn,LIVONIA AVENUE,New Jersey Avenue,New Lots Line,EB,2024,10,2024-10-01,Before congestion pricing,Weekend,AM peak (06-09),10.03,40.1,19,32,2,1
47529_40.664831_-73.893524_EB,47529,40.664831,-73.893524,Brooklyn,LIVONIA AVENUE,New Jersey Avenue,New Lots Line,EB,2024,10,2024-10-01,Before congestion pricing,Weekday,Evening (20-23),12.20,48.8,25,64,4,1
47529_40.664831_-73.893524_EB,47529,40.664831,-73.893524,Brooklyn,LIVONIA AVENUE,New Jersey Avenue,New Lots Line,EB,2024,10,2024-10-01,Before congestion pricing,Weekend,Evening (20-23),14.69,58.8,25,32,2,1
47529_40.664831_-73.893524_EB,47529,40.664831,-73.893524,Brooklyn,LIVONIA AVENUE,New Jersey Avenue,New Lots Line,EB,2024,10,2024-10-01,Before congestion pricing,Weekday,Midday (10-15),25.53,102.1,49,96,4,1
47529_40.664831_-73.893524_EB,47529,40.664831,-73.893524,Brooklyn,LIVONIA AVENUE,New Jersey Avenue,New Lots Line,EB,2024,10,2024-10-01,Before congestion pricing,Weekend,Midday (10-15),23.38,93.5,34,48,2,1
47529_40.664831_-73.893524_EB,47529,40.664831,-73.893524,Brooklyn,LIVONIA AVENUE,New Jersey Avenue,New Lots Line,EB,2024,10,2024-10-01,Before congestion pricing,Weekday,Overnight (00-05),4.17,16.7,10,96,4,1
47529_40.664831_-73.893524_EB,47529,40.664831,-73.893524,Brooklyn,LIVONIA AVENUE,New Jersey Avenue,New Lots Line,EB,2024,10,2024-10-01,Before congestion pricing,Weekend,Overnight (00-05),6.02,24.1,14,48,2,1
47529_40.664831_-73.893524_EB,47529,40.664831,-73.893524,Brooklyn,LIVONIA AVENUE,New Jersey Avenue,New Lots Line,EB,2024,10,2024-10-01,Before congestion pricing,Weekday,PM peak (16-19),33.98,135.9,58,64,4,1
47529_40.664831_-73.893524_EB,47529,40.664831,-73.893524,Brooklyn,LIVONIA AVENUE,New Jersey Avenue,New Lots Line,EB,2024,10,2024-10-01,Before congestion pricing,Weekend,PM peak (16-19),25.44,101.8,35,32,2,1
249325_40.707245_-73.990749_SB,249325,40.707245,-73.990749,Manhattan,MANHATTAN BRIDGE,Manhattan Bridge Line,Manhattan Bridge Line,SB,2024,10,2024-10-01,Before congestion pricing,Weekday,AM peak (06-09),352.50,1410.0,446,32,2,1
249325_40.707245_-73.990749_SB,249325,40.707245,-73.990749,Manhattan,MANHATTAN BRIDGE,Manhattan Bridge Line,Manhattan Bridge Line,SB,2024,10,2024-10-01,Before congestion pricing,Weekday,Evening (20-23),421.50,1686.0,575,32,2,1
249325_40.707245_-73.990749_SB,249325,40.707245,-73.990749,Manhattan,MANHATTAN BRIDGE,Manhattan Bridge Line,Manhattan Bridge Line,SB,2024,10,2024-10-01,Before congestion pricing,Weekday,Midday (10-15),412.27,1649.1,613,48,2,1
249325_40.707245_-73.990749_SB,249325,40.707245,-73.990749,Manhattan,MANHATTAN BRIDGE,Manhattan Bridge Line,Manhattan Bridge Line,SB,2024,10,2024-10-01,Before congestion pricing,Weekday,Overnight (00-05),195.54,782.2,499,48,2,1
249325_40.707245_-73.990749_SB,249325,40.707245,-73.990749,Manhattan,MANHATTAN BRIDGE,Manhattan Bridge Line,Manhattan Bridge Line,SB,2024,10,2024-10-01,Before congestion pricing,Weekday,PM peak (16-19),506.47,2025.9,650,32,2,1
9009104_40.707433_-73.990575_NB,9009104,40.707433,-73.990575,Manhattan,MANHATTAN BRIDGE,6 Avenue Line,6 Avenue Line,NB,2024,10,2024-10-01,Before congestion pricing,Weekday,AM peak (06-09),242.78,971.1,306,32,2,1
9009104_40.707433_-73.990575_NB,9009104,40.707433,-73.990575,Manhattan,MANHATTAN BRIDGE,6 Avenue Line,6 Avenue Line,NB,2024,10,2024-10-01,Before congestion pricing,Weekday,Evening (20-23),205.41,821.6,357,32,2,1
9009104_40.707433_-73.990575_NB,9009104,40.707433,-73.990575,Manhattan,MANHATTAN BRIDGE,6 Avenue Line,6 Avenue Line,NB,2024,10,2024-10-01,Before congestion pricing,Weekday,Midday (10-15),191.29,765.2,298,48,2,1
9009104_40.707433_-73.990575_NB,9009104,40.707433,-73.990575,Manhattan,MANHATTAN BRIDGE,6 Avenue Line,6 Avenue Line,NB,2024,10,2024-10-01,Before congestion pricing,Weekday,Overnight (00-05),60.58,242.3,131,48,2,1
9009104_40.707433_-73.990575_NB,9009104,40.707433,-73.990575,Manhattan,MANHATTAN BRIDGE,6 Avenue Line,6 Avenue Line,NB,2024,10,2024-10-01,Before congestion pricing,Weekday,PM peak (16-19),228.62,914.5,301,32,2,1
72887_40.862745_-73.914834_EB,72887,40.862745,-73.914834,Manhattan,UNIVERSITY HEIGHTS BRIDGE,Harlem River Shoreline,Harlem River Shoreline,EB,2024,10,2024-10-01,Before congestion pricing,Weekday,AM peak (06-09),165.07,660.3,251,160,10,1
72887_40.862745_-73.914834_WB,72887,40.862745,-73.914834,Manhattan,UNIVERSITY HEIGHTS BRIDGE,Harlem River Shoreline,Harlem River Shoreline,WB,2024,10,2024-10-01,Before congestion pricing,Weekday,AM peak (06-09),257.80,1031.2,327,160,10,1
72887_40.862745_-73.914834_EB,72887,40.862745,-73.914834,Manhattan,UNIVERSITY HEIGHTS BRIDGE,Harlem River Shoreline,Harlem River Shoreline,EB,2024,10,2024-10-01,Before congestion pricing,Weekend,AM peak (06-09),97.23,388.9,161,64,4,1
72887_40.862745_-73.914834_WB,72887,40.862745,-73.914834,Manhattan,UNIVERSITY HEIGHTS BRIDGE,Harlem River Shoreline,Harlem River Shoreline,WB,2024,10,2024-10-01,Before congestion pricing,Weekend,AM peak (06-09),167.89,671.6,322,64,4,1
72887_40.862745_-73.914834_EB,72887,40.862745,-73.914834,Manhattan,UNIVERSITY HEIGHTS BRIDGE,Harlem River Shoreline,Harlem River Shoreline,EB,2024,10,2024-10-01,Before congestion pricing,Weekday,Evening (20-23),163.47,653.9,245,160,10,1
72887_40.862745_-73.914834_WB,72887,40.862745,-73.914834,Manhattan,UNIVERSITY HEIGHTS BRIDGE,Harlem River Shoreline,Harlem River Shoreline,WB,2024,10,2024-10-01,Before congestion pricing,Weekday,Evening (20-23),195.82,783.3,316,160,10,1
72887_40.862745_-73.914834_EB,72887,40.862745,-73.914834,Manhattan,UNIVERSITY HEIGHTS BRIDGE,Harlem River Shoreline,Harlem River Shoreline,EB,2024,10,2024-10-01,Before congestion pricing,Weekend,Evening (20-23),199.95,799.8,245,64,4,1
72887_40.862745_-73.914834_WB,72887,40.862745,-73.914834,Manhattan,UNIVERSITY HEIGHTS BRIDGE,Harlem River Shoreline,Harlem River Shoreline,WB,2024,10,2024-10-01,Before congestion pricing,Weekend,Evening (20-23),220.56,882.2,273,64,4,1
72887_40.862745_-73.914834_EB,72887,40.862745,-73.914834,Manhattan,UNIVERSITY HEIGHTS BRIDGE,Harlem River Shoreline,Harlem River Shoreline,EB,2024,10,2024-10-01,Before congestion pricing,Weekday,Midday (10-15),194.06,776.2,289,240,10,1
72887_40.862745_-73.914834_WB,72887,40.862745,-73.914834,Manhattan,UNIVERSITY HEIGHTS BRIDGE,Harlem River Shoreline,Harlem River Shoreline,WB,2024,10,2024-10-01,Before congestion pricing,Weekday,Midday (10-15),260.90,1043.6,318,240,10,1
72887_40.862745_-73.914834_EB,72887,40.862745,-73.914834,Manhattan,UNIVERSITY HEIGHTS BRIDGE,Harlem River Shoreline,Harlem River Shoreline,EB,2024,10,2024-10-01,Before congestion pricing,Weekend,Midday (10-15),192.48,769.9,263,96,4,1
72887_40.862745_-73.914834_WB,72887,40.862745,-73.914834,Manhattan,UNIVERSITY HEIGHTS BRIDGE,Harlem River Shoreline,Harlem River Shoreline,WB,2024,10,2024-10-01,Before congestion pricing,Weekend,Midday (10-15),275.86,1103.5,326,96,4,1
72887_40.862745_-73.914834_EB,72887,40.862745,-73.914834,Manhattan,UNIVERSITY HEIGHTS BRIDGE,Harlem River Shoreline,Harlem River Shoreline,EB,2024,10,2024-10-01,Before congestion pricing,Weekday,Overnight (00-05),82.48,329.9,187,240,10,1
72887_40.862745_-73.914834_WB,72887,40.862745,-73.914834,Manhattan,UNIVERSITY HEIGHTS BRIDGE,Harlem River Shoreline,Harlem River Shoreline,WB,2024,10,2024-10-01,Before congestion pricing,Weekday,Overnight (00-05),98.68,394.7,250,240,10,1
72887_40.862745_-73.914834_EB,72887,40.862745,-73.914834,Manhattan,UNIVERSITY HEIGHTS BRIDGE,Harlem River Shoreline,Harlem River Shoreline,EB,2024,10,2024-10-01,Before congestion pricing,Weekend,Overnight (00-05),154.21,616.8,249,96,4,1
72887_40.862745_-73.914834_WB,72887,40.862745,-73.914834,Manhattan,UNIVERSITY HEIGHTS BRIDGE,Harlem River Shoreline,Harlem River Shoreline,WB,2024,10,2024-10-01,Before congestion pricing,Weekend,Overnight (00-05),146.28,585.1,303,96,4,1
72887_40.862745_-73.914834_EB,72887,40.862745,-73.914834,Manhattan,UNIVERSITY HEIGHTS BRIDGE,Harlem River Shoreline,Harlem River Shoreline,EB,2024,10,2024-10-01,Before congestion pricing,Weekday,PM peak (16-19),237.80,951.2,306,160,10,1
72887_40.862745_-73.914834_WB,72887,40.862745,-73.914834,Manhattan,UNIVERSITY HEIGHTS BRIDGE,Harlem River Shoreline,Harlem River Shoreline,WB,2024,10,2024-10-01,Before congestion pricing,Weekday,PM peak (16-19),265.15,1060.6,320,160,10,1
72887_40.862745_-73.914834_EB,72887,40.862745,-73.914834,Manhattan,UNIVERSITY HEIGHTS BRIDGE,Harlem River Shoreline,Harlem River Shoreline,EB,2024,10,2024-10-01,Before congestion pricing,Weekend,PM peak (16-19),213.89,855.6,251,64,4,1
72887_40.862745_-73.914834_WB,72887,40.862745,-73.914834,Manhattan,UNIVERSITY HEIGHTS BRIDGE,Harlem River Shoreline,Harlem River Shoreline,WB,2024,10,2024-10-01,Before congestion pricing,Weekend,PM peak (16-19),272.12,1088.5,315,64,4,1
34332_40.772569_-73.989757_SB,34332,40.772569,-73.989757,Manhattan,WEST END AVENUE,West 60 Street,West 61 Street,SB,2024,10,2024-10-01,Before congestion pricing,Weekday,AM peak (06-09),132.63,530.5,201,112,7,1
34332_40.772569_-73.989757_NB,34332,40.772569,-73.989757,Manhattan,WEST END AVENUE,West 60 Street,West 61 Street,NB,2024,10,2024-10-01,Before congestion pricing,Weekday,AM peak (06-09),87.70,350.8,144,160,10,1
34332_40.772569_-73.989757_SB,34332,40.772569,-73.989757,Manhattan,WEST END AVENUE,West 60 Street,West 61 Street,SB,2024,10,2024-10-01,Before congestion pricing,Weekend,AM peak (06-09),87.95,351.8,191,64,4,1
34332_40.772569_-73.989757_NB,34332,40.772569,-73.989757,Manhattan,WEST END AVENUE,West 60 Street,West 61 Street,NB,2024,10,2024-10-01,Before congestion pricing,Weekend,AM peak (06-09),38.50,154.0,77,64,4,1
34332_40.772569_-73.989757_SB,34332,40.772569,-73.989757,Manhattan,WEST END AVENUE,West 60 Street,West 61 Street,SB,2024,10,2024-10-01,Before congestion pricing,Weekday,Evening (20-23),110.32,441.3,171,112,7,1
34332_40.772569_-73.989757_NB,34332,40.772569,-73.989757,Manhattan,WEST END AVENUE,West 60 Street,West 61 Street,NB,2024,10,2024-10-01,Before congestion pricing,Weekday,Evening (20-23),42.89,171.6,72,160,10,1
34332_40.772569_-73.989757_SB,34332,40.772569,-73.989757,Manhattan,WEST END AVENUE,West 60 Street,West 61 Street,SB,2024,10,2024-10-01,Before congestion pricing,Weekend,Evening (20-23),110.00,440.0,171,64,4,1
34332_40.772569_-73.989757_NB,34332,40.772569,-73.989757,Manhattan,WEST END AVENUE,West 60 Street,West 61 Street,NB,2024,10,2024-10-01,Before congestion pricing,Weekend,Evening (20-23),43.39,173.6,76,64,4,1
34332_40.772569_-73.989757_SB,34332,40.772569,-73.989757,Manhattan,WEST END AVENUE,West 60 Street,West 61 Street,SB,2024,10,2024-10-01,Before congestion pricing,Weekday,Midday (10-15),155.35,621.4,197,168,7,1
34332_40.772569_-73.989757_NB,34332,40.772569,-73.989757,Manhattan,WEST END AVENUE,West 60 Street,West 61 Street,NB,2024,10,2024-10-01,Before congestion pricing,Weekday,Midday (10-15),89.66,358.6,178,240,10,1
34332_40.772569_-73.989757_SB,34332,40.772569,-73.989757,Manhattan,WEST END AVENUE,West 60 Street,West 61 Street,SB,2024,10,2024-10-01,Before congestion pricing,Weekend,Midday (10-15),169.03,676.1,206,96,4,1
34332_40.772569_-73.989757_NB,34332,40.772569,-73.989757,Manhattan,WEST END AVENUE,West 60 Street,West 61 Street,NB,2024,10,2024-10-01,Before congestion pricing,Weekend,Midday (10-15),64.76,259.0,88,96,4,1
34332_40.772569_-73.989757_SB,34332,40.772569,-73.989757,Manhattan,WEST END AVENUE,West 60 Street,West 61 Street,SB,2024,10,2024-10-01,Before congestion pricing,Weekday,Overnight (00-05),20.95,83.8,64,168,7,1
34332_40.772569_-73.989757_NB,34332,40.772569,-73.989757,Manhattan,WEST END AVENUE,West 60 Street,West 61 Street,NB,2024,10,2024-10-01,Before congestion pricing,Weekday,Overnight (00-05),11.60,46.4,46,240,10,1
34332_40.772569_-73.989757_SB,34332,40.772569,-73.989757,Manhattan,WEST END AVENUE,West 60 Street,West 61 Street,SB,2024,10,2024-10-01,Before congestion pricing,Weekend,Overnight (00-05),44.21,176.8,102,96,4,1
34332_40.772569_-73.989757_NB,34332,40.772569,-73.989757,Manhattan,WEST END AVENUE,West 60 Street,West 61 Street,NB,2024,10,2024-10-01,Before congestion pricing,Weekend,Overnight (00-05),17.46,69.8,45,96,4,1
34332_40.772569_-73.989757_SB,34332,40.772569,-73.989757,Manhattan,WEST END AVENUE,West 60 Street,West 61 Street,SB,2024,10,2024-10-01,Before congestion pricing,Weekday,PM peak (16-19),154.53,618.1,199,112,7,1
34332_40.772569_-73.989757_NB,34332,40.772569,-73.989757,Manhattan,WEST END AVENUE,West 60 Street,West 61 Street,NB,2024,10,2024-10-01,Before congestion pricing,Weekday,PM peak (16-19),135.06,540.2,238,160,10,1
34332_40.772569_-73.989757_SB,34332,40.772569,-73.989757,Manhattan,WEST END AVENUE,West 60 Street,West 61 Street,SB,2024,10,2024-10-01,Before congestion pricing,Weekend,PM peak (16-19),175.75,703.0,206,64,4,1
34332_40.772569_-73.989757_NB,34332,40.772569,-73.989757,Manhattan,WEST END AVENUE,West 60 Street,West 61 Street,NB,2024,10,2024-10-01,Before congestion pricing,Weekend,PM peak (16-19),58.02,232.1,82,64,4,1
252704_40.715908_-73.979450_WB,252704,40.715908,-73.979450,Manhattan,WILLIAMSBURG BR APPROACH,Dead end,Dead End,WB,2024,10,2024-10-01,Before congestion pricing,Weekday,AM peak (06-09),569.04,2276.2,663,48,3,1
252704_40.715908_-73.979450_WB,252704,40.715908,-73.979450,Manhattan,WILLIAMSBURG BR APPROACH,Dead end,Dead End,WB,2024,10,2024-10-01,Before congestion pricing,Weekday,Evening (20-23),450.94,1803.8,617,48,3,1
252704_40.715908_-73.979450_WB,252704,40.715908,-73.979450,Manhattan,WILLIAMSBURG BR APPROACH,Dead end,Dead End,WB,2024,10,2024-10-01,Before congestion pricing,Weekday,Midday (10-15),484.10,1936.4,613,72,3,1
252704_40.715908_-73.979450_WB,252704,40.715908,-73.979450,Manhattan,WILLIAMSBURG BR APPROACH,Dead end,Dead End,WB,2024,10,2024-10-01,Before congestion pricing,Weekday,Overnight (00-05),248.03,992.1,620,72,3,1
252704_40.715908_-73.979450_WB,252704,40.715908,-73.979450,Manhattan,WILLIAMSBURG BR APPROACH,Dead end,Dead End,WB,2024,10,2024-10-01,Before congestion pricing,Weekday,PM peak (16-19),492.90,1971.6,562,48,3,1
252708_40.715714_-73.979569_EB,252708,40.715714,-73.979569,Manhattan,WILLIAMSBURG BR APPROACH,Dead End,Dead end,EB,2024,10,2024-10-01,Before congestion pricing,Weekday,AM peak (06-09),480.96,1923.8,597,48,3,1
252708_40.715714_-73.979569_EB,252708,40.715714,-73.979569,Manhattan,WILLIAMSBURG BR APPROACH,Dead End,Dead end,EB,2024,10,2024-10-01,Before congestion pricing,Weekday,Evening (20-23),609.04,2436.2,724,48,3,1
252708_40.715714_-73.979569_EB,252708,40.715714,-73.979569,Manhattan,WILLIAMSBURG BR APPROACH,Dead End,Dead end,EB,2024,10,2024-10-01,Before congestion pricing,Weekday,Midday (10-15),503.21,2012.8,697,72,3,1
252708_40.715714_-73.979569_EB,252708,40.715714,-73.979569,Manhattan,WILLIAMSBURG BR APPROACH,Dead End,Dead end,EB,2024,10,2024-10-01,Before congestion pricing,Weekday,Overnight (00-05),275.14,1100.6,619,72,3,1
252708_40.715714_-73.979569_EB,252708,40.715714,-73.979569,Manhattan,WILLIAMSBURG BR APPROACH,Dead End,Dead end,EB,2024,10,2024-10-01,Before congestion pricing,Weekday,PM peak (16-19),630.58,2522.3,742,48,3,1
97328_40.758664_-73.788613_NB,97328,40.758664,-73.788613,Queens,193 STREET,42 Avenue,Northern Boulevard,NB,2024,11,2024-11-01,Before congestion pricing,Weekday,AM peak (06-09),4.09,16.4,10,80,5,1
97328_40.758664_-73.788613_SB,97328,40.758664,-73.788613,Queens,193 STREET,42 Avenue,Northern Boulevard,SB,2024,11,2024-11-01,Before congestion pricing,Weekday,AM peak (06-09),4.54,18.1,16,80,5,1
97328_40.758664_-73.788613_SB,97328,40.758664,-73.788613,Queens,193 STREET,42 Avenue,Northern Boulevard,SB,2024,11,2024-11-01,Before congestion pricing,Weekend,AM peak (06-09),2.23,8.9,7,64,4,1
97328_40.758664_-73.788613_NB,97328,40.758664,-73.788613,Queens,193 STREET,42 Avenue,Northern Boulevard,NB,2024,11,2024-11-01,Before congestion pricing,Weekend,AM peak (06-09),2.50,10.0,9,64,4,1
97328_40.758664_-73.788613_NB,97328,40.758664,-73.788613,Queens,193 STREET,42 Avenue,Northern Boulevard,NB,2024,11,2024-11-01,Before congestion pricing,Weekday,Evening (20-23),2.50,10.0,10,80,5,1
97328_40.758664_-73.788613_SB,97328,40.758664,-73.788613,Queens,193 STREET,42 Avenue,Northern Boulevard,SB,2024,11,2024-11-01,Before congestion pricing,Weekday,Evening (20-23),2.42,9.7,8,80,5,1
97328_40.758664_-73.788613_SB,97328,40.758664,-73.788613,Queens,193 STREET,42 Avenue,Northern Boulevard,SB,2024,11,2024-11-01,Before congestion pricing,Weekend,Evening (20-23),2.30,9.2,8,64,4,1
97328_40.758664_-73.788613_NB,97328,40.758664,-73.788613,Queens,193 STREET,42 Avenue,Northern Boulevard,NB,2024,11,2024-11-01,Before congestion pricing,Weekend,Evening (20-23),2.86,11.4,9,64,4,1
97328_40.758664_-73.788613_NB,97328,40.758664,-73.788613,Queens,193 STREET,42 Avenue,Northern Boulevard,NB,2024,11,2024-11-01,Before congestion pricing,Weekday,Midday (10-15),7.13,28.5,23,120,5,1
97328_40.758664_-73.788613_SB,97328,40.758664,-73.788613,Queens,193 STREET,42 Avenue,Northern Boulevard,SB,2024,11,2024-11-01,Before congestion pricing,Weekday,Midday (10-15),6.33,25.3,23,120,5,1
97328_40.758664_-73.788613_SB,97328,40.758664,-73.788613,Queens,193 STREET,42 Avenue,Northern Boulevard,SB,2024,11,2024-11-01,Before congestion pricing,Weekend,Midday (10-15),5.80,23.2,13,96,4,1
97328_40.758664_-73.788613_NB,97328,40.758664,-73.788613,Queens,193 STREET,42 Avenue,Northern Boulevard,NB,2024,11,2024-11-01,Before congestion pricing,Weekend,Midday (10-15),7.22,28.9,16,96,4,1
97328_40.758664_-73.788613_NB,97328,40.758664,-73.788613,Queens,193 STREET,42 Avenue,Northern Boulevard,NB,2024,11,2024-11-01,Before congestion pricing,Weekday,Overnight (00-05),0.41,1.6,2,120,5,1
97328_40.758664_-73.788613_SB,97328,40.758664,-73.788613,Queens,193 STREET,42 Avenue,Northern Boulevard,SB,2024,11,2024-11-01,Before congestion pricing,Weekday,Overnight (00-05),0.39,1.6,3,120,5,1
97328_40.758664_-73.788613_SB,97328,40.758664,-73.788613,Queens,193 STREET,42 Avenue,Northern Boulevard,SB,2024,11,2024-11-01,Before congestion pricing,Weekend,Overnight (00-05),0.50,2.0,4,96,4,1
97328_40.758664_-73.788613_NB,97328,40.758664,-73.788613,Queens,193 STREET,42 Avenue,Northern Boulevard,NB,2024,11,2024-11-01,Before congestion pricing,Weekend,Overnight (00-05),0.58,2.3,4,96,4,1
97328_40.758664_-73.788613_NB,97328,40.758664,-73.788613,Queens,193 STREET,42 Avenue,Northern Boulevard,NB,2024,11,2024-11-01,Before congestion pricing,Weekday,PM peak (16-19),7.45,29.8,19,80,5,1
97328_40.758664_-73.788613_SB,97328,40.758664,-73.788613,Queens,193 STREET,42 Avenue,Northern Boulevard,SB,2024,11,2024-11-01,Before congestion pricing,Weekday,PM peak (16-19),7.89,31.6,24,80,5,1
97328_40.758664_-73.788613_SB,97328,40.758664,-73.788613,Queens,193 STREET,42 Avenue,Northern Boulevard,SB,2024,11,2024-11-01,Before congestion pricing,Weekend,PM peak (16-19),5.28,21.1,13,64,4,1
97328_40.758664_-73.788613_NB,97328,40.758664,-73.788613,Queens,193 STREET,42 Avenue,Northern Boulevard,NB,2024,11,2024-11-01,Before congestion pricing,Weekend,PM peak (16-19),7.05,28.2,12,64,4,1
8102742_40.684077_-73.978585_NB,8102742,40.684077,-73.978585,Brooklyn,4 AVENUE LINE,Dead End,Pacific Street,NB,2024,11,2024-11-01,Before congestion pricing,Weekday,AM peak (06-09),100.16,400.6,131,64,4,1
8102742_40.684077_-73.978585_SB,8102742,40.684077,-73.978585,Brooklyn,4 AVENUE LINE,Dead End,Pacific Street,SB,2024,11,2024-11-01,Before congestion pricing,Weekday,AM peak (06-09),66.66,266.6,103,64,4,1
8102742_40.684077_-73.978585_NB,8102742,40.684077,-73.978585,Brooklyn,4 AVENUE LINE,Dead End,Pacific Street,NB,2024,11,2024-11-01,Before congestion pricing,Weekend,AM peak (06-09),37.88,151.5,79,32,2,1
8102742_40.684077_-73.978585_SB,8102742,40.684077,-73.978585,Brooklyn,4 AVENUE LINE,Dead End,Pacific Street,SB,2024,11,2024-11-01,Before congestion pricing,Weekend,AM peak (06-09),36.00,144.0,67,32,2,1
8102742_40.684077_-73.978585_NB,8102742,40.684077,-73.978585,Brooklyn,4 AVENUE LINE,Dead End,Pacific Street,NB,2024,11,2024-11-01,Before congestion pricing,Weekday,Evening (20-23),70.19,280.8,115,64,4,1
8102742_40.684077_-73.978585_SB,8102742,40.684077,-73.978585,Brooklyn,4 AVENUE LINE,Dead End,Pacific Street,SB,2024,11,2024-11-01,Before congestion pricing,Weekday,Evening (20-23),72.34,289.4,105,64,4,1
8102742_40.684077_-73.978585_NB,8102742,40.684077,-73.978585,Brooklyn,4 AVENUE LINE,Dead End,Pacific Street,NB,2024,11,2024-11-01,Before congestion pricing,Weekend,Evening (20-23),48.19,192.8,85,32,2,1
8102742_40.684077_-73.978585_SB,8102742,40.684077,-73.978585,Brooklyn,4 AVENUE LINE,Dead End,Pacific Street,SB,2024,11,2024-11-01,Before congestion pricing,Weekend,Evening (20-23),65.12,260.5,96,32,2,1
8102742_40.684077_-73.978585_NB,8102742,40.684077,-73.978585,Brooklyn,4 AVENUE LINE,Dead End,Pacific Street,NB,2024,11,2024-11-01,Before congestion pricing,Weekday,Midday (10-15),100.67,402.7,127,96,4,1
8102742_40.684077_-73.978585_SB,8102742,40.684077,-73.978585,Brooklyn,4 AVENUE LINE,Dead End,Pacific Street,SB,2024,11,2024-11-01,Before congestion pricing,Weekday,Midday (10-15),85.88,343.5,116,96,4,1
8102742_40.684077_-73.978585_NB,8102742,40.684077,-73.978585,Brooklyn,4 AVENUE LINE,Dead End,Pacific Street,NB,2024,11,2024-11-01,Before congestion pricing,Weekend,Midday (10-15),105.10,420.4,137,48,2,1
8102742_40.684077_-73.978585_SB,8102742,40.684077,-73.978585,Brooklyn,4 AVENUE LINE,Dead End,Pacific Street,SB,2024,11,2024-11-01,Before congestion pricing,Weekend,Midday (10-15),82.62,330.5,108,48,2,1
8102742_40.684077_-73.978585_NB,8102742,40.684077,-73.978585,Brooklyn,4 AVENUE LINE,Dead End,Pacific Street,NB,2024,11,2024-11-01,Before congestion pricing,Weekday,Overnight (00-05),19.69,78.8,84,96,4,1
8102742_40.684077_-73.978585_SB,8102742,40.684077,-73.978585,Brooklyn,4 AVENUE LINE,Dead End,Pacific Street,SB,2024,11,2024-11-01,Before congestion pricing,Weekday,Overnight (00-05),22.20,88.8,80,96,4,1
8102742_40.684077_-73.978585_NB,8102742,40.684077,-73.978585,Brooklyn,4 AVENUE LINE,Dead End,Pacific Street,NB,2024,11,2024-11-01,Before congestion pricing,Weekend,Overnight (00-05),20.31,81.2,48,48,2,1
8102742_40.684077_-73.978585_SB,8102742,40.684077,-73.978585,Brooklyn,4 AVENUE LINE,Dead End,Pacific Street,SB,2024,11,2024-11-01,Before congestion pricing,Weekend,Overnight (00-05),26.40,105.6,54,48,2,1
8102742_40.684077_-73.978585_NB,8102742,40.684077,-73.978585,Brooklyn,4 AVENUE LINE,Dead End,Pacific Street,NB,2024,11,2024-11-01,Before congestion pricing,Weekday,PM peak (16-19),103.08,412.3,127,64,4,1
8102742_40.684077_-73.978585_SB,8102742,40.684077,-73.978585,Brooklyn,4 AVENUE LINE,Dead End,Pacific Street,SB,2024,11,2024-11-01,Before congestion pricing,Weekday,PM peak (16-19),103.42,413.7,124,64,4,1
8102742_40.684077_-73.978585_NB,8102742,40.684077,-73.978585,Brooklyn,4 AVENUE LINE,Dead End,Pacific Street,NB,2024,11,2024-11-01,Before congestion pricing,Weekend,PM peak (16-19),101.03,404.1,132,32,2,1
8102742_40.684077_-73.978585_SB,8102742,40.684077,-73.978585,Brooklyn,4 AVENUE LINE,Dead End,Pacific Street,SB,2024,11,2024-11-01,Before congestion pricing,Weekend,PM peak (16-19),89.69,358.8,106,32,2,1
145097_40.693622_-73.988825_SB,145097,40.693622,-73.988825,Brooklyn,ADAMS STREET,Connector,Dead end,SB,2024,11,2024-11-01,Before congestion pricing,Weekend,AM peak (06-09),143.69,574.8,216,16,1,1
145097_40.693622_-73.988825_SB,145097,40.693622,-73.988825,Brooklyn,ADAMS STREET,Connector,Dead end,SB,2024,11,2024-11-01,Before congestion pricing,Weekend,Evening (20-23),208.00,832.0,263,16,1,1
145097_40.693622_-73.988825_SB,145097,40.693622,-73.988825,Brooklyn,ADAMS STREET,Connector,Dead end,SB,2024,11,2024-11-01,Before congestion pricing,Weekend,Midday (10-15),210.88,843.5,259,24,1,1
145097_40.693622_-73.988825_SB,145097,40.693622,-73.988825,Brooklyn,ADAMS STREET,Connector,Dead end,SB,2024,11,2024-11-01,Before congestion pricing,Weekend,Overnight (00-05),90.46,361.8,200,24,1,1
145097_40.693622_-73.988825_SB,145097,40.693622,-73.988825,Brooklyn,ADAMS STREET,Connector,Dead end,SB,2024,11,2024-11-01,Before congestion pricing,Weekend,PM peak (16-19),246.56,986.2,273,16,1,1
148076_40.695523_-73.988727_NB,148076,40.695523,-73.988727,Brooklyn,ADAMS STREET,Tillary Street,Johnson Street,NB,2024,11,2024-11-01,Before congestion pricing,Weekend,AM peak (06-09),133.94,535.8,183,16,1,1
148076_40.695523_-73.988727_NB,148076,40.695523,-73.988727,Brooklyn,ADAMS STREET,Tillary Street,Johnson Street,NB,2024,11,2024-11-01,Before congestion pricing,Weekend,Evening (20-23),176.31,705.2,203,16,1,1
148076_40.695523_-73.988727_NB,148076,40.695523,-73.988727,Brooklyn,ADAMS STREET,Tillary Street,Johnson Street,NB,2024,11,2024-11-01,Before congestion pricing,Weekend,Midday (10-15),193.58,774.3,222,24,1,1
148076_40.695523_-73.988727_NB,148076,40.695523,-73.988727,Brooklyn,ADAMS STREET,Tillary Street,Johnson Street,NB,2024,11,2024-11-01,Before congestion pricing,Weekend,Overnight (00-05),65.33,261.3,132,24,1,1
148076_40.695523_-73.988727_NB,148076,40.695523,-73.988727,Brooklyn,ADAMS STREET,Tillary Street,Johnson Street,NB,2024,11,2024-11-01,Before congestion pricing,Weekend,PM peak (16-19),191.19,764.8,220,16,1,1
91041_40.755962_-73.833553_NB,91041,40.755962,-73.833553,Queens,COLLEGE POINT BOULEVARD,41 Avenue,41 Road,NB,2024,11,2024-11-01,Before congestion pricing,Weekday,AM peak (06-09),141.67,566.7,211,64,4,1
91041_40.755962_-73.833553_SB,91041,40.755962,-73.833553,Queens,COLLEGE POINT BOULEVARD,41 Avenue,41 Road,SB,2024,11,2024-11-01,Before congestion pricing,Weekday,AM peak (06-09),138.23,552.9,193,64,4,1
91041_40.755962_-73.833553_NB,91041,40.755962,-73.833553,Queens,COLLEGE POINT BOULEVARD,41 Avenue,41 Road,NB,2024,11,2024-11-01,Before congestion pricing,Weekday,Evening (20-23),78.70,314.8,117,64,4,1
91041_40.755962_-73.833553_SB,91041,40.755962,-73.833553,Queens,COLLEGE POINT BOULEVARD,41 Avenue,41 Road,SB,2024,11,2024-11-01,Before congestion pricing,Weekday,Evening (20-23),109.91,439.6,174,64,4,1
91041_40.755962_-73.833553_NB,91041,40.755962,-73.833553,Queens,COLLEGE POINT BOULEVARD,41 Avenue,41 Road,NB,2024,11,2024-11-01,Before congestion pricing,Weekday,Midday (10-15),158.26,633.0,206,96,4,1
91041_40.755962_-73.833553_SB,91041,40.755962,-73.833553,Queens,COLLEGE POINT BOULEVARD,41 Avenue,41 Road,SB,2024,11,2024-11-01,Before congestion pricing,Weekday,Midday (10-15),196.92,787.7,236,96,4,1
91041_40.755962_-73.833553_NB,91041,40.755962,-73.833553,Queens,COLLEGE POINT BOULEVARD,41 Avenue,41 Road,NB,2024,11,2024-11-01,Before congestion pricing,Weekday,Overnight (00-05),24.71,98.8,53,96,4,1
91041_40.755962_-73.833553_SB,91041,40.755962,-73.833553,Queens,COLLEGE POINT BOULEVARD,41 Avenue,41 Road,SB,2024,11,2024-11-01,Before congestion pricing,Weekday,Overnight (00-05),30.22,120.9,59,96,4,1
91041_40.755962_-73.833553_NB,91041,40.755962,-73.833553,Queens,COLLEGE POINT BOULEVARD,41 Avenue,41 Road,NB,2024,11,2024-11-01,Before congestion pricing,Weekday,PM peak (16-19),150.77,603.1,194,64,4,1
91041_40.755962_-73.833553_SB,91041,40.755962,-73.833553,Queens,COLLEGE POINT BOULEVARD,41 Avenue,41 Road,SB,2024,11,2024-11-01,Before congestion pricing,Weekday,PM peak (16-19),206.38,825.5,248,64,4,1
47527_40.664676_-73.894534_WB,47527,40.664676,-73.894534,Brooklyn,LIVONIA AVENUE,New Lots Line,New Lots Line,WB,2024,11,2024-11-01,Before congestion pricing,Weekday,AM peak (06-09),22.62,90.5,46,16,1,1
47527_40.664676_-73.894534_WB,47527,40.664676,-73.894534,Brooklyn,LIVONIA AVENUE,New Lots Line,New Lots Line,WB,2024,11,2024-11-01,Before congestion pricing,Weekday,Evening (20-23),18.25,73.0,31,16,1,1
47527_40.664676_-73.894534_WB,47527,40.664676,-73.894534,Brooklyn,LIVONIA AVENUE,New Lots Line,New Lots Line,WB,2024,11,2024-11-01,Before congestion pricing,Weekday,Midday (10-15),25.50,102.0,35,24,1,1
47527_40.664676_-73.894534_WB,47527,40.664676,-73.894534,Brooklyn,LIVONIA AVENUE,New Lots Line,New Lots Line,WB,2024,11,2024-11-01,Before congestion pricing,Weekday,Overnight (00-05),6.58,26.3,14,24,1,1
47527_40.664676_-73.894534_WB,47527,40.664676,-73.894534,Brooklyn,LIVONIA AVENUE,New Lots Line,New Lots Line,WB,2024,11,2024-11-01,Before congestion pricing,Weekday,PM peak (16-19),31.06,124.2,37,16,1,1
47529_40.664831_-73.893524_EB,47529,40.664831,-73.893524,Brooklyn,LIVONIA AVENUE,New Jersey Avenue,New Lots Line,EB,2024,11,2024-11-01,Before congestion pricing,Weekday,AM peak (06-09),18.19,72.8,27,16,1,1
47529_40.664831_-73.893524_EB,47529,40.664831,-73.893524,Brooklyn,LIVONIA AVENUE,New Jersey Avenue,New Lots Line,EB,2024,11,2024-11-01,Before congestion pricing,Weekday,Evening (20-23),17.62,70.5,28,16,1,1
47529_40.664831_-73.893524_EB,47529,40.664831,-73.893524,Brooklyn,LIVONIA AVENUE,New Jersey Avenue,New Lots Line,EB,2024,11,2024-11-01,Before congestion pricing,Weekday,Midday (10-15),23.96,95.8,42,24,1,1
47529_40.664831_-73.893524_EB,47529,40.664831,-73.893524,Brooklyn,LIVONIA AVENUE,New Jersey Avenue,New Lots Line,EB,2024,11,2024-11-01,Before congestion pricing,Weekday,Overnight (00-05),5.92,23.7,13,24,1,1
47529_40.664831_-73.893524_EB,47529,40.664831,-73.893524,Brooklyn,LIVONIA AVENUE,New Jersey Avenue,New Lots Line,EB,2024,11,2024-11-01,Before congestion pricing,Weekday,PM peak (16-19),40.38,161.5,57,16,1,1
71036_40.828101_-73.933822_EB,71036,40.828101,-73.933822,Manhattan,MACOMBS DAM BRIDGE,Harlem River Shoreline,Harlem River Shoreline,EB,2024,11,2024-11-01,Before congestion pricing,Weekday,AM peak (06-09),215.86,863.5,302,160,10,1
71036_40.828101_-73.933822_WB,71036,40.828101,-73.933822,Manhattan,MACOMBS DAM BRIDGE,Harlem River Shoreline,Harlem River Shoreline,WB,2024,11,2024-11-01,Before congestion pricing,Weekday,AM peak (06-09),304.39,1217.5,386,160,10,1
71036_40.828101_-73.933822_EB,71036,40.828101,-73.933822,Manhattan,MACOMBS DAM BRIDGE,Harlem River Shoreline,Harlem River Shoreline,EB,2024,11,2024-11-01,Before congestion pricing,Weekend,AM peak (06-09),127.11,508.4,209,64,4,1
71036_40.828101_-73.933822_WB,71036,40.828101,-73.933822,Manhattan,MACOMBS DAM BRIDGE,Harlem River Shoreline,Harlem River Shoreline,WB,2024,11,2024-11-01,Before congestion pricing,Weekend,AM peak (06-09),181.88,727.5,312,64,4,1
71036_40.828101_-73.933822_EB,71036,40.828101,-73.933822,Manhattan,MACOMBS DAM BRIDGE,Harlem River Shoreline,Harlem River Shoreline,EB,2024,11,2024-11-01,Before congestion pricing,Weekday,Evening (20-23),167.74,671.0,239,160,10,1
71036_40.828101_-73.933822_WB,71036,40.828101,-73.933822,Manhattan,MACOMBS DAM BRIDGE,Harlem River Shoreline,Harlem River Shoreline,WB,2024,11,2024-11-01,Before congestion pricing,Weekday,Evening (20-23),168.09,672.4,287,160,10,1
71036_40.828101_-73.933822_WB,71036,40.828101,-73.933822,Manhattan,MACOMBS DAM BRIDGE,Harlem River Shoreline,Harlem River Shoreline,WB,2024,11,2024-11-01,Before congestion pricing,Weekend,Evening (20-23),210.81,843.2,304,64,4,1
71036_40.828101_-73.933822_EB,71036,40.828101,-73.933822,Manhattan,MACOMBS DAM BRIDGE,Harlem River Shoreline,Harlem River Shoreline,EB,2024,11,2024-11-01,Before congestion pricing,Weekend,Evening (20-23),207.75,831.0,273,64,4,1
71036_40.828101_-73.933822_EB,71036,40.828101,-73.933822,Manhattan,MACOMBS DAM BRIDGE,Harlem River Shoreline,Harlem River Shoreline,EB,2024,11,2024-11-01,Before congestion pricing,Weekday,Midday (10-15),222.67,890.7,275,240,10,1
71036_40.828101_-73.933822_WB,71036,40.828101,-73.933822,Manhattan,MACOMBS DAM BRIDGE,Harlem River Shoreline,Harlem River Shoreline,WB,2024,11,2024-11-01,Before congestion pricing,Weekday,Midday (10-15),281.05,1124.2,338,240,10,1
71036_40.828101_-73.933822_WB,71036,40.828101,-73.933822,Manhattan,MACOMBS DAM BRIDGE,Harlem River Shoreline,Harlem River Shoreline,WB,2024,11,2024-11-01,Before congestion pricing,Weekend,Midday (10-15),276.46,1105.8,333,96,4,1
71036_40.828101_-73.933822_EB,71036,40.828101,-73.933822,Manhattan,MACOMBS DAM BRIDGE,Harlem River Shoreline,Harlem River Shoreline,EB,2024,11,2024-11-01,Before congestion pricing,Weekend,Midday (10-15),237.99,952.0,289,96,4,1
71036_40.828101_-73.933822_EB,71036,40.828101,-73.933822,Manhattan,MACOMBS DAM BRIDGE,Harlem River Shoreline,Harlem River Shoreline,EB,2024,11,2024-11-01,Before congestion pricing,Weekday,Overnight (00-05),69.17,276.7,175,240,10,1
71036_40.828101_-73.933822_WB,71036,40.828101,-73.933822,Manhattan,MACOMBS DAM BRIDGE,Harlem River Shoreline,Harlem River Shoreline,WB,2024,11,2024-11-01,Before congestion pricing,Weekday,Overnight (00-05),79.35,317.4,218,240,10,1
71036_40.828101_-73.933822_EB,71036,40.828101,-73.933822,Manhattan,MACOMBS DAM BRIDGE,Harlem River Shoreline,Harlem River Shoreline,EB,2024,11,2024-11-01,Before congestion pricing,Weekend,Overnight (00-05),98.50,394.0,200,96,4,1
71036_40.828101_-73.933822_WB,71036,40.828101,-73.933822,Manhattan,MACOMBS DAM BRIDGE,Harlem River Shoreline,Harlem River Shoreline,WB,2024,11,2024-11-01,Before congestion pricing,Weekend,Overnight (00-05),102.10,408.4,176,96,4,1
71036_40.828101_-73.933822_EB,71036,40.828101,-73.933822,Manhattan,MACOMBS DAM BRIDGE,Harlem River Shoreline,Harlem River Shoreline,EB,2024,11,2024-11-01,Before congestion pricing,Weekday,PM peak (16-19),242.14,968.5,306,160,10,1
71036_40.828101_-73.933822_WB,71036,40.828101,-73.933822,Manhattan,MACOMBS DAM BRIDGE,Harlem River Shoreline,Harlem River Shoreline,WB,2024,11,2024-11-01,Before congestion pricing,Weekday,PM peak (16-19),257.17,1028.7,312,160,10,1
71036_40.828101_-73.933822_WB,71036,40.828101,-73.933822,Manhattan,MACOMBS DAM BRIDGE,Harlem River Shoreline,Harlem River Shoreline,WB,2024,11,2024-11-01,Before congestion pricing,Weekend,PM peak (16-19),276.20,1104.8,330,64,4,1
71036_40.828101_-73.933822_EB,71036,40.828101,-73.933822,Manhattan,MACOMBS DAM BRIDGE,Harlem River Shoreline,Harlem River Shoreline,EB,2024,11,2024-11-01,Before congestion pricing,Weekend,PM peak (16-19),247.30,989.2,278,64,4,1
97314_40.757883_-73.788136_EB,97314,40.757883,-73.788136,Queens,NORTHERN BOULEVARD,193 Street,194 Street,EB,2024,11,2024-11-01,Before congestion pricing,Weekday,AM peak (06-09),149.15,596.6,243,80,5,1
97314_40.757883_-73.788136_WB,97314,40.757883,-73.788136,Queens,NORTHERN BOULEVARD,193 Street,194 Street,WB,2024,11,2024-11-01,Before congestion pricing,Weekday,AM peak (06-09),278.46,1113.8,383,80,5,1
97314_40.757883_-73.788136_WB,97314,40.757883,-73.788136,Queens,NORTHERN BOULEVARD,193 Street,194 Street,WB,2024,11,2024-11-01,Before congestion pricing,Weekend,AM peak (06-09),115.73,462.9,233,64,4,1
97314_40.757883_-73.788136_EB,97314,40.757883,-73.788136,Queens,NORTHERN BOULEVARD,193 Street,194 Street,EB,2024,11,2024-11-01,Before congestion pricing,Weekend,AM peak (06-09),101.17,404.7,205,64,4,1
97314_40.757883_-73.788136_EB,97314,40.757883,-73.788136,Queens,NORTHERN BOULEVARD,193 Street,194 Street,EB,2024,11,2024-11-01,Before congestion pricing,Weekday,Evening (20-23),104.04,416.1,196,80,5,1
97314_40.757883_-73.788136_WB,97314,40.757883,-73.788136,Queens,NORTHERN BOULEVARD,193 Street,194 Street,WB,2024,11,2024-11-01,Before congestion pricing,Weekday,Evening (20-23),91.04,364.1,187,80,5,1
97314_40.757883_-73.788136_EB,97314,40.757883,-73.788136,Queens,NORTHERN BOULEVARD,193 Street,194 Street,EB,2024,11,2024-11-01,Before congestion pricing,Weekend,Evening (20-23),103.22,412.9,177,64,4,1
97314_40.757883_-73.788136_WB,97314,40.757883,-73.788136,Queens,NORTHERN BOULEVARD,193 Street,194 Street,WB,2024,11,2024-11-01,Before congestion pricing,Weekend,Evening (20-23),93.70,374.8,193,64,4,1
97314_40.757883_-73.788136_EB,97314,40.757883,-73.788136,Queens,NORTHERN BOULEVARD,193 Street,194 Street,EB,2024,11,2024-11-01,Before congestion pricing,Weekday,Midday (10-15),227.70,910.8,325,120,5,1
97314_40.757883_-73.788136_WB,97314,40.757883,-73.788136,Queens,NORTHERN BOULEVARD,193 Street,194 Street,WB,2024,11,2024-11-01,Before congestion pricing,Weekday,Midday (10-15),203.02,812.1,286,120,5,1
97314_40.757883_-73.788136_WB,97314,40.757883,-73.788136,Queens,NORTHERN BOULEVARD,193 Street,194 Street,WB,2024,11,2024-11-01,Before congestion pricing,Weekend,Midday (10-15),212.65,850.6,256,96,4,1
97314_40.757883_-73.788136_EB,97314,40.757883,-73.788136,Queens,NORTHERN BOULEVARD,193 Street,194 Street,EB,2024,11,2024-11-01,Before congestion pricing,Weekend,Midday (10-15),229.23,916.9,286,96,4,1
97314_40.757883_-73.788136_EB,97314,40.757883,-73.788136,Queens,NORTHERN BOULEVARD,193 Street,194 Street,EB,2024,11,2024-11-01,Before congestion pricing,Weekday,Overnight (00-05),18.54,74.2,44,120,5,1
97314_40.757883_-73.788136_WB,97314,40.757883,-73.788136,Queens,NORTHERN BOULEVARD,193 Street,194 Street,WB,2024,11,2024-11-01,Before congestion pricing,Weekday,Overnight (00-05),24.05,96.2,102,120,5,1
97314_40.757883_-73.788136_WB,97314,40.757883,-73.788136,Queens,NORTHERN BOULEVARD,193 Street,194 Street,WB,2024,11,2024-11-01,Before congestion pricing,Weekend,Overnight (00-05),25.17,100.7,64,96,4,1
97314_40.757883_-73.788136_EB,97314,40.757883,-73.788136,Queens,NORTHERN BOULEVARD,193 Street,194 Street,EB,2024,11,2024-11-01,Before congestion pricing,Weekend,Overnight (00-05),24.85,99.4,63,96,4,1
97314_40.757883_-73.788136_EB,97314,40.757883,-73.788136,Queens,NORTHERN BOULEVARD,193 Street,194 Street,EB,2024,11,2024-11-01,Before congestion pricing,Weekday,PM peak (16-19),279.89,1119.5,357,80,5,1
97314_40.757883_-73.788136_WB,97314,40.757883,-73.788136,Queens,NORTHERN BOULEVARD,193 Street,194 Street,WB,2024,11,2024-11-01,Before congestion pricing,Weekday,PM peak (16-19),193.45,773.8,241,80,5,1
97314_40.757883_-73.788136_EB,97314,40.757883,-73.788136,Queens,NORTHERN BOULEVARD,193 Street,194 Street,EB,2024,11,2024-11-01,Before congestion pricing,Weekend,PM peak (16-19),205.28,821.1,261,64,4,1
97314_40.757883_-73.788136_WB,97314,40.757883,-73.788136,Queens,NORTHERN BOULEVARD,193 Street,194 Street,WB,2024,11,2024-11-01,Before congestion pricing,Weekend,PM peak (16-19),205.03,820.1,254,64,4,1
47528_40.664190_-73.893898_NB,47528,40.664190,-73.893898,Brooklyn,PENNSYLVANIA AVENUE,Riverdale Avenue,Livonia Avenue,NB,2024,11,2024-11-01,Before congestion pricing,Weekday,AM peak (06-09),192.44,769.8,232,16,1,1
47528_40.664190_-73.893898_NB,47528,40.664190,-73.893898,Brooklyn,PENNSYLVANIA AVENUE,Riverdale Avenue,Livonia Avenue,NB,2024,11,2024-11-01,Before congestion pricing,Weekday,Evening (20-23),171.88,687.5,197,16,1,1
47528_40.664190_-73.893898_NB,47528,40.664190,-73.893898,Brooklyn,PENNSYLVANIA AVENUE,Riverdale Avenue,Livonia Avenue,NB,2024,11,2024-11-01,Before congestion pricing,Weekday,Midday (10-15),188.04,752.2,222,24,1,1
47528_40.664190_-73.893898_NB,47528,40.664190,-73.893898,Brooklyn,PENNSYLVANIA AVENUE,Riverdale Avenue,Livonia Avenue,NB,2024,11,2024-11-01,Before congestion pricing,Weekday,Overnight (00-05),88.17,352.7,181,24,1,1
47528_40.664190_-73.893898_NB,47528,40.664190,-73.893898,Brooklyn,PENNSYLVANIA AVENUE,Riverdale Avenue,Livonia Avenue,NB,2024,11,2024-11-01,Before congestion pricing,Weekday,PM peak (16-19),187.81,751.2,207,16,1,1
47536_40.665566_-73.894251_SB,47536,40.665566,-73.894251,Brooklyn,PENNSYLVANIA AVENUE,Dumont Avenue,Livonia Avenue,SB,2024,11,2024-11-01,Before congestion pricing,Weekday,AM peak (06-09),178.88,715.5,212,16,1,1
47536_40.665566_-73.894251_SB,47536,40.665566,-73.894251,Brooklyn,PENNSYLVANIA AVENUE,Dumont Avenue,Livonia Avenue,SB,2024,11,2024-11-01,Before congestion pricing,Weekday,Evening (20-23),198.81,795.2,220,16,1,1
47536_40.665566_-73.894251_SB,47536,40.665566,-73.894251,Brooklyn,PENNSYLVANIA AVENUE,Dumont Avenue,Livonia Avenue,SB,2024,11,2024-11-01,Before congestion pricing,Weekday,Midday (10-15),229.50,918.0,276,24,1,1
47536_40.665566_-73.894251_SB,47536,40.665566,-73.894251,Brooklyn,PENNSYLVANIA AVENUE,Dumont Avenue,Livonia Avenue,SB,2024,11,2024-11-01,Before congestion pricing,Weekday,Overnight (00-05),94.17,376.7,144,24,1,1
47536_40.665566_-73.894251_SB,47536,40.665566,-73.894251,Brooklyn,PENNSYLVANIA AVENUE,Dumont Avenue,Livonia Avenue,SB,2024,11,2024-11-01,Before congestion pricing,Weekday,PM peak (16-19),247.69,990.8,289,16,1,1
31005_40.691328_-73.951773_WB,31005,40.691328,-73.951773,Brooklyn,DEKALB AVENUE,Walworth Street,Nostrand Avenue,WB,2024,12,2024-12-01,Before congestion pricing,Weekday,AM peak (06-09),82.45,329.8,106,112,7,1
31005_40.691328_-73.951773_WB,31005,40.691328,-73.951773,Brooklyn,DEKALB AVENUE,Walworth Street,Nostrand Avenue,WB,2024,12,2024-12-01,Before congestion pricing,Weekend,AM peak (06-09),45.62,182.5,90,32,2,1
31005_40.691328_-73.951773_WB,31005,40.691328,-73.951773,Brooklyn,DEKALB AVENUE,Walworth Street,Nostrand Avenue,WB,2024,12,2024-12-01,Before congestion pricing,Weekday,Evening (20-23),62.91,251.6,109,112,7,1
31005_40.691328_-73.951773_WB,31005,40.691328,-73.951773,Brooklyn,DEKALB AVENUE,Walworth Street,Nostrand Avenue,WB,2024,12,2024-12-01,Before congestion pricing,Weekend,Evening (20-23),67.16,268.6,105,32,2,1
31005_40.691328_-73.951773_WB,31005,40.691328,-73.951773,Brooklyn,DEKALB AVENUE,Walworth Street,Nostrand Avenue,WB,2024,12,2024-12-01,Before congestion pricing,Weekday,Midday (10-15),91.85,367.4,112,168,7,1
31005_40.691328_-73.951773_WB,31005,40.691328,-73.951773,Brooklyn,DEKALB AVENUE,Walworth Street,Nostrand Avenue,WB,2024,12,2024-12-01,Before congestion pricing,Weekend,Midday (10-15),91.98,367.9,120,48,2,1
31005_40.691328_-73.951773_WB,31005,40.691328,-73.951773,Brooklyn,DEKALB AVENUE,Walworth Street,Nostrand Avenue,WB,2024,12,2024-12-01,Before congestion pricing,Weekday,Overnight (00-05),19.25,77.0,47,168,7,1
31005_40.691328_-73.951773_WB,31005,40.691328,-73.951773,Brooklyn,DEKALB AVENUE,Walworth Street,Nostrand Avenue,WB,2024,12,2024-12-01,Before congestion pricing,Weekend,Overnight (00-05),34.79,139.2,74,48,2,1
31005_40.691328_-73.951773_WB,31005,40.691328,-73.951773,Brooklyn,DEKALB AVENUE,Walworth Street,Nostrand Avenue,WB,2024,12,2024-12-01,Before congestion pricing,Weekday,PM peak (16-19),91.45,365.8,118,112,7,1
31005_40.691328_-73.951773_WB,31005,40.691328,-73.951773,Brooklyn,DEKALB AVENUE,Walworth Street,Nostrand Avenue,WB,2024,12,2024-12-01,Before congestion pricing,Weekend,PM peak (16-19),93.41,373.6,119,32,2,1
28987_40.687115_-73.976423_EB,28987,40.687115,-73.976423,Brooklyn,FULTON STREET,Ft Greene Place,Crosstown Line,EB,2024,12,2024-12-01,Before congestion pricing,Weekday,AM peak (06-09),45.64,182.6,65,112,7,1
28987_40.687115_-73.976423_EB,28987,40.687115,-73.976423,Brooklyn,FULTON STREET,Ft Greene Place,Crosstown Line,EB,2024,12,2024-12-01,Before congestion pricing,Weekend,AM peak (06-09),35.03,140.1,53,32,2,1
28987_40.687115_-73.976423_EB,28987,40.687115,-73.976423,Brooklyn,FULTON STREET,Ft Greene Place,Crosstown Line,EB,2024,12,2024-12-01,Before congestion pricing,Weekday,Evening (20-23),87.38,349.5,123,112,7,1
28987_40.687115_-73.976423_EB,28987,40.687115,-73.976423,Brooklyn,FULTON STREET,Ft Greene Place,Crosstown Line,EB,2024,12,2024-12-01,Before congestion pricing,Weekend,Evening (20-23),82.84,331.4,100,32,2,1
28987_40.687115_-73.976423_EB,28987,40.687115,-73.976423,Brooklyn,FULTON STREET,Ft Greene Place,Crosstown Line,EB,2024,12,2024-12-01,Before congestion pricing,Weekday,Midday (10-15),75.33,301.3,114,168,7,1
28987_40.687115_-73.976423_EB,28987,40.687115,-73.976423,Brooklyn,FULTON STREET,Ft Greene Place,Crosstown Line,EB,2024,12,2024-12-01,Before congestion pricing,Weekend,Midday (10-15),61.58,246.3,92,48,2,1
28987_40.687115_-73.976423_EB,28987,40.687115,-73.976423,Brooklyn,FULTON STREET,Ft Greene Place,Crosstown Line,EB,2024,12,2024-12-01,Before congestion pricing,Weekday,Overnight (00-05),24.97,99.9,98,168,7,1
28987_40.687115_-73.976423_EB,28987,40.687115,-73.976423,Brooklyn,FULTON STREET,Ft Greene Place,Crosstown Line,EB,2024,12,2024-12-01,Before congestion pricing,Weekend,Overnight (00-05),40.44,161.8,90,48,2,1
28987_40.687115_-73.976423_EB,28987,40.687115,-73.976423,Brooklyn,FULTON STREET,Ft Greene Place,Crosstown Line,EB,2024,12,2024-12-01,Before congestion pricing,Weekday,PM peak (16-19),98.41,393.6,116,112,7,1
28987_40.687115_-73.976423_EB,28987,40.687115,-73.976423,Brooklyn,FULTON STREET,Ft Greene Place,Crosstown Line,EB,2024,12,2024-12-01,Before congestion pricing,Weekend,PM peak (16-19),89.19,356.8,100,32,2,1
31164_40.690620_-73.948260_NB,31164,40.690620,-73.948260,Brooklyn,MARCY AVENUE,Lafayette Avenue,Kosciuszko Street,NB,2024,12,2024-12-01,Before congestion pricing,Weekday,AM peak (06-09),117.13,468.5,160,112,7,1
31164_40.690620_-73.948260_NB,31164,40.690620,-73.948260,Brooklyn,MARCY AVENUE,Lafayette Avenue,Kosciuszko Street,NB,2024,12,2024-12-01,Before congestion pricing,Weekend,AM peak (06-09),40.88,163.5,77,32,2,1
31164_40.690620_-73.948260_NB,31164,40.690620,-73.948260,Brooklyn,MARCY AVENUE,Lafayette Avenue,Kosciuszko Street,NB,2024,12,2024-12-01,Before congestion pricing,Weekday,Evening (20-23),67.83,271.3,94,112,7,1
31164_40.690620_-73.948260_NB,31164,40.690620,-73.948260,Brooklyn,MARCY AVENUE,Lafayette Avenue,Kosciuszko Street,NB,2024,12,2024-12-01,Before congestion pricing,Weekend,Evening (20-23),78.72,314.9,127,32,2,1
31164_40.690620_-73.948260_NB,31164,40.690620,-73.948260,Brooklyn,MARCY AVENUE,Lafayette Avenue,Kosciuszko Street,NB,2024,12,2024-12-01,Before congestion pricing,Weekday,Midday (10-15),108.55,434.2,144,168,7,1
31164_40.690620_-73.948260_NB,31164,40.690620,-73.948260,Brooklyn,MARCY AVENUE,Lafayette Avenue,Kosciuszko Street,NB,2024,12,2024-12-01,Before congestion pricing,Weekend,Midday (10-15),97.85,391.4,135,48,2,1
31164_40.690620_-73.948260_NB,31164,40.690620,-73.948260,Brooklyn,MARCY AVENUE,Lafayette Avenue,Kosciuszko Street,NB,2024,12,2024-12-01,Before congestion pricing,Weekday,Overnight (00-05),23.13,92.5,97,168,7,1
31164_40.690620_-73.948260_NB,31164,40.690620,-73.948260,Brooklyn,MARCY AVENUE,Lafayette Avenue,Kosciuszko Street,NB,2024,12,2024-12-01,Before congestion pricing,Weekend,Overnight (00-05),42.52,170.1,81,48,2,1
31164_40.690620_-73.948260_NB,31164,40.690620,-73.948260,Brooklyn,MARCY AVENUE,Lafayette Avenue,Kosciuszko Street,NB,2024,12,2024-12-01,Before congestion pricing,Weekday,PM peak (16-19),116.71,466.9,148,112,7,1
31164_40.690620_-73.948260_NB,31164,40.690620,-73.948260,Brooklyn,MARCY AVENUE,Lafayette Avenue,Kosciuszko Street,NB,2024,12,2024-12-01,Before congestion pricing,Weekend,PM peak (16-19),114.44,457.8,149,32,2,1
30999_40.688777_-73.951249_SB,30999,40.688777,-73.951249,Brooklyn,NOSTRAND AVENUE,Clifton Place,Greene Avenue,SB,2024,12,2024-12-01,Before congestion pricing,Weekday,AM peak (06-09),122.09,488.4,158,112,7,1
30999_40.688777_-73.951249_SB,30999,40.688777,-73.951249,Brooklyn,NOSTRAND AVENUE,Clifton Place,Greene Avenue,SB,2024,12,2024-12-01,Before congestion pricing,Weekend,AM peak (06-09),77.06,308.2,119,32,2,1
30999_40.688777_-73.951249_SB,30999,40.688777,-73.951249,Brooklyn,NOSTRAND AVENUE,Clifton Place,Greene Avenue,SB,2024,12,2024-12-01,Before congestion pricing,Weekday,Evening (20-23),151.79,607.2,210,112,7,1
30999_40.688777_-73.951249_SB,30999,40.688777,-73.951249,Brooklyn,NOSTRAND AVENUE,Clifton Place,Greene Avenue,SB,2024,12,2024-12-01,Before congestion pricing,Weekend,Evening (20-23),150.78,603.1,199,32,2,1
30999_40.688777_-73.951249_SB,30999,40.688777,-73.951249,Brooklyn,NOSTRAND AVENUE,Clifton Place,Greene Avenue,SB,2024,12,2024-12-01,Before congestion pricing,Weekday,Midday (10-15),126.15,504.6,180,168,7,1
30999_40.688777_-73.951249_SB,30999,40.688777,-73.951249,Brooklyn,NOSTRAND AVENUE,Clifton Place,Greene Avenue,SB,2024,12,2024-12-01,Before congestion pricing,Weekend,Midday (10-15),148.02,592.1,189,48,2,1
30999_40.688777_-73.951249_SB,30999,40.688777,-73.951249,Brooklyn,NOSTRAND AVENUE,Clifton Place,Greene Avenue,SB,2024,12,2024-12-01,Before congestion pricing,Weekday,Overnight (00-05),60.55,242.2,158,168,7,1
30999_40.688777_-73.951249_SB,30999,40.688777,-73.951249,Brooklyn,NOSTRAND AVENUE,Clifton Place,Greene Avenue,SB,2024,12,2024-12-01,Before congestion pricing,Weekend,Overnight (00-05),123.10,492.4,189,48,2,1
30999_40.688777_-73.951249_SB,30999,40.688777,-73.951249,Brooklyn,NOSTRAND AVENUE,Clifton Place,Greene Avenue,SB,2024,12,2024-12-01,Before congestion pricing,Weekday,PM peak (16-19),172.87,691.5,203,112,7,1
30999_40.688777_-73.951249_SB,30999,40.688777,-73.951249,Brooklyn,NOSTRAND AVENUE,Clifton Place,Greene Avenue,SB,2024,12,2024-12-01,Before congestion pricing,Weekend,PM peak (16-19),174.66,698.6,206,32,2,1
161212_40.639732_-74.024248_WB,161212,40.639732,-74.024248,Brooklyn,65 STREET,Belt Parkway,3 Avenue,WB,2025,1,2025-01-01,After congestion pricing,Weekday,AM peak (06-09),55.55,222.2,89,80,5,1
161212_40.639732_-74.024248_WB,161212,40.639732,-74.024248,Brooklyn,65 STREET,Belt Parkway,3 Avenue,WB,2025,1,2025-01-01,After congestion pricing,Weekend,AM peak (06-09),17.06,68.2,37,16,1,1
161212_40.639732_-74.024248_WB,161212,40.639732,-74.024248,Brooklyn,65 STREET,Belt Parkway,3 Avenue,WB,2025,1,2025-01-01,After congestion pricing,Weekday,Evening (20-23),24.52,98.1,44,80,5,1
161212_40.639732_-74.024248_WB,161212,40.639732,-74.024248,Brooklyn,65 STREET,Belt Parkway,3 Avenue,WB,2025,1,2025-01-01,After congestion pricing,Weekend,Evening (20-23),20.56,82.2,36,16,1,1
161212_40.639732_-74.024248_WB,161212,40.639732,-74.024248,Brooklyn,65 STREET,Belt Parkway,3 Avenue,WB,2025,1,2025-01-01,After congestion pricing,Weekday,Midday (10-15),64.82,259.3,92,120,5,1
161212_40.639732_-74.024248_WB,161212,40.639732,-74.024248,Brooklyn,65 STREET,Belt Parkway,3 Avenue,WB,2025,1,2025-01-01,After congestion pricing,Weekend,Midday (10-15),45.12,180.5,62,24,1,1
161212_40.639732_-74.024248_WB,161212,40.639732,-74.024248,Brooklyn,65 STREET,Belt Parkway,3 Avenue,WB,2025,1,2025-01-01,After congestion pricing,Weekday,Overnight (00-05),11.18,44.7,38,120,5,1
161212_40.639732_-74.024248_WB,161212,40.639732,-74.024248,Brooklyn,65 STREET,Belt Parkway,3 Avenue,WB,2025,1,2025-01-01,After congestion pricing,Weekend,Overnight (00-05),9.50,38.0,19,24,1,1
161212_40.639732_-74.024248_WB,161212,40.639732,-74.024248,Brooklyn,65 STREET,Belt Parkway,3 Avenue,WB,2025,1,2025-01-01,After congestion pricing,Weekday,PM peak (16-19),60.73,242.9,87,80,5,1
161212_40.639732_-74.024248_WB,161212,40.639732,-74.024248,Brooklyn,65 STREET,Belt Parkway,3 Avenue,WB,2025,1,2025-01-01,After congestion pricing,Weekend,PM peak (16-19),40.94,163.8,56,16,1,1
73021_40.870706_-73.911923_SB,73021,40.870706,-73.911923,Manhattan,9 AVENUE,West 218 Street,West 219 Street,SB,2025,1,2025-01-01,After congestion pricing,Weekday,AM peak (06-09),30.79,123.2,119,80,5,1
73021_40.870706_-73.911923_SB,73021,40.870706,-73.911923,Manhattan,9 AVENUE,West 218 Street,West 219 Street,SB,2025,1,2025-01-01,After congestion pricing,Weekend,AM peak (06-09),7.56,30.2,15,32,2,1
73021_40.870706_-73.911923_SB,73021,40.870706,-73.911923,Manhattan,9 AVENUE,West 218 Street,West 219 Street,SB,2025,1,2025-01-01,After congestion pricing,Weekday,Evening (20-23),7.29,29.1,16,80,5,1
73021_40.870706_-73.911923_SB,73021,40.870706,-73.911923,Manhattan,9 AVENUE,West 218 Street,West 219 Street,SB,2025,1,2025-01-01,After congestion pricing,Weekend,Evening (20-23),4.75,19.0,11,32,2,1
73021_40.870706_-73.911923_SB,73021,40.870706,-73.911923,Manhattan,9 AVENUE,West 218 Street,West 219 Street,SB,2025,1,2025-01-01,After congestion pricing,Weekday,Midday (10-15),23.12,92.5,63,120,5,1
73021_40.870706_-73.911923_SB,73021,40.870706,-73.911923,Manhattan,9 AVENUE,West 218 Street,West 219 Street,SB,2025,1,2025-01-01,After congestion pricing,Weekend,Midday (10-15),11.60,46.4,22,48,2,1
73021_40.870706_-73.911923_SB,73021,40.870706,-73.911923,Manhattan,9 AVENUE,West 218 Street,West 219 Street,SB,2025,1,2025-01-01,After congestion pricing,Weekday,Overnight (00-05),5.63,22.5,33,120,5,1
73021_40.870706_-73.911923_SB,73021,40.870706,-73.911923,Manhattan,9 AVENUE,West 218 Street,West 219 Street,SB,2025,1,2025-01-01,After congestion pricing,Weekend,Overnight (00-05),2.83,11.3,16,48,2,1
73021_40.870706_-73.911923_SB,73021,40.870706,-73.911923,Manhattan,9 AVENUE,West 218 Street,West 219 Street,SB,2025,1,2025-01-01,After congestion pricing,Weekday,PM peak (16-19),17.44,69.8,39,80,5,1
73021_40.870706_-73.911923_SB,73021,40.870706,-73.911923,Manhattan,9 AVENUE,West 218 Street,West 219 Street,SB,2025,1,2025-01-01,After congestion pricing,Weekend,PM peak (16-19),10.34,41.4,17,32,2,1
73023_40.871351_-73.911450_NB,73023,40.871351,-73.911450,Manhattan,9 AVENUE,West 219 Street,West 220 Street,NB,2025,1,2025-01-01,After congestion pricing,Weekday,AM peak (06-09),10.43,41.7,35,80,5,1
73023_40.871351_-73.911450_NB,73023,40.871351,-73.911450,Manhattan,9 AVENUE,West 219 Street,West 220 Street,NB,2025,1,2025-01-01,After congestion pricing,Weekend,AM peak (06-09),4.66,18.6,14,32,2,1
73023_40.871351_-73.911450_NB,73023,40.871351,-73.911450,Manhattan,9 AVENUE,West 219 Street,West 220 Street,NB,2025,1,2025-01-01,After congestion pricing,Weekday,Evening (20-23),4.86,19.4,13,80,5,1
73023_40.871351_-73.911450_NB,73023,40.871351,-73.911450,Manhattan,9 AVENUE,West 219 Street,West 220 Street,NB,2025,1,2025-01-01,After congestion pricing,Weekend,Evening (20-23),2.44,9.8,5,32,2,1
73023_40.871351_-73.911450_NB,73023,40.871351,-73.911450,Manhattan,9 AVENUE,West 219 Street,West 220 Street,NB,2025,1,2025-01-01,After congestion pricing,Weekday,Midday (10-15),12.72,50.9,36,120,5,1
73023_40.871351_-73.911450_NB,73023,40.871351,-73.911450,Manhattan,9 AVENUE,West 219 Street,West 220 Street,NB,2025,1,2025-01-01,After congestion pricing,Weekend,Midday (10-15),6.19,24.8,14,48,2,1
73023_40.871351_-73.911450_NB,73023,40.871351,-73.911450,Manhattan,9 AVENUE,West 219 Street,West 220 Street,NB,2025,1,2025-01-01,After congestion pricing,Weekday,Overnight (00-05),4.45,17.8,30,120,5,1
73023_40.871351_-73.911450_NB,73023,40.871351,-73.911450,Manhattan,9 AVENUE,West 219 Street,West 220 Street,NB,2025,1,2025-01-01,After congestion pricing,Weekend,Overnight (00-05),1.83,7.3,9,48,2,1
73023_40.871351_-73.911450_NB,73023,40.871351,-73.911450,Manhattan,9 AVENUE,West 219 Street,West 220 Street,NB,2025,1,2025-01-01,After congestion pricing,Weekday,PM peak (16-19),11.61,46.5,31,80,5,1
73023_40.871351_-73.911450_NB,73023,40.871351,-73.911450,Manhattan,9 AVENUE,West 219 Street,West 220 Street,NB,2025,1,2025-01-01,After congestion pricing,Weekend,PM peak (16-19),4.62,18.5,13,32,2,1
157973_40.670145_-73.858582_WB,157973,40.670145,-73.858582,Brooklyn,CONNECTOR,Linden Boulevard,Linden Boulevard,WB,2025,1,2025-01-01,After congestion pricing,Weekday,AM peak (06-09),7.11,28.4,15,80,5,1
157973_40.670145_-73.858582_WB,157973,40.670145,-73.858582,Brooklyn,CONNECTOR,Linden Boulevard,Linden Boulevard,WB,2025,1,2025-01-01,After congestion pricing,Weekend,AM peak (06-09),2.17,8.7,6,64,4,1
157973_40.670145_-73.858582_WB,157973,40.670145,-73.858582,Brooklyn,CONNECTOR,Linden Boulevard,Linden Boulevard,WB,2025,1,2025-01-01,After congestion pricing,Weekday,Evening (20-23),3.75,15.0,9,80,5,1
157973_40.670145_-73.858582_WB,157973,40.670145,-73.858582,Brooklyn,CONNECTOR,Linden Boulevard,Linden Boulevard,WB,2025,1,2025-01-01,After congestion pricing,Weekend,Evening (20-23),2.80,11.2,8,64,4,1
157973_40.670145_-73.858582_WB,157973,40.670145,-73.858582,Brooklyn,CONNECTOR,Linden Boulevard,Linden Boulevard,WB,2025,1,2025-01-01,After congestion pricing,Weekday,Midday (10-15),8.68,34.7,16,120,5,1
157973_40.670145_-73.858582_WB,157973,40.670145,-73.858582,Brooklyn,CONNECTOR,Linden Boulevard,Linden Boulevard,WB,2025,1,2025-01-01,After congestion pricing,Weekend,Midday (10-15),6.03,24.1,11,96,4,1
157973_40.670145_-73.858582_WB,157973,40.670145,-73.858582,Brooklyn,CONNECTOR,Linden Boulevard,Linden Boulevard,WB,2025,1,2025-01-01,After congestion pricing,Weekday,Overnight (00-05),1.19,4.8,4,120,5,1
157973_40.670145_-73.858582_WB,157973,40.670145,-73.858582,Brooklyn,CONNECTOR,Linden Boulevard,Linden Boulevard,WB,2025,1,2025-01-01,After congestion pricing,Weekend,Overnight (00-05),1.53,6.1,6,96,4,1
157973_40.670145_-73.858582_WB,157973,40.670145,-73.858582,Brooklyn,CONNECTOR,Linden Boulevard,Linden Boulevard,WB,2025,1,2025-01-01,After congestion pricing,Weekday,PM peak (16-19),8.06,32.2,14,80,5,1
157973_40.670145_-73.858582_WB,157973,40.670145,-73.858582,Brooklyn,CONNECTOR,Linden Boulevard,Linden Boulevard,WB,2025,1,2025-01-01,After congestion pricing,Weekend,PM peak (16-19),5.97,23.9,11,64,4,1
157990_40.668689_-73.867586_EB,157990,40.668689,-73.867586,Brooklyn,CONNECTOR,Linden Boulevard,Linden Boulevard,EB,2025,1,2025-01-01,After congestion pricing,Weekday,AM peak (06-09),2.50,10.0,6,80,5,1
157990_40.668689_-73.867586_EB,157990,40.668689,-73.867586,Brooklyn,CONNECTOR,Linden Boulevard,Linden Boulevard,EB,2025,1,2025-01-01,After congestion pricing,Weekend,AM peak (06-09),1.52,6.1,4,64,4,1
157990_40.668689_-73.867586_EB,157990,40.668689,-73.867586,Brooklyn,CONNECTOR,Linden Boulevard,Linden Boulevard,EB,2025,1,2025-01-01,After congestion pricing,Weekday,Evening (20-23),1.45,5.8,5,80,5,1
157990_40.668689_-73.867586_EB,157990,40.668689,-73.867586,Brooklyn,CONNECTOR,Linden Boulevard,Linden Boulevard,EB,2025,1,2025-01-01,After congestion pricing,Weekend,Evening (20-23),1.88,7.5,7,64,4,1
157990_40.668689_-73.867586_EB,157990,40.668689,-73.867586,Brooklyn,CONNECTOR,Linden Boulevard,Linden Boulevard,EB,2025,1,2025-01-01,After congestion pricing,Weekday,Midday (10-15),5.00,20.0,10,120,5,1
157990_40.668689_-73.867586_EB,157990,40.668689,-73.867586,Brooklyn,CONNECTOR,Linden Boulevard,Linden Boulevard,EB,2025,1,2025-01-01,After congestion pricing,Weekend,Midday (10-15),3.51,14.0,7,96,4,1
157990_40.668689_-73.867586_EB,157990,40.668689,-73.867586,Brooklyn,CONNECTOR,Linden Boulevard,Linden Boulevard,EB,2025,1,2025-01-01,After congestion pricing,Weekday,Overnight (00-05),1.05,4.2,5,120,5,1
157990_40.668689_-73.867586_EB,157990,40.668689,-73.867586,Brooklyn,CONNECTOR,Linden Boulevard,Linden Boulevard,EB,2025,1,2025-01-01,After congestion pricing,Weekend,Overnight (00-05),0.84,3.4,3,96,4,1
157990_40.668689_-73.867586_EB,157990,40.668689,-73.867586,Brooklyn,CONNECTOR,Linden Boulevard,Linden Boulevard,EB,2025,1,2025-01-01,After congestion pricing,Weekday,PM peak (16-19),4.58,18.3,9,80,5,1
157990_40.668689_-73.867586_EB,157990,40.668689,-73.867586,Brooklyn,CONNECTOR,Linden Boulevard,Linden Boulevard,EB,2025,1,2025-01-01,After congestion pricing,Weekend,PM peak (16-19),2.70,10.8,6,64,4,1
107410_40.726831_-73.830939_NB,107410,40.726831,-73.830939,Queens,PARK DRIVE EAST,Jewel Avenue,Dead end,NB,2025,1,2025-01-01,After congestion pricing,Weekday,AM peak (06-09),72.94,291.8,105,32,2,1
107410_40.726831_-73.830939_SB,107410,40.726831,-73.830939,Queens,PARK DRIVE EAST,Jewel Avenue,Dead end,SB,2025,1,2025-01-01,After congestion pricing,Weekday,AM peak (06-09),53.41,213.6,101,32,2,1
107410_40.726831_-73.830939_NB,107410,40.726831,-73.830939,Queens,PARK DRIVE EAST,Jewel Avenue,Dead end,NB,2025,1,2025-01-01,After congestion pricing,Weekday,Evening (20-23),28.75,115.0,47,32,2,1
107410_40.726831_-73.830939_SB,107410,40.726831,-73.830939,Queens,PARK DRIVE EAST,Jewel Avenue,Dead end,SB,2025,1,2025-01-01,After congestion pricing,Weekday,Evening (20-23),38.47,153.9,78,32,2,1
107410_40.726831_-73.830939_NB,107410,40.726831,-73.830939,Queens,PARK DRIVE EAST,Jewel Avenue,Dead end,NB,2025,1,2025-01-01,After congestion pricing,Weekday,Midday (10-15),71.48,285.9,95,48,2,1
107410_40.726831_-73.830939_SB,107410,40.726831,-73.830939,Queens,PARK DRIVE EAST,Jewel Avenue,Dead end,SB,2025,1,2025-01-01,After congestion pricing,Weekday,Midday (10-15),87.44,349.8,154,48,2,1
107410_40.726831_-73.830939_NB,107410,40.726831,-73.830939,Queens,PARK DRIVE EAST,Jewel Avenue,Dead end,NB,2025,1,2025-01-01,After congestion pricing,Weekday,Overnight (00-05),8.67,34.7,24,48,2,1
107410_40.726831_-73.830939_SB,107410,40.726831,-73.830939,Queens,PARK DRIVE EAST,Jewel Avenue,Dead end,SB,2025,1,2025-01-01,After congestion pricing,Weekday,Overnight (00-05),7.29,29.2,24,48,2,1
107410_40.726831_-73.830939_NB,107410,40.726831,-73.830939,Queens,PARK DRIVE EAST,Jewel Avenue,Dead end,NB,2025,1,2025-01-01,After congestion pricing,Weekday,PM peak (16-19),54.88,219.5,86,32,2,1
107410_40.726831_-73.830939_SB,107410,40.726831,-73.830939,Queens,PARK DRIVE EAST,Jewel Avenue,Dead end,SB,2025,1,2025-01-01,After congestion pricing,Weekday,PM peak (16-19),107.31,429.2,158,32,2,1
17602_40.638762_-74.025818_EB,17602,40.638762,-74.025818,Brooklyn,WAKEMAN PLACE,Ridge Boulevard,3 Avenue,EB,2025,1,2025-01-01,After congestion pricing,Weekday,AM peak (06-09),35.73,142.9,68,80,5,1
17602_40.638762_-74.025818_EB,17602,40.638762,-74.025818,Brooklyn,WAKEMAN PLACE,Ridge Boulevard,3 Avenue,EB,2025,1,2025-01-01,After congestion pricing,Weekend,AM peak (06-09),8.50,34.0,21,16,1,1
17602_40.638762_-74.025818_EB,17602,40.638762,-74.025818,Brooklyn,WAKEMAN PLACE,Ridge Boulevard,3 Avenue,EB,2025,1,2025-01-01,After congestion pricing,Weekday,Evening (20-23),12.39,49.5,28,80,5,1
17602_40.638762_-74.025818_EB,17602,40.638762,-74.025818,Brooklyn,WAKEMAN PLACE,Ridge Boulevard,3 Avenue,EB,2025,1,2025-01-01,After congestion pricing,Weekend,Evening (20-23),10.25,41.0,22,16,1,1
17602_40.638762_-74.025818_EB,17602,40.638762,-74.025818,Brooklyn,WAKEMAN PLACE,Ridge Boulevard,3 Avenue,EB,2025,1,2025-01-01,After congestion pricing,Weekday,Midday (10-15),24.77,99.1,39,120,5,1
17602_40.638762_-74.025818_EB,17602,40.638762,-74.025818,Brooklyn,WAKEMAN PLACE,Ridge Boulevard,3 Avenue,EB,2025,1,2025-01-01,After congestion pricing,Weekend,Midday (10-15),23.33,93.3,34,24,1,1
17602_40.638762_-74.025818_EB,17602,40.638762,-74.025818,Brooklyn,WAKEMAN PLACE,Ridge Boulevard,3 Avenue,EB,2025,1,2025-01-01,After congestion pricing,Weekday,Overnight (00-05),3.44,13.8,15,120,5,1
17602_40.638762_-74.025818_EB,17602,40.638762,-74.025818,Brooklyn,WAKEMAN PLACE,Ridge Boulevard,3 Avenue,EB,2025,1,2025-01-01,After congestion pricing,Weekend,Overnight (00-05),5.21,20.8,10,24,1,1
17602_40.638762_-74.025818_EB,17602,40.638762,-74.025818,Brooklyn,WAKEMAN PLACE,Ridge Boulevard,3 Avenue,EB,2025,1,2025-01-01,After congestion pricing,Weekday,PM peak (16-19),25.23,100.9,37,80,5,1
17602_40.638762_-74.025818_EB,17602,40.638762,-74.025818,Brooklyn,WAKEMAN PLACE,Ridge Boulevard,3 Avenue,EB,2025,1,2025-01-01,After congestion pricing,Weekend,PM peak (16-19),20.94,83.8,27,16,1,1
270732_40.871374_-73.912463_WB,270732,40.871374,-73.912463,Manhattan,WEST 219 STREET,9 Avenue,Broadway,WB,2025,1,2025-01-01,After congestion pricing,Weekday,AM peak (06-09),10.06,40.2,36,80,5,1
270732_40.871374_-73.912463_WB,270732,40.871374,-73.912463,Manhattan,WEST 219 STREET,9 Avenue,Broadway,WB,2025,1,2025-01-01,After congestion pricing,Weekday,Evening (20-23),2.75,11.0,10,80,5,1
270732_40.871374_-73.912463_WB,270732,40.871374,-73.912463,Manhattan,WEST 219 STREET,9 Avenue,Broadway,WB,2025,1,2025-01-01,After congestion pricing,Weekday,Midday (10-15),9.86,39.4,34,120,5,1
270732_40.871374_-73.912463_WB,270732,40.871374,-73.912463,Manhattan,WEST 219 STREET,9 Avenue,Broadway,WB,2025,1,2025-01-01,After congestion pricing,Weekday,Overnight (00-05),1.32,5.3,10,120,5,1
270732_40.871374_-73.912463_WB,270732,40.871374,-73.912463,Manhattan,WEST 219 STREET,9 Avenue,Broadway,WB,2025,1,2025-01-01,After congestion pricing,Weekday,PM peak (16-19),4.34,17.4,18,80,5,1
270737_40.871980_-73.911968_EB,270737,40.871980,-73.911968,Manhattan,WEST 220 STREET,Broadway,9 Avenue,EB,2025,1,2025-01-01,After congestion pricing,Weekday,AM peak (06-09),45.61,182.4,142,80,5,1
270737_40.871980_-73.911968_EB,270737,40.871980,-73.911968,Manhattan,WEST 220 STREET,Broadway,9 Avenue,EB,2025,1,2025-01-01,After congestion pricing,Weekday,Evening (20-23),8.36,33.5,16,80,5,1
270737_40.871980_-73.911968_EB,270737,40.871980,-73.911968,Manhattan,WEST 220 STREET,Broadway,9 Avenue,EB,2025,1,2025-01-01,After congestion pricing,Weekday,Midday (10-15),30.42,121.7,87,120,5,1
270737_40.871980_-73.911968_EB,270737,40.871980,-73.911968,Manhattan,WEST 220 STREET,Broadway,9 Avenue,EB,2025,1,2025-01-01,After congestion pricing,Weekday,Overnight (00-05),6.83,27.3,39,120,5,1
270737_40.871980_-73.911968_EB,270737,40.871980,-73.911968,Manhattan,WEST 220 STREET,Broadway,9 Avenue,EB,2025,1,2025-01-01,After congestion pricing,Weekday,PM peak (16-19),16.65,66.6,48,80,5,1
21408_40.655934_-73.982936_WB,21408,40.655934,-73.982936,Brooklyn,20 STREET,Prospect Park West,10 Avenue,WB,2025,2,2025-02-01,After congestion pricing,Weekday,AM peak (06-09),112.54,450.1,175,80,5,1
21408_40.655934_-73.982936_WB,21408,40.655934,-73.982936,Brooklyn,20 STREET,Prospect Park West,10 Avenue,WB,2025,2,2025-02-01,After congestion pricing,Weekend,AM peak (06-09),60.06,240.2,110,32,2,1
21408_40.655934_-73.982936_WB,21408,40.655934,-73.982936,Brooklyn,20 STREET,Prospect Park West,10 Avenue,WB,2025,2,2025-02-01,After congestion pricing,Weekday,Evening (20-23),50.31,201.2,78,80,5,1
21408_40.655934_-73.982936_WB,21408,40.655934,-73.982936,Brooklyn,20 STREET,Prospect Park West,10 Avenue,WB,2025,2,2025-02-01,After congestion pricing,Weekend,Evening (20-23),49.53,198.1,73,32,2,1
21408_40.655934_-73.982936_WB,21408,40.655934,-73.982936,Brooklyn,20 STREET,Prospect Park West,10 Avenue,WB,2025,2,2025-02-01,After congestion pricing,Weekday,Midday (10-15),93.08,372.3,124,120,5,1
21408_40.655934_-73.982936_WB,21408,40.655934,-73.982936,Brooklyn,20 STREET,Prospect Park West,10 Avenue,WB,2025,2,2025-02-01,After congestion pricing,Weekend,Midday (10-15),103.81,415.2,127,48,2,1
21408_40.655934_-73.982936_WB,21408,40.655934,-73.982936,Brooklyn,20 STREET,Prospect Park West,10 Avenue,WB,2025,2,2025-02-01,After congestion pricing,Weekday,Overnight (00-05),16.52,66.1,54,120,5,1
21408_40.655934_-73.982936_WB,21408,40.655934,-73.982936,Brooklyn,20 STREET,Prospect Park West,10 Avenue,WB,2025,2,2025-02-01,After congestion pricing,Weekend,Overnight (00-05),20.27,81.1,100,48,2,1
21408_40.655934_-73.982936_WB,21408,40.655934,-73.982936,Brooklyn,20 STREET,Prospect Park West,10 Avenue,WB,2025,2,2025-02-01,After congestion pricing,Weekday,PM peak (16-19),87.06,348.2,115,80,5,1
21408_40.655934_-73.982936_WB,21408,40.655934,-73.982936,Brooklyn,20 STREET,Prospect Park West,10 Avenue,WB,2025,2,2025-02-01,After congestion pricing,Weekend,PM peak (16-19),99.31,397.2,119,32,2,1
161212_40.639732_-74.024248_WB,161212,40.639732,-74.024248,Brooklyn,65 STREET,Belt Parkway,3 Avenue,WB,2025,2,2025-02-01,After congestion pricing,Weekend,AM peak (06-09),27.19,108.8,48,16,1,1
161212_40.639732_-74.024248_WB,161212,40.639732,-74.024248,Brooklyn,65 STREET,Belt Parkway,3 Avenue,WB,2025,2,2025-02-01,After congestion pricing,Weekend,Evening (20-23),25.31,101.2,39,16,1,1
161212_40.639732_-74.024248_WB,161212,40.639732,-74.024248,Brooklyn,65 STREET,Belt Parkway,3 Avenue,WB,2025,2,2025-02-01,After congestion pricing,Weekend,Midday (10-15),51.25,205.0,62,24,1,1
161212_40.639732_-74.024248_WB,161212,40.639732,-74.024248,Brooklyn,65 STREET,Belt Parkway,3 Avenue,WB,2025,2,2025-02-01,After congestion pricing,Weekend,Overnight (00-05),11.88,47.5,23,24,1,1
161212_40.639732_-74.024248_WB,161212,40.639732,-74.024248,Brooklyn,65 STREET,Belt Parkway,3 Avenue,WB,2025,2,2025-02-01,After congestion pricing,Weekend,PM peak (16-19),45.88,183.5,58,16,1,1
82603_40.725888_-73.842407_EB,82603,40.725888,-73.842407,Queens,69 AVENUE,110 Street,112 Street,EB,2025,2,2025-02-01,After congestion pricing,Weekday,AM peak (06-09),24.51,98.0,70,128,8,1
82603_40.725888_-73.842407_EB,82603,40.725888,-73.842407,Queens,69 AVENUE,110 Street,112 Street,EB,2025,2,2025-02-01,After congestion pricing,Weekend,AM peak (06-09),10.44,41.8,24,48,3,1
82603_40.725888_-73.842407_EB,82603,40.725888,-73.842407,Queens,69 AVENUE,110 Street,112 Street,EB,2025,2,2025-02-01,After congestion pricing,Weekday,Evening (20-23),9.52,38.1,21,128,8,1
82603_40.725888_-73.842407_EB,82603,40.725888,-73.842407,Queens,69 AVENUE,110 Street,112 Street,EB,2025,2,2025-02-01,After congestion pricing,Weekend,Evening (20-23),9.08,36.3,18,48,3,1
82603_40.725888_-73.842407_EB,82603,40.725888,-73.842407,Queens,69 AVENUE,110 Street,112 Street,EB,2025,2,2025-02-01,After congestion pricing,Weekday,Midday (10-15),20.53,82.1,52,192,8,1
82603_40.725888_-73.842407_EB,82603,40.725888,-73.842407,Queens,69 AVENUE,110 Street,112 Street,EB,2025,2,2025-02-01,After congestion pricing,Weekend,Midday (10-15),20.22,80.9,30,72,3,1
82603_40.725888_-73.842407_EB,82603,40.725888,-73.842407,Queens,69 AVENUE,110 Street,112 Street,EB,2025,2,2025-02-01,After congestion pricing,Weekday,Overnight (00-05),2.23,8.9,12,192,8,1
82603_40.725888_-73.842407_EB,82603,40.725888,-73.842407,Queens,69 AVENUE,110 Street,112 Street,EB,2025,2,2025-02-01,After congestion pricing,Weekend,Overnight (00-05),3.36,13.4,10,72,3,1
82603_40.725888_-73.842407_EB,82603,40.725888,-73.842407,Queens,69 AVENUE,110 Street,112 Street,EB,2025,2,2025-02-01,After congestion pricing,Weekday,PM peak (16-19),19.17,76.7,31,128,8,1
82603_40.725888_-73.842407_EB,82603,40.725888,-73.842407,Queens,69 AVENUE,110 Street,112 Street,EB,2025,2,2025-02-01,After congestion pricing,Weekend,PM peak (16-19),16.27,65.1,25,48,3,1
82607_40.725277_-73.841883_WB,82607,40.725277,-73.841883,Queens,69 ROAD,112 Street,110 Street,WB,2025,2,2025-02-01,After congestion pricing,Weekday,AM peak (06-09),197.44,789.8,263,128,8,1
82607_40.725277_-73.841883_WB,82607,40.725277,-73.841883,Queens,69 ROAD,112 Street,110 Street,WB,2025,2,2025-02-01,After congestion pricing,Weekend,AM peak (06-09),83.21,332.8,154,48,3,1
82607_40.725277_-73.841883_WB,82607,40.725277,-73.841883,Queens,69 ROAD,112 Street,110 Street,WB,2025,2,2025-02-01,After congestion pricing,Weekday,Evening (20-23),90.25,361.0,163,128,8,1
82607_40.725277_-73.841883_WB,82607,40.725277,-73.841883,Queens,69 ROAD,112 Street,110 Street,WB,2025,2,2025-02-01,After congestion pricing,Weekend,Evening (20-23),82.27,329.1,136,48,3,1
82607_40.725277_-73.841883_WB,82607,40.725277,-73.841883,Queens,69 ROAD,112 Street,110 Street,WB,2025,2,2025-02-01,After congestion pricing,Weekday,Midday (10-15),176.44,705.8,229,192,8,1
82607_40.725277_-73.841883_WB,82607,40.725277,-73.841883,Queens,69 ROAD,112 Street,110 Street,WB,2025,2,2025-02-01,After congestion pricing,Weekend,Midday (10-15),173.03,692.1,213,72,3,1
82607_40.725277_-73.841883_WB,82607,40.725277,-73.841883,Queens,69 ROAD,112 Street,110 Street,WB,2025,2,2025-02-01,After congestion pricing,Weekday,Overnight (00-05),22.78,91.1,95,192,8,1
82607_40.725277_-73.841883_WB,82607,40.725277,-73.841883,Queens,69 ROAD,112 Street,110 Street,WB,2025,2,2025-02-01,After congestion pricing,Weekend,Overnight (00-05),25.47,101.9,62,72,3,1
82607_40.725277_-73.841883_WB,82607,40.725277,-73.841883,Queens,69 ROAD,112 Street,110 Street,WB,2025,2,2025-02-01,After congestion pricing,Weekday,PM peak (16-19),187.08,748.3,222,128,8,1
82607_40.725277_-73.841883_WB,82607,40.725277,-73.841883,Queens,69 ROAD,112 Street,110 Street,WB,2025,2,2025-02-01,After congestion pricing,Weekend,PM peak (16-19),168.92,675.7,222,48,3,1
21495_40.647234_-73.980855_EB,21495,40.647234,-73.980855,Brooklyn,CATON AVENUE,Dahill Road,Mc Donald Avenue,EB,2025,2,2025-02-01,After congestion pricing,Weekday,AM peak (06-09),189.64,758.5,254,80,5,1
21495_40.647234_-73.980855_EB,21495,40.647234,-73.980855,Brooklyn,CATON AVENUE,Dahill Road,Mc Donald Avenue,EB,2025,2,2025-02-01,After congestion pricing,Weekend,AM peak (06-09),97.03,388.1,145,32,2,1
21495_40.647234_-73.980855_EB,21495,40.647234,-73.980855,Brooklyn,CATON AVENUE,Dahill Road,Mc Donald Avenue,EB,2025,2,2025-02-01,After congestion pricing,Weekday,Evening (20-23),96.75,387.0,163,80,5,1
21495_40.647234_-73.980855_EB,21495,40.647234,-73.980855,Brooklyn,CATON AVENUE,Dahill Road,Mc Donald Avenue,EB,2025,2,2025-02-01,After congestion pricing,Weekend,Evening (20-23),101.94,407.8,138,32,2,1
21495_40.647234_-73.980855_EB,21495,40.647234,-73.980855,Brooklyn,CATON AVENUE,Dahill Road,Mc Donald Avenue,EB,2025,2,2025-02-01,After congestion pricing,Weekday,Midday (10-15),204.21,816.8,245,120,5,1
21495_40.647234_-73.980855_EB,21495,40.647234,-73.980855,Brooklyn,CATON AVENUE,Dahill Road,Mc Donald Avenue,EB,2025,2,2025-02-01,After congestion pricing,Weekend,Midday (10-15),158.40,633.6,252,48,2,1
21495_40.647234_-73.980855_EB,21495,40.647234,-73.980855,Brooklyn,CATON AVENUE,Dahill Road,Mc Donald Avenue,EB,2025,2,2025-02-01,After congestion pricing,Weekday,Overnight (00-05),32.05,128.2,79,120,5,1
21495_40.647234_-73.980855_EB,21495,40.647234,-73.980855,Brooklyn,CATON AVENUE,Dahill Road,Mc Donald Avenue,EB,2025,2,2025-02-01,After congestion pricing,Weekend,Overnight (00-05),32.79,131.2,71,48,2,1
21495_40.647234_-73.980855_EB,21495,40.647234,-73.980855,Brooklyn,CATON AVENUE,Dahill Road,Mc Donald Avenue,EB,2025,2,2025-02-01,After congestion pricing,Weekday,PM peak (16-19),189.68,758.7,246,80,5,1
21495_40.647234_-73.980855_EB,21495,40.647234,-73.980855,Brooklyn,CATON AVENUE,Dahill Road,Mc Donald Avenue,EB,2025,2,2025-02-01,After congestion pricing,Weekend,PM peak (16-19),149.78,599.1,216,32,2,1
149198_40.566629_-74.169588_NB,149198,40.566629,-74.169588,Staten Island,FRESH KILLS BRIDGE,Richmond Avenue,Dead end,NB,2025,2,2025-02-01,After congestion pricing,Weekday,AM peak (06-09),564.63,2258.5,760,160,10,1
149198_40.566629_-74.169588_NB,149198,40.566629,-74.169588,Staten Island,FRESH KILLS BRIDGE,Richmond Avenue,Dead end,NB,2025,2,2025-02-01,After congestion pricing,Weekend,AM peak (06-09),210.03,840.1,554,64,4,1
149198_40.566629_-74.169588_NB,149198,40.566629,-74.169588,Staten Island,FRESH KILLS BRIDGE,Richmond Avenue,Dead end,NB,2025,2,2025-02-01,After congestion pricing,Weekday,Evening (20-23),120.29,481.2,275,160,10,1
149198_40.566629_-74.169588_NB,149198,40.566629,-74.169588,Staten Island,FRESH KILLS BRIDGE,Richmond Avenue,Dead end,NB,2025,2,2025-02-01,After congestion pricing,Weekend,Evening (20-23),126.67,506.7,262,64,4,1
149198_40.566629_-74.169588_NB,149198,40.566629,-74.169588,Staten Island,FRESH KILLS BRIDGE,Richmond Avenue,Dead end,NB,2025,2,2025-02-01,After congestion pricing,Weekday,Midday (10-15),451.72,1806.9,651,240,10,1
149198_40.566629_-74.169588_NB,149198,40.566629,-74.169588,Staten Island,FRESH KILLS BRIDGE,Richmond Avenue,Dead end,NB,2025,2,2025-02-01,After congestion pricing,Weekend,Midday (10-15),480.36,1921.5,615,96,4,1
149198_40.566629_-74.169588_NB,149198,40.566629,-74.169588,Staten Island,FRESH KILLS BRIDGE,Richmond Avenue,Dead end,NB,2025,2,2025-02-01,After congestion pricing,Weekday,Overnight (00-05),53.55,214.2,370,240,10,1
149198_40.566629_-74.169588_NB,149198,40.566629,-74.169588,Staten Island,FRESH KILLS BRIDGE,Richmond Avenue,Dead end,NB,2025,2,2025-02-01,After congestion pricing,Weekend,Overnight (00-05),36.07,144.3,95,96,4,1
149198_40.566629_-74.169588_NB,149198,40.566629,-74.169588,Staten Island,FRESH KILLS BRIDGE,Richmond Avenue,Dead end,NB,2025,2,2025-02-01,After congestion pricing,Weekday,PM peak (16-19),359.76,1439.0,532,160,10,1
149198_40.566629_-74.169588_NB,149198,40.566629,-74.169588,Staten Island,FRESH KILLS BRIDGE,Richmond Avenue,Dead end,NB,2025,2,2025-02-01,After congestion pricing,Weekend,PM peak (16-19),328.83,1315.3,516,64,4,1
155310_40.566690_-74.169754_SB,155310,40.566690,-74.169754,Staten Island,FRESH KILLS BRIDGE,Richmond Avenue,Dead end,SB,2025,2,2025-02-01,After congestion pricing,Weekday,AM peak (06-09),221.95,887.8,345,160,10,1
155310_40.566690_-74.169754_SB,155310,40.566690,-74.169754,Staten Island,FRESH KILLS BRIDGE,Richmond Avenue,Dead end,SB,2025,2,2025-02-01,After congestion pricing,Weekend,AM peak (06-09),130.19,520.8,355,64,4,1
155310_40.566690_-74.169754_SB,155310,40.566690,-74.169754,Staten Island,FRESH KILLS BRIDGE,Richmond Avenue,Dead end,SB,2025,2,2025-02-01,After congestion pricing,Weekday,Evening (20-23),159.97,639.9,404,160,10,1
155310_40.566690_-74.169754_SB,155310,40.566690,-74.169754,Staten Island,FRESH KILLS BRIDGE,Richmond Avenue,Dead end,SB,2025,2,2025-02-01,After congestion pricing,Weekend,Evening (20-23),138.05,552.2,293,64,4,1
155310_40.566690_-74.169754_SB,155310,40.566690,-74.169754,Staten Island,FRESH KILLS BRIDGE,Richmond Avenue,Dead end,SB,2025,2,2025-02-01,After congestion pricing,Weekday,Midday (10-15),428.68,1714.7,668,240,10,1
155310_40.566690_-74.169754_SB,155310,40.566690,-74.169754,Staten Island,FRESH KILLS BRIDGE,Richmond Avenue,Dead end,SB,2025,2,2025-02-01,After congestion pricing,Weekend,Midday (10-15),400.17,1600.7,568,96,4,1
155310_40.566690_-74.169754_SB,155310,40.566690,-74.169754,Staten Island,FRESH KILLS BRIDGE,Richmond Avenue,Dead end,SB,2025,2,2025-02-01,After congestion pricing,Weekday,Overnight (00-05),27.59,110.3,71,240,10,1
155310_40.566690_-74.169754_SB,155310,40.566690,-74.169754,Staten Island,FRESH KILLS BRIDGE,Richmond Avenue,Dead end,SB,2025,2,2025-02-01,After congestion pricing,Weekend,Overnight (00-05),31.60,126.4,91,96,4,1
155310_40.566690_-74.169754_SB,155310,40.566690,-74.169754,Staten Island,FRESH KILLS BRIDGE,Richmond Avenue,Dead end,SB,2025,2,2025-02-01,After congestion pricing,Weekday,PM peak (16-19),504.94,2019.8,663,160,10,1
155310_40.566690_-74.169754_SB,155310,40.566690,-74.169754,Staten Island,FRESH KILLS BRIDGE,Richmond Avenue,Dead end,SB,2025,2,2025-02-01,After congestion pricing,Weekend,PM peak (16-19),359.75,1439.0,512,64,4,1
21490_40.643472_-73.979570_NB,21490,40.643472,-73.979570,Brooklyn,MC DONALD AVENUE,Albemarle Road,Church Avenue,NB,2025,2,2025-02-01,After congestion pricing,Weekday,AM peak (06-09),68.51,274.1,104,80,5,1
21490_40.643472_-73.979570_SB,21490,40.643472,-73.979570,Brooklyn,MC DONALD AVENUE,Albemarle Road,Church Avenue,SB,2025,2,2025-02-01,After congestion pricing,Weekday,AM peak (06-09),42.40,169.6,77,80,5,1
21490_40.643472_-73.979570_SB,21490,40.643472,-73.979570,Brooklyn,MC DONALD AVENUE,Albemarle Road,Church Avenue,SB,2025,2,2025-02-01,After congestion pricing,Weekend,AM peak (06-09),17.53,70.1,34,32,2,1
21490_40.643472_-73.979570_NB,21490,40.643472,-73.979570,Brooklyn,MC DONALD AVENUE,Albemarle Road,Church Avenue,NB,2025,2,2025-02-01,After congestion pricing,Weekend,AM peak (06-09),25.88,103.5,45,32,2,1
21490_40.643472_-73.979570_NB,21490,40.643472,-73.979570,Brooklyn,MC DONALD AVENUE,Albemarle Road,Church Avenue,NB,2025,2,2025-02-01,After congestion pricing,Weekday,Evening (20-23),22.02,88.1,42,80,5,1
21490_40.643472_-73.979570_SB,21490,40.643472,-73.979570,Brooklyn,MC DONALD AVENUE,Albemarle Road,Church Avenue,SB,2025,2,2025-02-01,After congestion pricing,Weekday,Evening (20-23),26.12,104.5,51,80,5,1
21490_40.643472_-73.979570_SB,21490,40.643472,-73.979570,Brooklyn,MC DONALD AVENUE,Albemarle Road,Church Avenue,SB,2025,2,2025-02-01,After congestion pricing,Weekend,Evening (20-23),25.12,100.5,39,32,2,1
21490_40.643472_-73.979570_NB,21490,40.643472,-73.979570,Brooklyn,MC DONALD AVENUE,Albemarle Road,Church Avenue,NB,2025,2,2025-02-01,After congestion pricing,Weekend,Evening (20-23),22.59,90.4,40,32,2,1
21490_40.643472_-73.979570_NB,21490,40.643472,-73.979570,Brooklyn,MC DONALD AVENUE,Albemarle Road,Church Avenue,NB,2025,2,2025-02-01,After congestion pricing,Weekday,Midday (10-15),57.08,228.3,76,120,5,1
21490_40.643472_-73.979570_SB,21490,40.643472,-73.979570,Brooklyn,MC DONALD AVENUE,Albemarle Road,Church Avenue,SB,2025,2,2025-02-01,After congestion pricing,Weekday,Midday (10-15),55.74,223.0,93,120,5,1
21490_40.643472_-73.979570_SB,21490,40.643472,-73.979570,Brooklyn,MC DONALD AVENUE,Albemarle Road,Church Avenue,SB,2025,2,2025-02-01,After congestion pricing,Weekend,Midday (10-15),36.08,144.3,56,48,2,1
21490_40.643472_-73.979570_NB,21490,40.643472,-73.979570,Brooklyn,MC DONALD AVENUE,Albemarle Road,Church Avenue,NB,2025,2,2025-02-01,After congestion pricing,Weekend,Midday (10-15),44.46,177.8,60,48,2,1
21490_40.643472_-73.979570_NB,21490,40.643472,-73.979570,Brooklyn,MC DONALD AVENUE,Albemarle Road,Church Avenue,NB,2025,2,2025-02-01,After congestion pricing,Weekday,Overnight (00-05),9.30,37.2,41,120,5,1
21490_40.643472_-73.979570_SB,21490,40.643472,-73.979570,Brooklyn,MC DONALD AVENUE,Albemarle Road,Church Avenue,SB,2025,2,2025-02-01,After congestion pricing,Weekday,Overnight (00-05),8.65,34.6,19,120,5,1
21490_40.643472_-73.979570_SB,21490,40.643472,-73.979570,Brooklyn,MC DONALD AVENUE,Albemarle Road,Church Avenue,SB,2025,2,2025-02-01,After congestion pricing,Weekend,Overnight (00-05),8.56,34.2,19,48,2,1
21490_40.643472_-73.979570_NB,21490,40.643472,-73.979570,Brooklyn,MC DONALD AVENUE,Albemarle Road,Church Avenue,NB,2025,2,2025-02-01,After congestion pricing,Weekend,Overnight (00-05),8.75,35.0,16,48,2,1
21490_40.643472_-73.979570_NB,21490,40.643472,-73.979570,Brooklyn,MC DONALD AVENUE,Albemarle Road,Church Avenue,NB,2025,2,2025-02-01,After congestion pricing,Weekday,PM peak (16-19),49.41,197.7,69,80,5,1
21490_40.643472_-73.979570_SB,21490,40.643472,-73.979570,Brooklyn,MC DONALD AVENUE,Albemarle Road,Church Avenue,SB,2025,2,2025-02-01,After congestion pricing,Weekday,PM peak (16-19),85.19,340.8,110,80,5,1
21490_40.643472_-73.979570_SB,21490,40.643472,-73.979570,Brooklyn,MC DONALD AVENUE,Albemarle Road,Church Avenue,SB,2025,2,2025-02-01,After congestion pricing,Weekend,PM peak (16-19),40.38,161.5,58,32,2,1
21490_40.643472_-73.979570_NB,21490,40.643472,-73.979570,Brooklyn,MC DONALD AVENUE,Albemarle Road,Church Avenue,NB,2025,2,2025-02-01,After congestion pricing,Weekend,PM peak (16-19),39.78,159.1,52,32,2,1
107410_40.726831_-73.830939_SB,107410,40.726831,-73.830939,Queens,PARK DRIVE EAST,Jewel Avenue,Dead end,SB,2025,2,2025-02-01,After congestion pricing,Weekday,AM peak (06-09),54.27,217.1,108,128,8,1
107410_40.726831_-73.830939_NB,107410,40.726831,-73.830939,Queens,PARK DRIVE EAST,Jewel Avenue,Dead end,NB,2025,2,2025-02-01,After congestion pricing,Weekday,AM peak (06-09),79.94,319.8,120,128,8,1
107410_40.726831_-73.830939_SB,107410,40.726831,-73.830939,Queens,PARK DRIVE EAST,Jewel Avenue,Dead end,SB,2025,2,2025-02-01,After congestion pricing,Weekend,AM peak (06-09),19.05,76.2,50,64,4,1
107410_40.726831_-73.830939_NB,107410,40.726831,-73.830939,Queens,PARK DRIVE EAST,Jewel Avenue,Dead end,NB,2025,2,2025-02-01,After congestion pricing,Weekend,AM peak (06-09),40.88,163.5,77,64,4,1
107410_40.726831_-73.830939_SB,107410,40.726831,-73.830939,Queens,PARK DRIVE EAST,Jewel Avenue,Dead end,SB,2025,2,2025-02-01,After congestion pricing,Weekday,Evening (20-23),41.80,167.2,75,128,8,1
107410_40.726831_-73.830939_NB,107410,40.726831,-73.830939,Queens,PARK DRIVE EAST,Jewel Avenue,Dead end,NB,2025,2,2025-02-01,After congestion pricing,Weekday,Evening (20-23),29.57,118.3,63,128,8,1
107410_40.726831_-73.830939_SB,107410,40.726831,-73.830939,Queens,PARK DRIVE EAST,Jewel Avenue,Dead end,SB,2025,2,2025-02-01,After congestion pricing,Weekend,Evening (20-23),39.19,156.8,68,64,4,1
107410_40.726831_-73.830939_NB,107410,40.726831,-73.830939,Queens,PARK DRIVE EAST,Jewel Avenue,Dead end,NB,2025,2,2025-02-01,After congestion pricing,Weekend,Evening (20-23),34.44,137.8,66,64,4,1
107410_40.726831_-73.830939_SB,107410,40.726831,-73.830939,Queens,PARK DRIVE EAST,Jewel Avenue,Dead end,SB,2025,2,2025-02-01,After congestion pricing,Weekday,Midday (10-15),86.00,344.0,165,192,8,1
107410_40.726831_-73.830939_NB,107410,40.726831,-73.830939,Queens,PARK DRIVE EAST,Jewel Avenue,Dead end,NB,2025,2,2025-02-01,After congestion pricing,Weekday,Midday (10-15),71.88,287.5,101,192,8,1
107410_40.726831_-73.830939_SB,107410,40.726831,-73.830939,Queens,PARK DRIVE EAST,Jewel Avenue,Dead end,SB,2025,2,2025-02-01,After congestion pricing,Weekend,Midday (10-15),54.60,218.4,91,96,4,1
107410_40.726831_-73.830939_NB,107410,40.726831,-73.830939,Queens,PARK DRIVE EAST,Jewel Avenue,Dead end,NB,2025,2,2025-02-01,After congestion pricing,Weekend,Midday (10-15),65.86,263.5,97,96,4,1
107410_40.726831_-73.830939_SB,107410,40.726831,-73.830939,Queens,PARK DRIVE EAST,Jewel Avenue,Dead end,SB,2025,2,2025-02-01,After congestion pricing,Weekday,Overnight (00-05),6.49,26.0,27,192,8,1
107410_40.726831_-73.830939_NB,107410,40.726831,-73.830939,Queens,PARK DRIVE EAST,Jewel Avenue,Dead end,NB,2025,2,2025-02-01,After congestion pricing,Weekday,Overnight (00-05),8.44,33.8,34,192,8,1
107410_40.726831_-73.830939_SB,107410,40.726831,-73.830939,Queens,PARK DRIVE EAST,Jewel Avenue,Dead end,SB,2025,2,2025-02-01,After congestion pricing,Weekend,Overnight (00-05),6.83,27.3,26,96,4,1
107410_40.726831_-73.830939_NB,107410,40.726831,-73.830939,Queens,PARK DRIVE EAST,Jewel Avenue,Dead end,NB,2025,2,2025-02-01,After congestion pricing,Weekend,Overnight (00-05),9.76,39.0,21,96,4,1
107410_40.726831_-73.830939_SB,107410,40.726831,-73.830939,Queens,PARK DRIVE EAST,Jewel Avenue,Dead end,SB,2025,2,2025-02-01,After congestion pricing,Weekday,PM peak (16-19),121.74,487.0,172,128,8,1
107410_40.726831_-73.830939_NB,107410,40.726831,-73.830939,Queens,PARK DRIVE EAST,Jewel Avenue,Dead end,NB,2025,2,2025-02-01,After congestion pricing,Weekday,PM peak (16-19),65.76,263.0,95,128,8,1
107410_40.726831_-73.830939_SB,107410,40.726831,-73.830939,Queens,PARK DRIVE EAST,Jewel Avenue,Dead end,SB,2025,2,2025-02-01,After congestion pricing,Weekend,PM peak (16-19),63.41,253.6,92,64,4,1
107410_40.726831_-73.830939_NB,107410,40.726831,-73.830939,Queens,PARK DRIVE EAST,Jewel Avenue,Dead end,NB,2025,2,2025-02-01,After congestion pricing,Weekend,PM peak (16-19),53.08,212.3,76,64,4,1
196368_40.674482_-73.860102_EB,196368,40.674482,-73.860102,Queens,SUTTER AVENUE,Dead End,North Conduit Avenue,EB,2025,2,2025-02-01,After congestion pricing,Weekday,AM peak (06-09),113.25,453.0,174,160,10,1
196368_40.674482_-73.860102_EB,196368,40.674482,-73.860102,Queens,SUTTER AVENUE,Dead End,North Conduit Avenue,EB,2025,2,2025-02-01,After congestion pricing,Weekend,AM peak (06-09),54.89,219.6,95,64,4,1
196368_40.674482_-73.860102_EB,196368,40.674482,-73.860102,Queens,SUTTER AVENUE,Dead End,North Conduit Avenue,EB,2025,2,2025-02-01,After congestion pricing,Weekday,Evening (20-23),60.54,242.2,108,160,10,1
196368_40.674482_-73.860102_EB,196368,40.674482,-73.860102,Queens,SUTTER AVENUE,Dead End,North Conduit Avenue,EB,2025,2,2025-02-01,After congestion pricing,Weekend,Evening (20-23),63.20,252.8,107,64,4,1
196368_40.674482_-73.860102_EB,196368,40.674482,-73.860102,Queens,SUTTER AVENUE,Dead End,North Conduit Avenue,EB,2025,2,2025-02-01,After congestion pricing,Weekday,Midday (10-15),103.88,415.5,166,240,10,1
196368_40.674482_-73.860102_EB,196368,40.674482,-73.860102,Queens,SUTTER AVENUE,Dead End,North Conduit Avenue,EB,2025,2,2025-02-01,After congestion pricing,Weekend,Midday (10-15),97.98,391.9,140,96,4,1
196368_40.674482_-73.860102_EB,196368,40.674482,-73.860102,Queens,SUTTER AVENUE,Dead End,North Conduit Avenue,EB,2025,2,2025-02-01,After congestion pricing,Weekday,Overnight (00-05),27.56,110.2,89,240,10,1
196368_40.674482_-73.860102_EB,196368,40.674482,-73.860102,Queens,SUTTER AVENUE,Dead End,North Conduit Avenue,EB,2025,2,2025-02-01,After congestion pricing,Weekend,Overnight (00-05),27.97,111.9,53,96,4,1
196368_40.674482_-73.860102_EB,196368,40.674482,-73.860102,Queens,SUTTER AVENUE,Dead End,North Conduit Avenue,EB,2025,2,2025-02-01,After congestion pricing,Weekday,PM peak (16-19),110.25,441.0,142,160,10,1
196368_40.674482_-73.860102_EB,196368,40.674482,-73.860102,Queens,SUTTER AVENUE,Dead End,North Conduit Avenue,EB,2025,2,2025-02-01,After congestion pricing,Weekend,PM peak (16-19),94.17,376.7,130,64,4,1
50963_40.674307_-73.861290_WB,50963,40.674307,-73.861290,Brooklyn,SUTTER AVENUE,South Conduit Avenue,Dead end,WB,2025,2,2025-02-01,After congestion pricing,Weekday,AM peak (06-09),65.44,261.8,98,160,10,1
50963_40.674307_-73.861290_WB,50963,40.674307,-73.861290,Brooklyn,SUTTER AVENUE,South Conduit Avenue,Dead end,WB,2025,2,2025-02-01,After congestion pricing,Weekend,AM peak (06-09),28.34,113.4,59,64,4,1
50963_40.674307_-73.861290_WB,50963,40.674307,-73.861290,Brooklyn,SUTTER AVENUE,South Conduit Avenue,Dead end,WB,2025,2,2025-02-01,After congestion pricing,Weekday,Evening (20-23),39.95,159.8,78,160,10,1
50963_40.674307_-73.861290_WB,50963,40.674307,-73.861290,Brooklyn,SUTTER AVENUE,South Conduit Avenue,Dead end,WB,2025,2,2025-02-01,After congestion pricing,Weekend,Evening (20-23),35.89,143.6,65,64,4,1
50963_40.674307_-73.861290_WB,50963,40.674307,-73.861290,Brooklyn,SUTTER AVENUE,South Conduit Avenue,Dead end,WB,2025,2,2025-02-01,After congestion pricing,Weekday,Midday (10-15),74.98,299.9,115,240,10,1
50963_40.674307_-73.861290_WB,50963,40.674307,-73.861290,Brooklyn,SUTTER AVENUE,South Conduit Avenue,Dead end,WB,2025,2,2025-02-01,After congestion pricing,Weekend,Midday (10-15),65.04,260.2,90,96,4,1
50963_40.674307_-73.861290_WB,50963,40.674307,-73.861290,Brooklyn,SUTTER AVENUE,South Conduit Avenue,Dead end,WB,2025,2,2025-02-01,After congestion pricing,Weekday,Overnight (00-05),14.01,56.0,51,240,10,1
50963_40.674307_-73.861290_WB,50963,40.674307,-73.861290,Brooklyn,SUTTER AVENUE,South Conduit Avenue,Dead end,WB,2025,2,2025-02-01,After congestion pricing,Weekend,Overnight (00-05),14.71,58.8,36,96,4,1
50963_40.674307_-73.861290_WB,50963,40.674307,-73.861290,Brooklyn,SUTTER AVENUE,South Conduit Avenue,Dead end,WB,2025,2,2025-02-01,After congestion pricing,Weekday,PM peak (16-19),85.18,340.7,117,160,10,1
50963_40.674307_-73.861290_WB,50963,40.674307,-73.861290,Brooklyn,SUTTER AVENUE,South Conduit Avenue,Dead end,WB,2025,2,2025-02-01,After congestion pricing,Weekend,PM peak (16-19),66.20,264.8,92,64,4,1
17602_40.638762_-74.025818_EB,17602,40.638762,-74.025818,Brooklyn,WAKEMAN PLACE,Ridge Boulevard,3 Avenue,EB,2025,2,2025-02-01,After congestion pricing,Weekend,AM peak (06-09),14.06,56.2,26,16,1,1
17602_40.638762_-74.025818_EB,17602,40.638762,-74.025818,Brooklyn,WAKEMAN PLACE,Ridge Boulevard,3 Avenue,EB,2025,2,2025-02-01,After congestion pricing,Weekend,Evening (20-23),15.75,63.0,24,16,1,1
17602_40.638762_-74.025818_EB,17602,40.638762,-74.025818,Brooklyn,WAKEMAN PLACE,Ridge Boulevard,3 Avenue,EB,2025,2,2025-02-01,After congestion pricing,Weekend,Midday (10-15),28.08,112.3,35,24,1,1
17602_40.638762_-74.025818_EB,17602,40.638762,-74.025818,Brooklyn,WAKEMAN PLACE,Ridge Boulevard,3 Avenue,EB,2025,2,2025-02-01,After congestion pricing,Weekend,Overnight (00-05),4.96,19.8,9,24,1,1
17602_40.638762_-74.025818_EB,17602,40.638762,-74.025818,Brooklyn,WAKEMAN PLACE,Ridge Boulevard,3 Avenue,EB,2025,2,2025-02-01,After congestion pricing,Weekend,PM peak (16-19),26.19,104.8,31,16,1,1
21408_40.655934_-73.982936_WB,21408,40.655934,-73.982936,Brooklyn,20 STREET,Prospect Park West,10 Avenue,WB,2025,3,2025-03-01,After congestion pricing,Weekday,AM peak (06-09),104.31,417.2,162,16,1,1
21408_40.655934_-73.982936_WB,21408,40.655934,-73.982936,Brooklyn,20 STREET,Prospect Park West,10 Avenue,WB,2025,3,2025-03-01,After congestion pricing,Weekend,AM peak (06-09),62.22,248.9,103,32,2,1
21408_40.655934_-73.982936_WB,21408,40.655934,-73.982936,Brooklyn,20 STREET,Prospect Park West,10 Avenue,WB,2025,3,2025-03-01,After congestion pricing,Weekday,Evening (20-23),40.44,161.8,54,16,1,1
21408_40.655934_-73.982936_WB,21408,40.655934,-73.982936,Brooklyn,20 STREET,Prospect Park West,10 Avenue,WB,2025,3,2025-03-01,After congestion pricing,Weekend,Evening (20-23),47.28,189.1,92,32,2,1
21408_40.655934_-73.982936_WB,21408,40.655934,-73.982936,Brooklyn,20 STREET,Prospect Park West,10 Avenue,WB,2025,3,2025-03-01,After congestion pricing,Weekday,Midday (10-15),89.92,359.7,111,24,1,1
21408_40.655934_-73.982936_WB,21408,40.655934,-73.982936,Brooklyn,20 STREET,Prospect Park West,10 Avenue,WB,2025,3,2025-03-01,After congestion pricing,Weekend,Midday (10-15),102.06,408.2,127,48,2,1
21408_40.655934_-73.982936_WB,21408,40.655934,-73.982936,Brooklyn,20 STREET,Prospect Park West,10 Avenue,WB,2025,3,2025-03-01,After congestion pricing,Weekday,Overnight (00-05),16.88,67.5,69,24,1,1
21408_40.655934_-73.982936_WB,21408,40.655934,-73.982936,Brooklyn,20 STREET,Prospect Park West,10 Avenue,WB,2025,3,2025-03-01,After congestion pricing,Weekend,Overnight (00-05),20.35,81.4,44,48,2,1
21408_40.655934_-73.982936_WB,21408,40.655934,-73.982936,Brooklyn,20 STREET,Prospect Park West,10 Avenue,WB,2025,3,2025-03-01,After congestion pricing,Weekday,PM peak (16-19),78.00,312.0,108,16,1,1
21408_40.655934_-73.982936_WB,21408,40.655934,-73.982936,Brooklyn,20 STREET,Prospect Park West,10 Avenue,WB,2025,3,2025-03-01,After congestion pricing,Weekend,PM peak (16-19),95.31,381.2,110,32,2,1
68073_40.748771_-73.912389_WB,68073,40.748771,-73.912389,Queens,39 AVENUE,51 Street,52 Street,WB,2025,3,2025-03-01,After congestion pricing,Weekday,AM peak (06-09),11.24,45.0,22,80,5,1
68073_40.748771_-73.912389_WB,68073,40.748771,-73.912389,Queens,39 AVENUE,51 Street,52 Street,WB,2025,3,2025-03-01,After congestion pricing,Weekend,AM peak (06-09),4.78,19.1,11,32,2,1
68073_40.748771_-73.912389_WB,68073,40.748771,-73.912389,Queens,39 AVENUE,51 Street,52 Street,WB,2025,3,2025-03-01,After congestion pricing,Weekday,Evening (20-23),4.62,18.5,11,80,5,1
68073_40.748771_-73.912389_WB,68073,40.748771,-73.912389,Queens,39 AVENUE,51 Street,52 Street,WB,2025,3,2025-03-01,After congestion pricing,Weekend,Evening (20-23),6.88,27.5,13,32,2,1
68073_40.748771_-73.912389_WB,68073,40.748771,-73.912389,Queens,39 AVENUE,51 Street,52 Street,WB,2025,3,2025-03-01,After congestion pricing,Weekday,Midday (10-15),11.07,44.3,18,120,5,1
68073_40.748771_-73.912389_WB,68073,40.748771,-73.912389,Queens,39 AVENUE,51 Street,52 Street,WB,2025,3,2025-03-01,After congestion pricing,Weekend,Midday (10-15),11.21,44.8,16,48,2,1
68073_40.748771_-73.912389_WB,68073,40.748771,-73.912389,Queens,39 AVENUE,51 Street,52 Street,WB,2025,3,2025-03-01,After congestion pricing,Weekday,Overnight (00-05),2.71,10.8,11,120,5,1
68073_40.748771_-73.912389_WB,68073,40.748771,-73.912389,Queens,39 AVENUE,51 Street,52 Street,WB,2025,3,2025-03-01,After congestion pricing,Weekend,Overnight (00-05),2.19,8.8,7,48,2,1
68073_40.748771_-73.912389_WB,68073,40.748771,-73.912389,Queens,39 AVENUE,51 Street,52 Street,WB,2025,3,2025-03-01,After congestion pricing,Weekday,PM peak (16-19),10.45,41.8,16,80,5,1
68073_40.748771_-73.912389_WB,68073,40.748771,-73.912389,Queens,39 AVENUE,51 Street,52 Street,WB,2025,3,2025-03-01,After congestion pricing,Weekend,PM peak (16-19),12.34,49.4,18,32,2,1
66748_40.742635_-73.918805_SB,66748,40.742635,-73.918805,Queens,46 STREET,Queens Boulevard,Greenpoint Avenue,SB,2025,3,2025-03-01,After congestion pricing,Weekday,AM peak (06-09),10.27,41.1,17,64,4,1
66748_40.742635_-73.918805_SB,66748,40.742635,-73.918805,Queens,46 STREET,Queens Boulevard,Greenpoint Avenue,SB,2025,3,2025-03-01,After congestion pricing,Weekend,AM peak (06-09),7.03,28.1,14,32,2,1
66748_40.742635_-73.918805_SB,66748,40.742635,-73.918805,Queens,46 STREET,Queens Boulevard,Greenpoint Avenue,SB,2025,3,2025-03-01,After congestion pricing,Weekday,Evening (20-23),11.84,47.4,20,64,4,1
66748_40.742635_-73.918805_SB,66748,40.742635,-73.918805,Queens,46 STREET,Queens Boulevard,Greenpoint Avenue,SB,2025,3,2025-03-01,After congestion pricing,Weekend,Evening (20-23),13.50,54.0,21,32,2,1
66748_40.742635_-73.918805_SB,66748,40.742635,-73.918805,Queens,46 STREET,Queens Boulevard,Greenpoint Avenue,SB,2025,3,2025-03-01,After congestion pricing,Weekday,Midday (10-15),15.95,63.8,22,96,4,1
66748_40.742635_-73.918805_SB,66748,40.742635,-73.918805,Queens,46 STREET,Queens Boulevard,Greenpoint Avenue,SB,2025,3,2025-03-01,After congestion pricing,Weekend,Midday (10-15),18.42,73.7,26,48,2,1
66748_40.742635_-73.918805_SB,66748,40.742635,-73.918805,Queens,46 STREET,Queens Boulevard,Greenpoint Avenue,SB,2025,3,2025-03-01,After congestion pricing,Weekday,Overnight (00-05),4.56,18.2,12,96,4,1
66748_40.742635_-73.918805_SB,66748,40.742635,-73.918805,Queens,46 STREET,Queens Boulevard,Greenpoint Avenue,SB,2025,3,2025-03-01,After congestion pricing,Weekend,Overnight (00-05),6.67,26.7,13,48,2,1
66748_40.742635_-73.918805_SB,66748,40.742635,-73.918805,Queens,46 STREET,Queens Boulevard,Greenpoint Avenue,SB,2025,3,2025-03-01,After congestion pricing,Weekday,PM peak (16-19),16.78,67.1,23,64,4,1
66748_40.742635_-73.918805_SB,66748,40.742635,-73.918805,Queens,46 STREET,Queens Boulevard,Greenpoint Avenue,SB,2025,3,2025-03-01,After congestion pricing,Weekend,PM peak (16-19),18.72,74.9,27,32,2,1
161338_40.642526_-74.018140_EB,161338,40.642526,-74.018140,Brooklyn,58 STREET,3 Avenue,4 Avenue,EB,2025,3,2025-03-01,After congestion pricing,Weekday,AM peak (06-09),22.23,88.9,44,48,3,1
161338_40.642526_-74.018140_EB,161338,40.642526,-74.018140,Brooklyn,58 STREET,3 Avenue,4 Avenue,EB,2025,3,2025-03-01,After congestion pricing,Weekend,AM peak (06-09),11.69,46.8,23,32,2,1
161338_40.642526_-74.018140_EB,161338,40.642526,-74.018140,Brooklyn,58 STREET,3 Avenue,4 Avenue,EB,2025,3,2025-03-01,After congestion pricing,Weekday,Evening (20-23),14.60,58.4,28,48,3,1
161338_40.642526_-74.018140_EB,161338,40.642526,-74.018140,Brooklyn,58 STREET,3 Avenue,4 Avenue,EB,2025,3,2025-03-01,After congestion pricing,Weekend,Evening (20-23),15.22,60.9,26,32,2,1
161338_40.642526_-74.018140_EB,161338,40.642526,-74.018140,Brooklyn,58 STREET,3 Avenue,4 Avenue,EB,2025,3,2025-03-01,After congestion pricing,Weekday,Midday (10-15),23.74,94.9,46,72,3,1
161338_40.642526_-74.018140_EB,161338,40.642526,-74.018140,Brooklyn,58 STREET,3 Avenue,4 Avenue,EB,2025,3,2025-03-01,After congestion pricing,Weekend,Midday (10-15),22.15,88.6,31,48,2,1
161338_40.642526_-74.018140_EB,161338,40.642526,-74.018140,Brooklyn,58 STREET,3 Avenue,4 Avenue,EB,2025,3,2025-03-01,After congestion pricing,Weekday,Overnight (00-05),5.28,21.1,12,72,3,1
161338_40.642526_-74.018140_EB,161338,40.642526,-74.018140,Brooklyn,58 STREET,3 Avenue,4 Avenue,EB,2025,3,2025-03-01,After congestion pricing,Weekend,Overnight (00-05),6.96,27.8,17,48,2,1
161338_40.642526_-74.018140_EB,161338,40.642526,-74.018140,Brooklyn,58 STREET,3 Avenue,4 Avenue,EB,2025,3,2025-03-01,After congestion pricing,Weekday,PM peak (16-19),29.06,116.2,41,48,3,1
161338_40.642526_-74.018140_EB,161338,40.642526,-74.018140,Brooklyn,58 STREET,3 Avenue,4 Avenue,EB,2025,3,2025-03-01,After congestion pricing,Weekend,PM peak (16-19),22.62,90.5,32,32,2,1
115088_40.689437_-73.991605_WB,115088,40.689437,-73.991605,Brooklyn,ATLANTIC AVENUE,Court Street,Boerum Place,WB,2025,3,2025-03-01,After congestion pricing,Weekday,AM peak (06-09),116.33,465.3,154,64,4,1
115088_40.689437_-73.991605_WB,115088,40.689437,-73.991605,Brooklyn,ATLANTIC AVENUE,Court Street,Boerum Place,WB,2025,3,2025-03-01,After congestion pricing,Weekend,AM peak (06-09),62.34,249.4,93,32,2,1
115088_40.689437_-73.991605_WB,115088,40.689437,-73.991605,Brooklyn,ATLANTIC AVENUE,Court Street,Boerum Place,WB,2025,3,2025-03-01,After congestion pricing,Weekday,Evening (20-23),83.20,332.8,123,64,4,1
115088_40.689437_-73.991605_WB,115088,40.689437,-73.991605,Brooklyn,ATLANTIC AVENUE,Court Street,Boerum Place,WB,2025,3,2025-03-01,After congestion pricing,Weekend,Evening (20-23),91.09,364.4,121,32,2,1
115088_40.689437_-73.991605_WB,115088,40.689437,-73.991605,Brooklyn,ATLANTIC AVENUE,Court Street,Boerum Place,WB,2025,3,2025-03-01,After congestion pricing,Weekday,Midday (10-15),120.04,480.2,165,96,4,1
115088_40.689437_-73.991605_WB,115088,40.689437,-73.991605,Brooklyn,ATLANTIC AVENUE,Court Street,Boerum Place,WB,2025,3,2025-03-01,After congestion pricing,Weekend,Midday (10-15),115.83,463.3,151,48,2,1
115088_40.689437_-73.991605_WB,115088,40.689437,-73.991605,Brooklyn,ATLANTIC AVENUE,Court Street,Boerum Place,WB,2025,3,2025-03-01,After congestion pricing,Weekday,Overnight (00-05),30.68,122.7,80,96,4,1
115088_40.689437_-73.991605_WB,115088,40.689437,-73.991605,Brooklyn,ATLANTIC AVENUE,Court Street,Boerum Place,WB,2025,3,2025-03-01,After congestion pricing,Weekend,Overnight (00-05),44.98,179.9,88,48,2,1
115088_40.689437_-73.991605_WB,115088,40.689437,-73.991605,Brooklyn,ATLANTIC AVENUE,Court Street,Boerum Place,WB,2025,3,2025-03-01,After congestion pricing,Weekday,PM peak (16-19),139.42,557.7,176,64,4,1
115088_40.689437_-73.991605_WB,115088,40.689437,-73.991605,Brooklyn,ATLANTIC AVENUE,Court Street,Boerum Place,WB,2025,3,2025-03-01,After congestion pricing,Weekend,PM peak (16-19),124.97,499.9,146,32,2,1
9014571_40.822634_-73.884173_EB,9014571,40.822634,-73.884173,Bronx,BRUCKNER BOULEVARD,Dead End,Bronx River Shoreline,EB,2025,3,2025-03-01,After congestion pricing,Weekday,AM peak (06-09),76.42,305.7,166,48,3,1
9014571_40.822634_-73.884173_EB,9014571,40.822634,-73.884173,Bronx,BRUCKNER BOULEVARD,Dead End,Bronx River Shoreline,EB,2025,3,2025-03-01,After congestion pricing,Weekday,Evening (20-23),39.65,158.6,65,48,3,1
9014571_40.822634_-73.884173_EB,9014571,40.822634,-73.884173,Bronx,BRUCKNER BOULEVARD,Dead End,Bronx River Shoreline,EB,2025,3,2025-03-01,After congestion pricing,Weekday,Midday (10-15),136.93,547.7,228,72,3,1
9014571_40.822634_-73.884173_EB,9014571,40.822634,-73.884173,Bronx,BRUCKNER BOULEVARD,Dead End,Bronx River Shoreline,EB,2025,3,2025-03-01,After congestion pricing,Weekday,Overnight (00-05),13.29,53.2,39,72,3,1
9014571_40.822634_-73.884173_EB,9014571,40.822634,-73.884173,Bronx,BRUCKNER BOULEVARD,Dead End,Bronx River Shoreline,EB,2025,3,2025-03-01,After congestion pricing,Weekday,PM peak (16-19),178.29,713.2,276,48,3,1
21495_40.647234_-73.980855_EB,21495,40.647234,-73.980855,Brooklyn,CATON AVENUE,Dahill Road,Mc Donald Avenue,EB,2025,3,2025-03-01,After congestion pricing,Weekday,AM peak (06-09),183.12,732.5,234,16,1,1
21495_40.647234_-73.980855_EB,21495,40.647234,-73.980855,Brooklyn,CATON AVENUE,Dahill Road,Mc Donald Avenue,EB,2025,3,2025-03-01,After congestion pricing,Weekend,AM peak (06-09),99.47,397.9,156,32,2,1
21495_40.647234_-73.980855_EB,21495,40.647234,-73.980855,Brooklyn,CATON AVENUE,Dahill Road,Mc Donald Avenue,EB,2025,3,2025-03-01,After congestion pricing,Weekday,Evening (20-23),107.75,431.0,149,16,1,1
21495_40.647234_-73.980855_EB,21495,40.647234,-73.980855,Brooklyn,CATON AVENUE,Dahill Road,Mc Donald Avenue,EB,2025,3,2025-03-01,After congestion pricing,Weekend,Evening (20-23),103.41,413.6,137,32,2,1
21495_40.647234_-73.980855_EB,21495,40.647234,-73.980855,Brooklyn,CATON AVENUE,Dahill Road,Mc Donald Avenue,EB,2025,3,2025-03-01,After congestion pricing,Weekday,Midday (10-15),203.62,814.5,223,24,1,1
21495_40.647234_-73.980855_EB,21495,40.647234,-73.980855,Brooklyn,CATON AVENUE,Dahill Road,Mc Donald Avenue,EB,2025,3,2025-03-01,After congestion pricing,Weekend,Midday (10-15),169.73,678.9,226,48,2,1
21495_40.647234_-73.980855_EB,21495,40.647234,-73.980855,Brooklyn,CATON AVENUE,Dahill Road,Mc Donald Avenue,EB,2025,3,2025-03-01,After congestion pricing,Weekday,Overnight (00-05),33.83,135.3,92,24,1,1
21495_40.647234_-73.980855_EB,21495,40.647234,-73.980855,Brooklyn,CATON AVENUE,Dahill Road,Mc Donald Avenue,EB,2025,3,2025-03-01,After congestion pricing,Weekend,Overnight (00-05),33.88,135.5,91,48,2,1
21495_40.647234_-73.980855_EB,21495,40.647234,-73.980855,Brooklyn,CATON AVENUE,Dahill Road,Mc Donald Avenue,EB,2025,3,2025-03-01,After congestion pricing,Weekday,PM peak (16-19),191.38,765.5,245,16,1,1
21495_40.647234_-73.980855_EB,21495,40.647234,-73.980855,Brooklyn,CATON AVENUE,Dahill Road,Mc Donald Avenue,EB,2025,3,2025-03-01,After congestion pricing,Weekend,PM peak (16-19),151.06,604.2,207,32,2,1
37427_40.793198_-73.967280_SB,37427,40.793198,-73.967280,Manhattan,COLUMBUS AVENUE,West 97 Street,West 96 Street,SB,2025,3,2025-03-01,After congestion pricing,Weekday,AM peak (06-09),186.80,747.2,283,80,5,1
37427_40.793198_-73.967280_SB,37427,40.793198,-73.967280,Manhattan,COLUMBUS AVENUE,West 97 Street,West 96 Street,SB,2025,3,2025-03-01,After congestion pricing,Weekend,AM peak (06-09),119.09,476.4,187,32,2,1
37427_40.793198_-73.967280_SB,37427,40.793198,-73.967280,Manhattan,COLUMBUS AVENUE,West 97 Street,West 96 Street,SB,2025,3,2025-03-01,After congestion pricing,Weekday,Evening (20-23),127.91,511.6,181,80,5,1
37427_40.793198_-73.967280_SB,37427,40.793198,-73.967280,Manhattan,COLUMBUS AVENUE,West 97 Street,West 96 Street,SB,2025,3,2025-03-01,After congestion pricing,Weekend,Evening (20-23),119.50,478.0,169,32,2,1
37427_40.793198_-73.967280_SB,37427,40.793198,-73.967280,Manhattan,COLUMBUS AVENUE,West 97 Street,West 96 Street,SB,2025,3,2025-03-01,After congestion pricing,Weekday,Midday (10-15),182.95,731.8,248,120,5,1
37427_40.793198_-73.967280_SB,37427,40.793198,-73.967280,Manhattan,COLUMBUS AVENUE,West 97 Street,West 96 Street,SB,2025,3,2025-03-01,After congestion pricing,Weekend,Midday (10-15),191.10,764.4,234,48,2,1
37427_40.793198_-73.967280_SB,37427,40.793198,-73.967280,Manhattan,COLUMBUS AVENUE,West 97 Street,West 96 Street,SB,2025,3,2025-03-01,After congestion pricing,Weekday,Overnight (00-05),46.15,184.6,126,120,5,1
37427_40.793198_-73.967280_SB,37427,40.793198,-73.967280,Manhattan,COLUMBUS AVENUE,West 97 Street,West 96 Street,SB,2025,3,2025-03-01,After congestion pricing,Weekend,Overnight (00-05),63.04,252.2,129,48,2,1
37427_40.793198_-73.967280_SB,37427,40.793198,-73.967280,Manhattan,COLUMBUS AVENUE,West 97 Street,West 96 Street,SB,2025,3,2025-03-01,After congestion pricing,Weekday,PM peak (16-19),203.34,813.4,264,80,5,1
37427_40.793198_-73.967280_SB,37427,40.793198,-73.967280,Manhattan,COLUMBUS AVENUE,West 97 Street,West 96 Street,SB,2025,3,2025-03-01,After congestion pricing,Weekend,PM peak (16-19),185.97,743.9,249,32,2,1
159016_40.725261_-73.996426_EB,159016,40.725261,-73.996426,Manhattan,EAST HOUSTON STREET,Broadway,Crosby Street,EB,2025,3,2025-03-01,After congestion pricing,Weekday,AM peak (06-09),153.06,612.2,222,32,2,1
159016_40.725261_-73.996426_EB,159016,40.725261,-73.996426,Manhattan,EAST HOUSTON STREET,Broadway,Crosby Street,EB,2025,3,2025-03-01,After congestion pricing,Weekend,AM peak (06-09),61.97,247.9,124,32,2,1
159016_40.725261_-73.996426_EB,159016,40.725261,-73.996426,Manhattan,EAST HOUSTON STREET,Broadway,Crosby Street,EB,2025,3,2025-03-01,After congestion pricing,Weekday,Evening (20-23),186.19,744.8,269,32,2,1
159016_40.725261_-73.996426_EB,159016,40.725261,-73.996426,Manhattan,EAST HOUSTON STREET,Broadway,Crosby Street,EB,2025,3,2025-03-01,After congestion pricing,Weekend,Evening (20-23),179.34,717.4,256,32,2,1
159016_40.725261_-73.996426_EB,159016,40.725261,-73.996426,Manhattan,EAST HOUSTON STREET,Broadway,Crosby Street,EB,2025,3,2025-03-01,After congestion pricing,Weekday,Midday (10-15),196.73,786.9,229,48,2,1
159016_40.725261_-73.996426_EB,159016,40.725261,-73.996426,Manhattan,EAST HOUSTON STREET,Broadway,Crosby Street,EB,2025,3,2025-03-01,After congestion pricing,Weekend,Midday (10-15),169.02,676.1,217,48,2,1
159016_40.725261_-73.996426_EB,159016,40.725261,-73.996426,Manhattan,EAST HOUSTON STREET,Broadway,Crosby Street,EB,2025,3,2025-03-01,After congestion pricing,Weekday,Overnight (00-05),54.50,218.0,169,48,2,1
159016_40.725261_-73.996426_EB,159016,40.725261,-73.996426,Manhattan,EAST HOUSTON STREET,Broadway,Crosby Street,EB,2025,3,2025-03-01,After congestion pricing,Weekend,Overnight (00-05),122.33,489.3,212,48,2,1
159016_40.725261_-73.996426_EB,159016,40.725261,-73.996426,Manhattan,EAST HOUSTON STREET,Broadway,Crosby Street,EB,2025,3,2025-03-01,After congestion pricing,Weekday,PM peak (16-19),207.75,831.0,261,32,2,1
159016_40.725261_-73.996426_EB,159016,40.725261,-73.996426,Manhattan,EAST HOUSTON STREET,Broadway,Crosby Street,EB,2025,3,2025-03-01,After congestion pricing,Weekend,PM peak (16-19),209.66,838.6,261,32,2,1
95992_40.735783_-73.794897_NB,95992,40.735783,-73.794897,Queens,FRESH MEADOW LANE,65 Avenue,Dead end,NB,2025,3,2025-03-01,After congestion pricing,Weekday,AM peak (06-09),9.59,38.4,43,32,2,1
95992_40.735783_-73.794897_SB,95992,40.735783,-73.794897,Queens,FRESH MEADOW LANE,65 Avenue,Dead end,SB,2025,3,2025-03-01,After congestion pricing,Weekday,AM peak (06-09),22.22,88.9,54,32,2,1
95992_40.735783_-73.794897_NB,95992,40.735783,-73.794897,Queens,FRESH MEADOW LANE,65 Avenue,Dead end,NB,2025,3,2025-03-01,After congestion pricing,Weekend,AM peak (06-09),3.62,14.5,11,32,2,1
95992_40.735783_-73.794897_SB,95992,40.735783,-73.794897,Queens,FRESH MEADOW LANE,65 Avenue,Dead end,SB,2025,3,2025-03-01,After congestion pricing,Weekend,AM peak (06-09),8.59,34.4,15,32,2,1
95992_40.735783_-73.794897_NB,95992,40.735783,-73.794897,Queens,FRESH MEADOW LANE,65 Avenue,Dead end,NB,2025,3,2025-03-01,After congestion pricing,Weekday,Evening (20-23),1.97,7.9,6,32,2,1
95992_40.735783_-73.794897_SB,95992,40.735783,-73.794897,Queens,FRESH MEADOW LANE,65 Avenue,Dead end,SB,2025,3,2025-03-01,After congestion pricing,Weekday,Evening (20-23),12.59,50.4,22,32,2,1
95992_40.735783_-73.794897_NB,95992,40.735783,-73.794897,Queens,FRESH MEADOW LANE,65 Avenue,Dead end,NB,2025,3,2025-03-01,After congestion pricing,Weekend,Evening (20-23),2.56,10.2,7,32,2,1
95992_40.735783_-73.794897_SB,95992,40.735783,-73.794897,Queens,FRESH MEADOW LANE,65 Avenue,Dead end,SB,2025,3,2025-03-01,After congestion pricing,Weekend,Evening (20-23),13.31,53.2,21,32,2,1
95992_40.735783_-73.794897_NB,95992,40.735783,-73.794897,Queens,FRESH MEADOW LANE,65 Avenue,Dead end,NB,2025,3,2025-03-01,After congestion pricing,Weekday,Midday (10-15),7.71,30.8,27,48,2,1
95992_40.735783_-73.794897_SB,95992,40.735783,-73.794897,Queens,FRESH MEADOW LANE,65 Avenue,Dead end,SB,2025,3,2025-03-01,After congestion pricing,Weekday,Midday (10-15),23.71,94.8,47,48,2,1
95992_40.735783_-73.794897_NB,95992,40.735783,-73.794897,Queens,FRESH MEADOW LANE,65 Avenue,Dead end,NB,2025,3,2025-03-01,After congestion pricing,Weekend,Midday (10-15),5.42,21.7,14,48,2,1
95992_40.735783_-73.794897_SB,95992,40.735783,-73.794897,Queens,FRESH MEADOW LANE,65 Avenue,Dead end,SB,2025,3,2025-03-01,After congestion pricing,Weekend,Midday (10-15),18.58,74.3,30,48,2,1
95992_40.735783_-73.794897_NB,95992,40.735783,-73.794897,Queens,FRESH MEADOW LANE,65 Avenue,Dead end,NB,2025,3,2025-03-01,After congestion pricing,Weekday,Overnight (00-05),0.69,2.8,3,48,2,1
95992_40.735783_-73.794897_SB,95992,40.735783,-73.794897,Queens,FRESH MEADOW LANE,65 Avenue,Dead end,SB,2025,3,2025-03-01,After congestion pricing,Weekday,Overnight (00-05),3.92,15.7,11,48,2,1
95992_40.735783_-73.794897_NB,95992,40.735783,-73.794897,Queens,FRESH MEADOW LANE,65 Avenue,Dead end,NB,2025,3,2025-03-01,After congestion pricing,Weekend,Overnight (00-05),0.77,3.1,5,48,2,1
95992_40.735783_-73.794897_SB,95992,40.735783,-73.794897,Queens,FRESH MEADOW LANE,65 Avenue,Dead end,SB,2025,3,2025-03-01,After congestion pricing,Weekend,Overnight (00-05),3.94,15.8,11,48,2,1
95992_40.735783_-73.794897_NB,95992,40.735783,-73.794897,Queens,FRESH MEADOW LANE,65 Avenue,Dead end,NB,2025,3,2025-03-01,After congestion pricing,Weekday,PM peak (16-19),6.09,24.4,13,32,2,1
95992_40.735783_-73.794897_SB,95992,40.735783,-73.794897,Queens,FRESH MEADOW LANE,65 Avenue,Dead end,SB,2025,3,2025-03-01,After congestion pricing,Weekday,PM peak (16-19),26.81,107.2,42,32,2,1
95992_40.735783_-73.794897_NB,95992,40.735783,-73.794897,Queens,FRESH MEADOW LANE,65 Avenue,Dead end,NB,2025,3,2025-03-01,After congestion pricing,Weekend,PM peak (16-19),3.03,12.1,9,32,2,1
95992_40.735783_-73.794897_SB,95992,40.735783,-73.794897,Queens,FRESH MEADOW LANE,65 Avenue,Dead end,SB,2025,3,2025-03-01,After congestion pricing,Weekend,PM peak (16-19),20.16,80.6,30,32,2,1
35517_40.730703_-73.948969_EB,35517,40.730703,-73.948969,Brooklyn,GREENPOINT AVENUE,Provost Street,Jewel Street,EB,2025,3,2025-03-01,After congestion pricing,Weekday,AM peak (06-09),97.81,391.2,121,16,1,1
35517_40.730703_-73.948969_EB,35517,40.730703,-73.948969,Brooklyn,GREENPOINT AVENUE,Provost Street,Jewel Street,EB,2025,3,2025-03-01,After congestion pricing,Weekday,Evening (20-23),80.62,322.5,109,16,1,1
35517_40.730703_-73.948969_EB,35517,40.730703,-73.948969,Brooklyn,GREENPOINT AVENUE,Provost Street,Jewel Street,EB,2025,3,2025-03-01,After congestion pricing,Weekday,Midday (10-15),124.79,499.2,171,24,1,1
35517_40.730703_-73.948969_EB,35517,40.730703,-73.948969,Brooklyn,GREENPOINT AVENUE,Provost Street,Jewel Street,EB,2025,3,2025-03-01,After congestion pricing,Weekday,Overnight (00-05),24.83,99.3,65,24,1,1
35517_40.730703_-73.948969_EB,35517,40.730703,-73.948969,Brooklyn,GREENPOINT AVENUE,Provost Street,Jewel Street,EB,2025,3,2025-03-01,After congestion pricing,Weekday,PM peak (16-19),134.62,538.5,182,16,1,1
144320_40.727933_-73.929040_SB,144320,40.727933,-73.929040,Queens,KOSCIUSZKO BRIDGE,Dead End,Newtown Creek Shoreline,SB,2025,3,2025-03-01,After congestion pricing,Weekday,AM peak (06-09),1101.31,4405.2,1353,48,3,1
144320_40.727933_-73.929040_SB,144320,40.727933,-73.929040,Queens,KOSCIUSZKO BRIDGE,Dead End,Newtown Creek Shoreline,SB,2025,3,2025-03-01,After congestion pricing,Weekday,Evening (20-23),1047.56,4190.2,1360,48,3,1
144320_40.727933_-73.929040_SB,144320,40.727933,-73.929040,Queens,KOSCIUSZKO BRIDGE,Dead End,Newtown Creek Shoreline,SB,2025,3,2025-03-01,After congestion pricing,Weekday,Midday (10-15),1105.76,4423.1,1338,72,3,1
144320_40.727933_-73.929040_SB,144320,40.727933,-73.929040,Queens,KOSCIUSZKO BRIDGE,Dead End,Newtown Creek Shoreline,SB,2025,3,2025-03-01,After congestion pricing,Weekday,Overnight (00-05),566.29,2265.2,1583,72,3,1
144320_40.727933_-73.929040_SB,144320,40.727933,-73.929040,Queens,KOSCIUSZKO BRIDGE,Dead End,Newtown Creek Shoreline,SB,2025,3,2025-03-01,After congestion pricing,Weekday,PM peak (16-19),1089.38,4357.5,1251,48,3,1
153104_40.727844_-73.928935_NB,153104,40.727844,-73.928935,Queens,KOSCIUSZKO BRIDGE,Dead End,Newtown Creek Shoreline,NB,2025,3,2025-03-01,After congestion pricing,Weekday,AM peak (06-09),1258.06,5032.2,1530,48,3,1
153104_40.727844_-73.928935_NB,153104,40.727844,-73.928935,Queens,KOSCIUSZKO BRIDGE,Dead End,Newtown Creek Shoreline,NB,2025,3,2025-03-01,After congestion pricing,Weekday,Evening (20-23),1144.79,4579.2,1369,48,3,1
153104_40.727844_-73.928935_NB,153104,40.727844,-73.928935,Queens,KOSCIUSZKO BRIDGE,Dead End,Newtown Creek Shoreline,NB,2025,3,2025-03-01,After congestion pricing,Weekday,Midday (10-15),1307.64,5230.6,1547,72,3,1
153104_40.727844_-73.928935_NB,153104,40.727844,-73.928935,Queens,KOSCIUSZKO BRIDGE,Dead End,Newtown Creek Shoreline,NB,2025,3,2025-03-01,After congestion pricing,Weekday,Overnight (00-05),537.44,2149.8,1014,72,3,1
153104_40.727844_-73.928935_NB,153104,40.727844,-73.928935,Queens,KOSCIUSZKO BRIDGE,Dead End,Newtown Creek Shoreline,NB,2025,3,2025-03-01,After congestion pricing,Weekday,PM peak (16-19),1213.44,4853.8,1580,48,3,1
69574_40.808093_-73.929261_SB,69574,40.808093,-73.929261,Bronx,LINCOLN AVENUE,3 Avenue Bridge,East 134 Street,SB,2025,3,2025-03-01,After congestion pricing,Weekday,AM peak (06-09),48.94,195.8,76,16,1,1
69574_40.808093_-73.929261_NB,69574,40.808093,-73.929261,Bronx,LINCOLN AVENUE,3 Avenue Bridge,East 134 Street,NB,2025,3,2025-03-01,After congestion pricing,Weekday,AM peak (06-09),26.62,106.5,40,16,1,1
69574_40.808093_-73.929261_SB,69574,40.808093,-73.929261,Bronx,LINCOLN AVENUE,3 Avenue Bridge,East 134 Street,SB,2025,3,2025-03-01,After congestion pricing,Weekend,AM peak (06-09),32.94,131.8,58,32,2,1
69574_40.808093_-73.929261_NB,69574,40.808093,-73.929261,Bronx,LINCOLN AVENUE,3 Avenue Bridge,East 134 Street,NB,2025,3,2025-03-01,After congestion pricing,Weekend,AM peak (06-09),14.78,59.1,34,32,2,1
69574_40.808093_-73.929261_NB,69574,40.808093,-73.929261,Bronx,LINCOLN AVENUE,3 Avenue Bridge,East 134 Street,NB,2025,3,2025-03-01,After congestion pricing,Weekday,Evening (20-23),19.94,79.8,34,16,1,1
69574_40.808093_-73.929261_SB,69574,40.808093,-73.929261,Bronx,LINCOLN AVENUE,3 Avenue Bridge,East 134 Street,SB,2025,3,2025-03-01,After congestion pricing,Weekday,Evening (20-23),23.56,94.2,32,16,1,1
69574_40.808093_-73.929261_SB,69574,40.808093,-73.929261,Bronx,LINCOLN AVENUE,3 Avenue Bridge,East 134 Street,SB,2025,3,2025-03-01,After congestion pricing,Weekend,Evening (20-23),31.25,125.0,46,32,2,1
69574_40.808093_-73.929261_NB,69574,40.808093,-73.929261,Bronx,LINCOLN AVENUE,3 Avenue Bridge,East 134 Street,NB,2025,3,2025-03-01,After congestion pricing,Weekend,Evening (20-23),24.06,96.2,40,32,2,1
69574_40.808093_-73.929261_NB,69574,40.808093,-73.929261,Bronx,LINCOLN AVENUE,3 Avenue Bridge,East 134 Street,NB,2025,3,2025-03-01,After congestion pricing,Weekday,Midday (10-15),33.12,132.5,55,24,1,1
69574_40.808093_-73.929261_SB,69574,40.808093,-73.929261,Bronx,LINCOLN AVENUE,3 Avenue Bridge,East 134 Street,SB,2025,3,2025-03-01,After congestion pricing,Weekday,Midday (10-15),40.79,163.2,55,24,1,1
69574_40.808093_-73.929261_SB,69574,40.808093,-73.929261,Bronx,LINCOLN AVENUE,3 Avenue Bridge,East 134 Street,SB,2025,3,2025-03-01,After congestion pricing,Weekend,Midday (10-15),40.17,160.7,57,48,2,1
69574_40.808093_-73.929261_NB,69574,40.808093,-73.929261,Bronx,LINCOLN AVENUE,3 Avenue Bridge,East 134 Street,NB,2025,3,2025-03-01,After congestion pricing,Weekend,Midday (10-15),32.73,130.9,55,48,2,1
69574_40.808093_-73.929261_SB,69574,40.808093,-73.929261,Bronx,LINCOLN AVENUE,3 Avenue Bridge,East 134 Street,SB,2025,3,2025-03-01,After congestion pricing,Weekday,Overnight (00-05),15.17,60.7,43,24,1,1
69574_40.808093_-73.929261_NB,69574,40.808093,-73.929261,Bronx,LINCOLN AVENUE,3 Avenue Bridge,East 134 Street,NB,2025,3,2025-03-01,After congestion pricing,Weekday,Overnight (00-05),7.83,31.3,18,24,1,1
69574_40.808093_-73.929261_SB,69574,40.808093,-73.929261,Bronx,LINCOLN AVENUE,3 Avenue Bridge,East 134 Street,SB,2025,3,2025-03-01,After congestion pricing,Weekend,Overnight (00-05),14.79,59.2,29,48,2,1
69574_40.808093_-73.929261_NB,69574,40.808093,-73.929261,Bronx,LINCOLN AVENUE,3 Avenue Bridge,East 134 Street,NB,2025,3,2025-03-01,After congestion pricing,Weekend,Overnight (00-05),11.88,47.5,29,48,2,1
69574_40.808093_-73.929261_NB,69574,40.808093,-73.929261,Bronx,LINCOLN AVENUE,3 Avenue Bridge,East 134 Street,NB,2025,3,2025-03-01,After congestion pricing,Weekday,PM peak (16-19),40.12,160.5,59,16,1,1
69574_40.808093_-73.929261_SB,69574,40.808093,-73.929261,Bronx,LINCOLN AVENUE,3 Avenue Bridge,East 134 Street,SB,2025,3,2025-03-01,After congestion pricing,Weekday,PM peak (16-19),43.44,173.8,59,16,1,1
69574_40.808093_-73.929261_SB,69574,40.808093,-73.929261,Bronx,LINCOLN AVENUE,3 Avenue Bridge,East 134 Street,SB,2025,3,2025-03-01,After congestion pricing,Weekend,PM peak (16-19),42.03,168.1,57,32,2,1
69574_40.808093_-73.929261_NB,69574,40.808093,-73.929261,Bronx,LINCOLN AVENUE,3 Avenue Bridge,East 134 Street,NB,2025,3,2025-03-01,After congestion pricing,Weekend,PM peak (16-19),35.50,142.0,53,32,2,1
37714_40.787607_-73.953886_NB,37714,40.787607,-73.953886,Manhattan,MADISON AVENUE,East 96 Street,East 97 Street,NB,2025,3,2025-03-01,After congestion pricing,Weekday,AM peak (06-09),233.99,936.0,289,80,5,1
37714_40.787607_-73.953886_NB,37714,40.787607,-73.953886,Manhattan,MADISON AVENUE,East 96 Street,East 97 Street,NB,2025,3,2025-03-01,After congestion pricing,Weekend,AM peak (06-09),158.16,632.6,214,32,2,1
37714_40.787607_-73.953886_NB,37714,40.787607,-73.953886,Manhattan,MADISON AVENUE,East 96 Street,East 97 Street,NB,2025,3,2025-03-01,After congestion pricing,Weekday,Evening (20-23),200.21,800.9,301,80,5,1
37714_40.787607_-73.953886_NB,37714,40.787607,-73.953886,Manhattan,MADISON AVENUE,East 96 Street,East 97 Street,NB,2025,3,2025-03-01,After congestion pricing,Weekend,Evening (20-23),173.69,694.8,234,32,2,1
37714_40.787607_-73.953886_NB,37714,40.787607,-73.953886,Manhattan,MADISON AVENUE,East 96 Street,East 97 Street,NB,2025,3,2025-03-01,After congestion pricing,Weekday,Midday (10-15),234.62,938.5,316,120,5,1
37714_40.787607_-73.953886_NB,37714,40.787607,-73.953886,Manhattan,MADISON AVENUE,East 96 Street,East 97 Street,NB,2025,3,2025-03-01,After congestion pricing,Weekend,Midday (10-15),232.60,930.4,286,48,2,1
37714_40.787607_-73.953886_NB,37714,40.787607,-73.953886,Manhattan,MADISON AVENUE,East 96 Street,East 97 Street,NB,2025,3,2025-03-01,After congestion pricing,Weekday,Overnight (00-05),64.97,259.9,231,120,5,1
37714_40.787607_-73.953886_NB,37714,40.787607,-73.953886,Manhattan,MADISON AVENUE,East 96 Street,East 97 Street,NB,2025,3,2025-03-01,After congestion pricing,Weekend,Overnight (00-05),102.06,408.2,195,48,2,1
37714_40.787607_-73.953886_NB,37714,40.787607,-73.953886,Manhattan,MADISON AVENUE,East 96 Street,East 97 Street,NB,2025,3,2025-03-01,After congestion pricing,Weekday,PM peak (16-19),264.30,1057.2,358,80,5,1
37714_40.787607_-73.953886_NB,37714,40.787607,-73.953886,Manhattan,MADISON AVENUE,East 96 Street,East 97 Street,NB,2025,3,2025-03-01,After congestion pricing,Weekend,PM peak (16-19),235.38,941.5,295,32,2,1
35158_40.733398_-73.954787_NB,35158,40.733398,-73.954787,Brooklyn,MANHATTAN AVENUE,Crosstown Line,Crosstown Line,NB,2025,3,2025-03-01,After congestion pricing,Weekday,AM peak (06-09),43.12,172.5,53,16,1,1
35158_40.733398_-73.954787_NB,35158,40.733398,-73.954787,Brooklyn,MANHATTAN AVENUE,Crosstown Line,Crosstown Line,NB,2025,3,2025-03-01,After congestion pricing,Weekday,Evening (20-23),31.19,124.8,50,16,1,1
35158_40.733398_-73.954787_NB,35158,40.733398,-73.954787,Brooklyn,MANHATTAN AVENUE,Crosstown Line,Crosstown Line,NB,2025,3,2025-03-01,After congestion pricing,Weekday,Midday (10-15),46.00,184.0,59,24,1,1
35158_40.733398_-73.954787_NB,35158,40.733398,-73.954787,Brooklyn,MANHATTAN AVENUE,Crosstown Line,Crosstown Line,NB,2025,3,2025-03-01,After congestion pricing,Weekday,Overnight (00-05),9.83,39.3,20,24,1,1
35158_40.733398_-73.954787_NB,35158,40.733398,-73.954787,Brooklyn,MANHATTAN AVENUE,Crosstown Line,Crosstown Line,NB,2025,3,2025-03-01,After congestion pricing,Weekday,PM peak (16-19),47.62,190.5,54,16,1,1
21490_40.643472_-73.979570_NB,21490,40.643472,-73.979570,Brooklyn,MC DONALD AVENUE,Albemarle Road,Church Avenue,NB,2025,3,2025-03-01,After congestion pricing,Weekday,AM peak (06-09),63.44,253.8,93,16,1,1
21490_40.643472_-73.979570_SB,21490,40.643472,-73.979570,Brooklyn,MC DONALD AVENUE,Albemarle Road,Church Avenue,SB,2025,3,2025-03-01,After congestion pricing,Weekday,AM peak (06-09),45.25,181.0,71,16,1,1
21490_40.643472_-73.979570_NB,21490,40.643472,-73.979570,Brooklyn,MC DONALD AVENUE,Albemarle Road,Church Avenue,NB,2025,3,2025-03-01,After congestion pricing,Weekend,AM peak (06-09),25.47,101.9,46,32,2,1
21490_40.643472_-73.979570_SB,21490,40.643472,-73.979570,Brooklyn,MC DONALD AVENUE,Albemarle Road,Church Avenue,SB,2025,3,2025-03-01,After congestion pricing,Weekend,AM peak (06-09),16.47,65.9,28,32,2,1
21490_40.643472_-73.979570_NB,21490,40.643472,-73.979570,Brooklyn,MC DONALD AVENUE,Albemarle Road,Church Avenue,NB,2025,3,2025-03-01,After congestion pricing,Weekday,Evening (20-23),23.69,94.8,36,16,1,1
21490_40.643472_-73.979570_SB,21490,40.643472,-73.979570,Brooklyn,MC DONALD AVENUE,Albemarle Road,Church Avenue,SB,2025,3,2025-03-01,After congestion pricing,Weekday,Evening (20-23),28.12,112.5,52,16,1,1
21490_40.643472_-73.979570_NB,21490,40.643472,-73.979570,Brooklyn,MC DONALD AVENUE,Albemarle Road,Church Avenue,NB,2025,3,2025-03-01,After congestion pricing,Weekend,Evening (20-23),22.75,91.0,37,32,2,1
21490_40.643472_-73.979570_SB,21490,40.643472,-73.979570,Brooklyn,MC DONALD AVENUE,Albemarle Road,Church Avenue,SB,2025,3,2025-03-01,After congestion pricing,Weekend,Evening (20-23),25.47,101.9,36,32,2,1
21490_40.643472_-73.979570_NB,21490,40.643472,-73.979570,Brooklyn,MC DONALD AVENUE,Albemarle Road,Church Avenue,NB,2025,3,2025-03-01,After congestion pricing,Weekday,Midday (10-15),58.00,232.0,77,24,1,1
21490_40.643472_-73.979570_SB,21490,40.643472,-73.979570,Brooklyn,MC DONALD AVENUE,Albemarle Road,Church Avenue,SB,2025,3,2025-03-01,After congestion pricing,Weekday,Midday (10-15),55.00,220.0,89,24,1,1
21490_40.643472_-73.979570_NB,21490,40.643472,-73.979570,Brooklyn,MC DONALD AVENUE,Albemarle Road,Church Avenue,NB,2025,3,2025-03-01,After congestion pricing,Weekend,Midday (10-15),44.50,178.0,59,48,2,1
21490_40.643472_-73.979570_SB,21490,40.643472,-73.979570,Brooklyn,MC DONALD AVENUE,Albemarle Road,Church Avenue,SB,2025,3,2025-03-01,After congestion pricing,Weekend,Midday (10-15),35.58,142.3,49,48,2,1
21490_40.643472_-73.979570_NB,21490,40.643472,-73.979570,Brooklyn,MC DONALD AVENUE,Albemarle Road,Church Avenue,NB,2025,3,2025-03-01,After congestion pricing,Weekday,Overnight (00-05),9.83,39.3,24,24,1,1
21490_40.643472_-73.979570_SB,21490,40.643472,-73.979570,Brooklyn,MC DONALD AVENUE,Albemarle Road,Church Avenue,SB,2025,3,2025-03-01,After congestion pricing,Weekday,Overnight (00-05),9.42,37.7,19,24,1,1
21490_40.643472_-73.979570_NB,21490,40.643472,-73.979570,Brooklyn,MC DONALD AVENUE,Albemarle Road,Church Avenue,NB,2025,3,2025-03-01,After congestion pricing,Weekend,Overnight (00-05),10.00,40.0,23,48,2,1
21490_40.643472_-73.979570_SB,21490,40.643472,-73.979570,Brooklyn,MC DONALD AVENUE,Albemarle Road,Church Avenue,SB,2025,3,2025-03-01,After congestion pricing,Weekend,Overnight (00-05),9.00,36.0,17,48,2,1
21490_40.643472_-73.979570_NB,21490,40.643472,-73.979570,Brooklyn,MC DONALD AVENUE,Albemarle Road,Church Avenue,NB,2025,3,2025-03-01,After congestion pricing,Weekday,PM peak (16-19),44.69,178.8,60,16,1,1
21490_40.643472_-73.979570_SB,21490,40.643472,-73.979570,Brooklyn,MC DONALD AVENUE,Albemarle Road,Church Avenue,SB,2025,3,2025-03-01,After congestion pricing,Weekday,PM peak (16-19),84.94,339.8,105,16,1,1
21490_40.643472_-73.979570_NB,21490,40.643472,-73.979570,Brooklyn,MC DONALD AVENUE,Albemarle Road,Church Avenue,NB,2025,3,2025-03-01,After congestion pricing,Weekend,PM peak (16-19),43.00,172.0,56,32,2,1
21490_40.643472_-73.979570_SB,21490,40.643472,-73.979570,Brooklyn,MC DONALD AVENUE,Albemarle Road,Church Avenue,SB,2025,3,2025-03-01,After congestion pricing,Weekend,PM peak (16-19),40.31,161.2,57,32,2,1
9008825_40.857273_-73.866146_WB,9008825,40.857273,-73.866146,Bronx,PELHAM PARKWAY,Dead end,White Plains Road,WB,2025,3,2025-03-01,After congestion pricing,Weekday,AM peak (06-09),271.31,1085.2,362,80,5,1
9008825_40.857273_-73.866146_WB,9008825,40.857273,-73.866146,Bronx,PELHAM PARKWAY,Dead end,White Plains Road,WB,2025,3,2025-03-01,After congestion pricing,Weekend,AM peak (06-09),128.38,513.5,249,32,2,1
9008825_40.857273_-73.866146_WB,9008825,40.857273,-73.866146,Bronx,PELHAM PARKWAY,Dead end,White Plains Road,WB,2025,3,2025-03-01,After congestion pricing,Weekday,Evening (20-23),142.84,571.4,289,80,5,1
9008825_40.857273_-73.866146_WB,9008825,40.857273,-73.866146,Bronx,PELHAM PARKWAY,Dead end,White Plains Road,WB,2025,3,2025-03-01,After congestion pricing,Weekend,Evening (20-23),158.34,633.4,244,32,2,1
9008825_40.857273_-73.866146_WB,9008825,40.857273,-73.866146,Bronx,PELHAM PARKWAY,Dead end,White Plains Road,WB,2025,3,2025-03-01,After congestion pricing,Weekday,Midday (10-15),306.27,1225.1,356,120,5,1
9008825_40.857273_-73.866146_WB,9008825,40.857273,-73.866146,Bronx,PELHAM PARKWAY,Dead end,White Plains Road,WB,2025,3,2025-03-01,After congestion pricing,Weekend,Midday (10-15),265.94,1063.8,335,48,2,1
9008825_40.857273_-73.866146_WB,9008825,40.857273,-73.866146,Bronx,PELHAM PARKWAY,Dead end,White Plains Road,WB,2025,3,2025-03-01,After congestion pricing,Weekday,Overnight (00-05),36.73,146.9,140,120,5,1
9008825_40.857273_-73.866146_WB,9008825,40.857273,-73.866146,Bronx,PELHAM PARKWAY,Dead end,White Plains Road,WB,2025,3,2025-03-01,After congestion pricing,Weekend,Overnight (00-05),45.12,180.5,116,48,2,1
9008825_40.857273_-73.866146_WB,9008825,40.857273,-73.866146,Bronx,PELHAM PARKWAY,Dead end,White Plains Road,WB,2025,3,2025-03-01,After congestion pricing,Weekday,PM peak (16-19),280.50,1122.0,343,80,5,1
9008825_40.857273_-73.866146_WB,9008825,40.857273,-73.866146,Bronx,PELHAM PARKWAY,Dead end,White Plains Road,WB,2025,3,2025-03-01,After congestion pricing,Weekend,PM peak (16-19),243.81,975.2,314,32,2,1
35516_40.731040_-73.949280_SB,35516,40.731040,-73.949280,Brooklyn,PROVOST STREET,Greenpoint Avenue,Kent Street,SB,2025,3,2025-03-01,After congestion pricing,Weekday,AM peak (06-09),59.88,239.5,81,16,1,1
35516_40.731040_-73.949280_SB,35516,40.731040,-73.949280,Brooklyn,PROVOST STREET,Greenpoint Avenue,Kent Street,SB,2025,3,2025-03-01,After congestion pricing,Weekday,Evening (20-23),34.19,136.8,44,16,1,1
35516_40.731040_-73.949280_SB,35516,40.731040,-73.949280,Brooklyn,PROVOST STREET,Greenpoint Avenue,Kent Street,SB,2025,3,2025-03-01,After congestion pricing,Weekday,Midday (10-15),65.88,263.5,86,24,1,1
35516_40.731040_-73.949280_SB,35516,40.731040,-73.949280,Brooklyn,PROVOST STREET,Greenpoint Avenue,Kent Street,SB,2025,3,2025-03-01,After congestion pricing,Weekday,Overnight (00-05),12.04,48.2,30,24,1,1
35516_40.731040_-73.949280_SB,35516,40.731040,-73.949280,Brooklyn,PROVOST STREET,Greenpoint Avenue,Kent Street,SB,2025,3,2025-03-01,After congestion pricing,Weekday,PM peak (16-19),71.44,285.8,95,16,1,1
83071_40.749110_-73.869909_EB,83071,40.749110,-73.869909,Queens,ROOSEVELT AVENUE,Flushing Line,Flushing Line,EB,2025,3,2025-03-01,After congestion pricing,Weekday,AM peak (06-09),60.01,240.1,82,80,5,1
83071_40.749110_-73.869909_WB,83071,40.749110,-73.869909,Queens,ROOSEVELT AVENUE,Flushing Line,Flushing Line,WB,2025,3,2025-03-01,After congestion pricing,Weekday,AM peak (06-09),83.79,335.1,128,80,5,1
83071_40.749110_-73.869909_EB,83071,40.749110,-73.869909,Queens,ROOSEVELT AVENUE,Flushing Line,Flushing Line,EB,2025,3,2025-03-01,After congestion pricing,Weekend,AM peak (06-09),57.50,230.0,89,32,2,1
83071_40.749110_-73.869909_WB,83071,40.749110,-73.869909,Queens,ROOSEVELT AVENUE,Flushing Line,Flushing Line,WB,2025,3,2025-03-01,After congestion pricing,Weekend,AM peak (06-09),55.22,220.9,93,32,2,1
83071_40.749110_-73.869909_EB,83071,40.749110,-73.869909,Queens,ROOSEVELT AVENUE,Flushing Line,Flushing Line,EB,2025,3,2025-03-01,After congestion pricing,Weekday,Evening (20-23),60.16,240.7,88,80,5,1
83071_40.749110_-73.869909_WB,83071,40.749110,-73.869909,Queens,ROOSEVELT AVENUE,Flushing Line,Flushing Line,WB,2025,3,2025-03-01,After congestion pricing,Weekday,Evening (20-23),48.02,192.1,76,80,5,1
83071_40.749110_-73.869909_EB,83071,40.749110,-73.869909,Queens,ROOSEVELT AVENUE,Flushing Line,Flushing Line,EB,2025,3,2025-03-01,After congestion pricing,Weekend,Evening (20-23),71.69,286.8,94,32,2,1
83071_40.749110_-73.869909_WB,83071,40.749110,-73.869909,Queens,ROOSEVELT AVENUE,Flushing Line,Flushing Line,WB,2025,3,2025-03-01,After congestion pricing,Weekend,Evening (20-23),58.84,235.4,79,32,2,1
83071_40.749110_-73.869909_EB,83071,40.749110,-73.869909,Queens,ROOSEVELT AVENUE,Flushing Line,Flushing Line,EB,2025,3,2025-03-01,After congestion pricing,Weekday,Midday (10-15),80.12,320.5,113,120,5,1
83071_40.749110_-73.869909_WB,83071,40.749110,-73.869909,Queens,ROOSEVELT AVENUE,Flushing Line,Flushing Line,WB,2025,3,2025-03-01,After congestion pricing,Weekday,Midday (10-15),70.83,283.3,86,120,5,1
83071_40.749110_-73.869909_EB,83071,40.749110,-73.869909,Queens,ROOSEVELT AVENUE,Flushing Line,Flushing Line,EB,2025,3,2025-03-01,After congestion pricing,Weekend,Midday (10-15),86.42,345.7,102,48,2,1
83071_40.749110_-73.869909_WB,83071,40.749110,-73.869909,Queens,ROOSEVELT AVENUE,Flushing Line,Flushing Line,WB,2025,3,2025-03-01,After congestion pricing,Weekend,Midday (10-15),73.90,295.6,90,48,2,1
83071_40.749110_-73.869909_EB,83071,40.749110,-73.869909,Queens,ROOSEVELT AVENUE,Flushing Line,Flushing Line,EB,2025,3,2025-03-01,After congestion pricing,Weekday,Overnight (00-05),29.67,118.7,49,120,5,1
83071_40.749110_-73.869909_WB,83071,40.749110,-73.869909,Queens,ROOSEVELT AVENUE,Flushing Line,Flushing Line,WB,2025,3,2025-03-01,After congestion pricing,Weekday,Overnight (00-05),28.23,112.9,71,120,5,1
83071_40.749110_-73.869909_EB,83071,40.749110,-73.869909,Queens,ROOSEVELT AVENUE,Flushing Line,Flushing Line,EB,2025,3,2025-03-01,After congestion pricing,Weekend,Overnight (00-05),39.90,159.6,51,48,2,1
83071_40.749110_-73.869909_WB,83071,40.749110,-73.869909,Queens,ROOSEVELT AVENUE,Flushing Line,Flushing Line,WB,2025,3,2025-03-01,After congestion pricing,Weekend,Overnight (00-05),39.60,158.4,60,48,2,1
83071_40.749110_-73.869909_EB,83071,40.749110,-73.869909,Queens,ROOSEVELT AVENUE,Flushing Line,Flushing Line,EB,2025,3,2025-03-01,After congestion pricing,Weekday,PM peak (16-19),100.96,403.9,130,80,5,1
83071_40.749110_-73.869909_WB,83071,40.749110,-73.869909,Queens,ROOSEVELT AVENUE,Flushing Line,Flushing Line,WB,2025,3,2025-03-01,After congestion pricing,Weekday,PM peak (16-19),68.44,273.8,88,80,5,1
83071_40.749110_-73.869909_EB,83071,40.749110,-73.869909,Queens,ROOSEVELT AVENUE,Flushing Line,Flushing Line,EB,2025,3,2025-03-01,After congestion pricing,Weekend,PM peak (16-19),88.84,355.4,103,32,2,1
83071_40.749110_-73.869909_WB,83071,40.749110,-73.869909,Queens,ROOSEVELT AVENUE,Flushing Line,Flushing Line,WB,2025,3,2025-03-01,After congestion pricing,Weekend,PM peak (16-19),72.97,291.9,90,32,2,1
165958_40.795030_-73.972683_EB,165958,40.795030,-73.972683,Manhattan,WEST 96 STREET,Broadway,West End Avenue,EB,2025,3,2025-03-01,After congestion pricing,Weekday,AM peak (06-09),101.61,406.4,140,80,5,1
165958_40.795030_-73.972683_WB,165958,40.795030,-73.972683,Manhattan,WEST 96 STREET,Broadway,West End Avenue,WB,2025,3,2025-03-01,After congestion pricing,Weekday,AM peak (06-09),124.55,498.2,167,80,5,1
165958_40.795030_-73.972683_EB,165958,40.795030,-73.972683,Manhattan,WEST 96 STREET,Broadway,West End Avenue,EB,2025,3,2025-03-01,After congestion pricing,Weekend,AM peak (06-09),53.50,214.0,81,32,2,1
165958_40.795030_-73.972683_WB,165958,40.795030,-73.972683,Manhattan,WEST 96 STREET,Broadway,West End Avenue,WB,2025,3,2025-03-01,After congestion pricing,Weekend,AM peak (06-09),80.22,320.9,134,32,2,1
165958_40.795030_-73.972683_EB,165958,40.795030,-73.972683,Manhattan,WEST 96 STREET,Broadway,West End Avenue,EB,2025,3,2025-03-01,After congestion pricing,Weekday,Evening (20-23),68.67,274.7,93,80,5,1
165958_40.795030_-73.972683_WB,165958,40.795030,-73.972683,Manhattan,WEST 96 STREET,Broadway,West End Avenue,WB,2025,3,2025-03-01,After congestion pricing,Weekday,Evening (20-23),91.85,367.4,134,80,5,1
165958_40.795030_-73.972683_EB,165958,40.795030,-73.972683,Manhattan,WEST 96 STREET,Broadway,West End Avenue,EB,2025,3,2025-03-01,After congestion pricing,Weekend,Evening (20-23),66.69,266.8,99,32,2,1
165958_40.795030_-73.972683_WB,165958,40.795030,-73.972683,Manhattan,WEST 96 STREET,Broadway,West End Avenue,WB,2025,3,2025-03-01,After congestion pricing,Weekend,Evening (20-23),91.84,367.4,139,32,2,1
165958_40.795030_-73.972683_EB,165958,40.795030,-73.972683,Manhattan,WEST 96 STREET,Broadway,West End Avenue,EB,2025,3,2025-03-01,After congestion pricing,Weekday,Midday (10-15),98.33,393.3,121,120,5,1
165958_40.795030_-73.972683_WB,165958,40.795030,-73.972683,Manhattan,WEST 96 STREET,Broadway,West End Avenue,WB,2025,3,2025-03-01,After congestion pricing,Weekday,Midday (10-15),135.28,541.1,165,120,5,1
165958_40.795030_-73.972683_EB,165958,40.795030,-73.972683,Manhattan,WEST 96 STREET,Broadway,West End Avenue,EB,2025,3,2025-03-01,After congestion pricing,Weekend,Midday (10-15),96.27,385.1,126,48,2,1
165958_40.795030_-73.972683_WB,165958,40.795030,-73.972683,Manhattan,WEST 96 STREET,Broadway,West End Avenue,WB,2025,3,2025-03-01,After congestion pricing,Weekend,Midday (10-15),137.56,550.2,158,48,2,1
165958_40.795030_-73.972683_EB,165958,40.795030,-73.972683,Manhattan,WEST 96 STREET,Broadway,West End Avenue,EB,2025,3,2025-03-01,After congestion pricing,Weekday,Overnight (00-05),20.81,83.2,99,120,5,1
165958_40.795030_-73.972683_WB,165958,40.795030,-73.972683,Manhattan,WEST 96 STREET,Broadway,West End Avenue,WB,2025,3,2025-03-01,After congestion pricing,Weekday,Overnight (00-05),22.82,91.3,93,120,5,1
165958_40.795030_-73.972683_EB,165958,40.795030,-73.972683,Manhattan,WEST 96 STREET,Broadway,West End Avenue,EB,2025,3,2025-03-01,After congestion pricing,Weekend,Overnight (00-05),35.17,140.7,64,48,2,1
165958_40.795030_-73.972683_WB,165958,40.795030,-73.972683,Manhattan,WEST 96 STREET,Broadway,West End Avenue,WB,2025,3,2025-03-01,After congestion pricing,Weekend,Overnight (00-05),34.31,137.2,85,48,2,1
165958_40.795030_-73.972683_EB,165958,40.795030,-73.972683,Manhattan,WEST 96 STREET,Broadway,West End Avenue,EB,2025,3,2025-03-01,After congestion pricing,Weekday,PM peak (16-19),85.06,340.2,114,80,5,1
165958_40.795030_-73.972683_WB,165958,40.795030,-73.972683,Manhattan,WEST 96 STREET,Broadway,West End Avenue,WB,2025,3,2025-03-01,After congestion pricing,Weekday,PM peak (16-19),140.25,561.0,173,80,5,1
165958_40.795030_-73.972683_EB,165958,40.795030,-73.972683,Manhattan,WEST 96 STREET,Broadway,West End Avenue,EB,2025,3,2025-03-01,After congestion pricing,Weekend,PM peak (16-19),98.75,395.0,124,32,2,1
165958_40.795030_-73.972683_WB,165958,40.795030,-73.972683,Manhattan,WEST 96 STREET,Broadway,West End Avenue,WB,2025,3,2025-03-01,After congestion pricing,Weekend,PM peak (16-19),136.34,545.4,152,32,2,1
68627_40.771959_-73.925125_EB,68627,40.771959,-73.925125,Queens,ASTORIA BOULEVARD,22 Street,23 Street,EB,2025,4,2025-04-01,After congestion pricing,Weekday,AM peak (06-09),51.46,205.8,76,80,5,1
68627_40.771959_-73.925125_WB,68627,40.771959,-73.925125,Queens,ASTORIA BOULEVARD,22 Street,23 Street,WB,2025,4,2025-04-01,After congestion pricing,Weekday,AM peak (06-09),80.41,321.6,116,80,5,1
68627_40.771959_-73.925125_EB,68627,40.771959,-73.925125,Queens,ASTORIA BOULEVARD,22 Street,23 Street,EB,2025,4,2025-04-01,After congestion pricing,Weekend,AM peak (06-09),42.03,168.1,78,64,4,1
68627_40.771959_-73.925125_WB,68627,40.771959,-73.925125,Queens,ASTORIA BOULEVARD,22 Street,23 Street,WB,2025,4,2025-04-01,After congestion pricing,Weekend,AM peak (06-09),52.66,210.6,82,64,4,1
68627_40.771959_-73.925125_EB,68627,40.771959,-73.925125,Queens,ASTORIA BOULEVARD,22 Street,23 Street,EB,2025,4,2025-04-01,After congestion pricing,Weekday,Evening (20-23),63.26,253.1,99,80,5,1
68627_40.771959_-73.925125_WB,68627,40.771959,-73.925125,Queens,ASTORIA BOULEVARD,22 Street,23 Street,WB,2025,4,2025-04-01,After congestion pricing,Weekday,Evening (20-23),56.46,225.8,88,80,5,1
68627_40.771959_-73.925125_EB,68627,40.771959,-73.925125,Queens,ASTORIA BOULEVARD,22 Street,23 Street,EB,2025,4,2025-04-01,After congestion pricing,Weekend,Evening (20-23),66.33,265.3,91,64,4,1
68627_40.771959_-73.925125_WB,68627,40.771959,-73.925125,Queens,ASTORIA BOULEVARD,22 Street,23 Street,WB,2025,4,2025-04-01,After congestion pricing,Weekend,Evening (20-23),66.61,266.4,100,64,4,1
68627_40.771959_-73.925125_EB,68627,40.771959,-73.925125,Queens,ASTORIA BOULEVARD,22 Street,23 Street,EB,2025,4,2025-04-01,After congestion pricing,Weekday,Midday (10-15),70.63,282.5,104,120,5,1
68627_40.771959_-73.925125_WB,68627,40.771959,-73.925125,Queens,ASTORIA BOULEVARD,22 Street,23 Street,WB,2025,4,2025-04-01,After congestion pricing,Weekday,Midday (10-15),72.92,291.7,104,120,5,1
68627_40.771959_-73.925125_EB,68627,40.771959,-73.925125,Queens,ASTORIA BOULEVARD,22 Street,23 Street,EB,2025,4,2025-04-01,After congestion pricing,Weekend,Midday (10-15),75.98,303.9,96,96,4,1
68627_40.771959_-73.925125_WB,68627,40.771959,-73.925125,Queens,ASTORIA BOULEVARD,22 Street,23 Street,WB,2025,4,2025-04-01,After congestion pricing,Weekend,Midday (10-15),75.56,302.2,106,96,4,1
68627_40.771959_-73.925125_EB,68627,40.771959,-73.925125,Queens,ASTORIA BOULEVARD,22 Street,23 Street,EB,2025,4,2025-04-01,After congestion pricing,Weekday,Overnight (00-05),22.32,89.3,58,120,5,1
68627_40.771959_-73.925125_WB,68627,40.771959,-73.925125,Queens,ASTORIA BOULEVARD,22 Street,23 Street,WB,2025,4,2025-04-01,After congestion pricing,Weekday,Overnight (00-05),27.98,111.9,117,120,5,1
68627_40.771959_-73.925125_EB,68627,40.771959,-73.925125,Queens,ASTORIA BOULEVARD,22 Street,23 Street,EB,2025,4,2025-04-01,After congestion pricing,Weekend,Overnight (00-05),34.96,139.8,63,96,4,1
68627_40.771959_-73.925125_WB,68627,40.771959,-73.925125,Queens,ASTORIA BOULEVARD,22 Street,23 Street,WB,2025,4,2025-04-01,After congestion pricing,Weekend,Overnight (00-05),30.60,122.4,64,96,4,1
68627_40.771959_-73.925125_EB,68627,40.771959,-73.925125,Queens,ASTORIA BOULEVARD,22 Street,23 Street,EB,2025,4,2025-04-01,After congestion pricing,Weekday,PM peak (16-19),75.85,303.4,101,80,5,1
68627_40.771959_-73.925125_WB,68627,40.771959,-73.925125,Queens,ASTORIA BOULEVARD,22 Street,23 Street,WB,2025,4,2025-04-01,After congestion pricing,Weekday,PM peak (16-19),86.28,345.1,109,80,5,1
68627_40.771959_-73.925125_EB,68627,40.771959,-73.925125,Queens,ASTORIA BOULEVARD,22 Street,23 Street,EB,2025,4,2025-04-01,After congestion pricing,Weekend,PM peak (16-19),76.27,305.1,101,64,4,1
68627_40.771959_-73.925125_WB,68627,40.771959,-73.925125,Queens,ASTORIA BOULEVARD,22 Street,23 Street,WB,2025,4,2025-04-01,After congestion pricing,Weekend,PM peak (16-19),85.53,342.1,114,64,4,1
165324_40.722823_-73.946639_WB,165324,40.722823,-73.946639,Brooklyn,DRIGGS AVENUE,Newel Street,Mc Guinness Blvd South,WB,2025,4,2025-04-01,After congestion pricing,Weekday,AM peak (06-09),58.27,233.1,104,80,5,1
165324_40.722823_-73.946639_WB,165324,40.722823,-73.946639,Brooklyn,DRIGGS AVENUE,Newel Street,Mc Guinness Blvd South,WB,2025,4,2025-04-01,After congestion pricing,Weekend,AM peak (06-09),37.88,151.5,73,32,2,1
165324_40.722823_-73.946639_WB,165324,40.722823,-73.946639,Brooklyn,DRIGGS AVENUE,Newel Street,Mc Guinness Blvd South,WB,2025,4,2025-04-01,After congestion pricing,Weekday,Evening (20-23),39.34,157.3,78,80,5,1
165324_40.722823_-73.946639_WB,165324,40.722823,-73.946639,Brooklyn,DRIGGS AVENUE,Newel Street,Mc Guinness Blvd South,WB,2025,4,2025-04-01,After congestion pricing,Weekend,Evening (20-23),49.72,198.9,67,32,2,1
165324_40.722823_-73.946639_WB,165324,40.722823,-73.946639,Brooklyn,DRIGGS AVENUE,Newel Street,Mc Guinness Blvd South,WB,2025,4,2025-04-01,After congestion pricing,Weekday,Midday (10-15),61.12,244.5,92,120,5,1
165324_40.722823_-73.946639_WB,165324,40.722823,-73.946639,Brooklyn,DRIGGS AVENUE,Newel Street,Mc Guinness Blvd South,WB,2025,4,2025-04-01,After congestion pricing,Weekend,Midday (10-15),67.46,269.8,90,48,2,1
165324_40.722823_-73.946639_WB,165324,40.722823,-73.946639,Brooklyn,DRIGGS AVENUE,Newel Street,Mc Guinness Blvd South,WB,2025,4,2025-04-01,After congestion pricing,Weekday,Overnight (00-05),13.99,56.0,39,120,5,1
165324_40.722823_-73.946639_WB,165324,40.722823,-73.946639,Brooklyn,DRIGGS AVENUE,Newel Street,Mc Guinness Blvd South,WB,2025,4,2025-04-01,After congestion pricing,Weekend,Overnight (00-05),25.33,101.3,53,48,2,1
165324_40.722823_-73.946639_WB,165324,40.722823,-73.946639,Brooklyn,DRIGGS AVENUE,Newel Street,Mc Guinness Blvd South,WB,2025,4,2025-04-01,After congestion pricing,Weekday,PM peak (16-19),67.33,269.3,104,80,5,1
165324_40.722823_-73.946639_WB,165324,40.722823,-73.946639,Brooklyn,DRIGGS AVENUE,Newel Street,Mc Guinness Blvd South,WB,2025,4,2025-04-01,After congestion pricing,Weekend,PM peak (16-19),70.16,280.6,88,32,2,1
69577_40.808256_-73.928764_EB,69577,40.808256,-73.928764,Bronx,EAST 134 STREET,Lincoln Avenue,Alexander Avenue,EB,2025,4,2025-04-01,After congestion pricing,Weekday,AM peak (06-09),11.20,44.8,20,144,9,1
69577_40.808256_-73.928764_EB,69577,40.808256,-73.928764,Bronx,EAST 134 STREET,Lincoln Avenue,Alexander Avenue,EB,2025,4,2025-04-01,After congestion pricing,Weekend,AM peak (06-09),4.75,19.0,10,32,2,1
69577_40.808256_-73.928764_EB,69577,40.808256,-73.928764,Bronx,EAST 134 STREET,Lincoln Avenue,Alexander Avenue,EB,2025,4,2025-04-01,After congestion pricing,Weekday,Evening (20-23),7.95,31.8,16,144,9,1
69577_40.808256_-73.928764_EB,69577,40.808256,-73.928764,Bronx,EAST 134 STREET,Lincoln Avenue,Alexander Avenue,EB,2025,4,2025-04-01,After congestion pricing,Weekend,Evening (20-23),8.81,35.2,13,32,2,1
69577_40.808256_-73.928764_EB,69577,40.808256,-73.928764,Bronx,EAST 134 STREET,Lincoln Avenue,Alexander Avenue,EB,2025,4,2025-04-01,After congestion pricing,Weekday,Midday (10-15),11.29,45.1,20,216,9,1
69577_40.808256_-73.928764_EB,69577,40.808256,-73.928764,Bronx,EAST 134 STREET,Lincoln Avenue,Alexander Avenue,EB,2025,4,2025-04-01,After congestion pricing,Weekend,Midday (10-15),10.60,42.4,16,48,2,1
69577_40.808256_-73.928764_EB,69577,40.808256,-73.928764,Bronx,EAST 134 STREET,Lincoln Avenue,Alexander Avenue,EB,2025,4,2025-04-01,After congestion pricing,Weekday,Overnight (00-05),2.06,8.3,7,216,9,1
69577_40.808256_-73.928764_EB,69577,40.808256,-73.928764,Bronx,EAST 134 STREET,Lincoln Avenue,Alexander Avenue,EB,2025,4,2025-04-01,After congestion pricing,Weekend,Overnight (00-05),3.12,12.5,10,48,2,1
69577_40.808256_-73.928764_EB,69577,40.808256,-73.928764,Bronx,EAST 134 STREET,Lincoln Avenue,Alexander Avenue,EB,2025,4,2025-04-01,After congestion pricing,Weekday,PM peak (16-19),13.26,53.1,21,144,9,1
69577_40.808256_-73.928764_EB,69577,40.808256,-73.928764,Bronx,EAST 134 STREET,Lincoln Avenue,Alexander Avenue,EB,2025,4,2025-04-01,After congestion pricing,Weekend,PM peak (16-19),13.88,55.5,20,32,2,1
9004563_40.808856_-73.928120_WB,9004563,40.808856,-73.928120,Bronx,EAST 135 STREET,Dead end,Lincoln Avenue,WB,2025,4,2025-04-01,After congestion pricing,Weekday,AM peak (06-09),251.64,1006.6,325,64,4,1
9004563_40.808856_-73.928120_WB,9004563,40.808856,-73.928120,Bronx,EAST 135 STREET,Dead end,Lincoln Avenue,WB,2025,4,2025-04-01,After congestion pricing,Weekday,Evening (20-23),204.92,819.7,262,64,4,1
9004563_40.808856_-73.928120_WB,9004563,40.808856,-73.928120,Bronx,EAST 135 STREET,Dead end,Lincoln Avenue,WB,2025,4,2025-04-01,After congestion pricing,Weekday,Midday (10-15),220.68,882.7,288,96,4,1
9004563_40.808856_-73.928120_WB,9004563,40.808856,-73.928120,Bronx,EAST 135 STREET,Dead end,Lincoln Avenue,WB,2025,4,2025-04-01,After congestion pricing,Weekday,Overnight (00-05),108.39,433.5,270,96,4,1
9004563_40.808856_-73.928120_WB,9004563,40.808856,-73.928120,Bronx,EAST 135 STREET,Dead end,Lincoln Avenue,WB,2025,4,2025-04-01,After congestion pricing,Weekday,PM peak (16-19),264.36,1057.4,324,64,4,1
121191_40.858841_-73.843052_NB,121191,40.858841,-73.843052,Bronx,EASTCHESTER ROAD,Pelham Parkway North,Dead end,NB,2025,4,2025-04-01,After congestion pricing,Weekday,AM peak (06-09),98.22,392.9,153,80,5,1
121191_40.858841_-73.843052_SB,121191,40.858841,-73.843052,Bronx,EASTCHESTER ROAD,Pelham Parkway North,Dead end,SB,2025,4,2025-04-01,After congestion pricing,Weekday,AM peak (06-09),82.28,329.1,107,80,5,1
121191_40.858841_-73.843052_SB,121191,40.858841,-73.843052,Bronx,EASTCHESTER ROAD,Pelham Parkway North,Dead end,SB,2025,4,2025-04-01,After congestion pricing,Weekend,AM peak (06-09),34.47,137.9,70,32,2,1
121191_40.858841_-73.843052_NB,121191,40.858841,-73.843052,Bronx,EASTCHESTER ROAD,Pelham Parkway North,Dead end,NB,2025,4,2025-04-01,After congestion pricing,Weekend,AM peak (06-09),38.50,154.0,82,32,2,1
121191_40.858841_-73.843052_NB,121191,40.858841,-73.843052,Bronx,EASTCHESTER ROAD,Pelham Parkway North,Dead end,NB,2025,4,2025-04-01,After congestion pricing,Weekday,Evening (20-23),49.46,197.8,92,80,5,1
121191_40.858841_-73.843052_SB,121191,40.858841,-73.843052,Bronx,EASTCHESTER ROAD,Pelham Parkway North,Dead end,SB,2025,4,2025-04-01,After congestion pricing,Weekday,Evening (20-23),35.75,143.0,65,80,5,1
121191_40.858841_-73.843052_SB,121191,40.858841,-73.843052,Bronx,EASTCHESTER ROAD,Pelham Parkway North,Dead end,SB,2025,4,2025-04-01,After congestion pricing,Weekend,Evening (20-23),39.50,158.0,75,32,2,1
121191_40.858841_-73.843052_NB,121191,40.858841,-73.843052,Bronx,EASTCHESTER ROAD,Pelham Parkway North,Dead end,NB,2025,4,2025-04-01,After congestion pricing,Weekend,Evening (20-23),49.28,197.1,70,32,2,1
121191_40.858841_-73.843052_NB,121191,40.858841,-73.843052,Bronx,EASTCHESTER ROAD,Pelham Parkway North,Dead end,NB,2025,4,2025-04-01,After congestion pricing,Weekday,Midday (10-15),124.28,497.1,166,120,5,1
121191_40.858841_-73.843052_SB,121191,40.858841,-73.843052,Bronx,EASTCHESTER ROAD,Pelham Parkway North,Dead end,SB,2025,4,2025-04-01,After congestion pricing,Weekday,Midday (10-15),83.03,332.1,106,120,5,1
121191_40.858841_-73.843052_SB,121191,40.858841,-73.843052,Bronx,EASTCHESTER ROAD,Pelham Parkway North,Dead end,SB,2025,4,2025-04-01,After congestion pricing,Weekend,Midday (10-15),64.27,257.1,85,48,2,1
121191_40.858841_-73.843052_NB,121191,40.858841,-73.843052,Bronx,EASTCHESTER ROAD,Pelham Parkway North,Dead end,NB,2025,4,2025-04-01,After congestion pricing,Weekend,Midday (10-15),82.58,330.3,116,48,2,1
121191_40.858841_-73.843052_NB,121191,40.858841,-73.843052,Bronx,EASTCHESTER ROAD,Pelham Parkway North,Dead end,NB,2025,4,2025-04-01,After congestion pricing,Weekday,Overnight (00-05),13.36,53.4,46,120,5,1
121191_40.858841_-73.843052_SB,121191,40.858841,-73.843052,Bronx,EASTCHESTER ROAD,Pelham Parkway North,Dead end,SB,2025,4,2025-04-01,After congestion pricing,Weekday,Overnight (00-05),11.47,45.9,46,120,5,1
121191_40.858841_-73.843052_SB,121191,40.858841,-73.843052,Bronx,EASTCHESTER ROAD,Pelham Parkway North,Dead end,SB,2025,4,2025-04-01,After congestion pricing,Weekend,Overnight (00-05),11.21,44.8,25,48,2,1
121191_40.858841_-73.843052_NB,121191,40.858841,-73.843052,Bronx,EASTCHESTER ROAD,Pelham Parkway North,Dead end,NB,2025,4,2025-04-01,After congestion pricing,Weekend,Overnight (00-05),16.58,66.3,43,48,2,1
121191_40.858841_-73.843052_NB,121191,40.858841,-73.843052,Bronx,EASTCHESTER ROAD,Pelham Parkway North,Dead end,NB,2025,4,2025-04-01,After congestion pricing,Weekday,PM peak (16-19),118.84,475.4,170,80,5,1
121191_40.858841_-73.843052_SB,121191,40.858841,-73.843052,Bronx,EASTCHESTER ROAD,Pelham Parkway North,Dead end,SB,2025,4,2025-04-01,After congestion pricing,Weekday,PM peak (16-19),83.31,333.2,105,80,5,1
121191_40.858841_-73.843052_SB,121191,40.858841,-73.843052,Bronx,EASTCHESTER ROAD,Pelham Parkway North,Dead end,SB,2025,4,2025-04-01,After congestion pricing,Weekend,PM peak (16-19),71.53,286.1,93,32,2,1
121191_40.858841_-73.843052_NB,121191,40.858841,-73.843052,Bronx,EASTCHESTER ROAD,Pelham Parkway North,Dead end,NB,2025,4,2025-04-01,After congestion pricing,Weekend,PM peak (16-19),74.41,297.6,101,32,2,1
170971_40.659708_-73.773748_NB,170971,40.659708,-73.773748,Queens,FARMERS BOULEVARD,Dead End,Nassau Expressway,NB,2025,4,2025-04-01,After congestion pricing,Weekday,AM peak (06-09),65.38,261.5,96,48,3,1
170971_40.659708_-73.773748_SB,170971,40.659708,-73.773748,Queens,FARMERS BOULEVARD,Dead End,Nassau Expressway,SB,2025,4,2025-04-01,After congestion pricing,Weekday,AM peak (06-09),76.77,307.1,114,48,3,1
170971_40.659708_-73.773748_SB,170971,40.659708,-73.773748,Queens,FARMERS BOULEVARD,Dead End,Nassau Expressway,SB,2025,4,2025-04-01,After congestion pricing,Weekend,AM peak (06-09),28.31,113.2,46,32,2,1
170971_40.659708_-73.773748_NB,170971,40.659708,-73.773748,Queens,FARMERS BOULEVARD,Dead End,Nassau Expressway,NB,2025,4,2025-04-01,After congestion pricing,Weekend,AM peak (06-09),25.88,103.5,41,32,2,1
170971_40.659708_-73.773748_NB,170971,40.659708,-73.773748,Queens,FARMERS BOULEVARD,Dead End,Nassau Expressway,NB,2025,4,2025-04-01,After congestion pricing,Weekday,Evening (20-23),32.50,130.0,53,48,3,1
170971_40.659708_-73.773748_SB,170971,40.659708,-73.773748,Queens,FARMERS BOULEVARD,Dead End,Nassau Expressway,SB,2025,4,2025-04-01,After congestion pricing,Weekday,Evening (20-23),25.71,102.8,43,48,3,1
170971_40.659708_-73.773748_SB,170971,40.659708,-73.773748,Queens,FARMERS BOULEVARD,Dead End,Nassau Expressway,SB,2025,4,2025-04-01,After congestion pricing,Weekend,Evening (20-23),24.09,96.4,39,32,2,1
170971_40.659708_-73.773748_NB,170971,40.659708,-73.773748,Queens,FARMERS BOULEVARD,Dead End,Nassau Expressway,NB,2025,4,2025-04-01,After congestion pricing,Weekend,Evening (20-23),29.25,117.0,42,32,2,1
170971_40.659708_-73.773748_NB,170971,40.659708,-73.773748,Queens,FARMERS BOULEVARD,Dead End,Nassau Expressway,NB,2025,4,2025-04-01,After congestion pricing,Weekday,Midday (10-15),99.64,398.6,222,72,3,1
170971_40.659708_-73.773748_SB,170971,40.659708,-73.773748,Queens,FARMERS BOULEVARD,Dead End,Nassau Expressway,SB,2025,4,2025-04-01,After congestion pricing,Weekday,Midday (10-15),63.31,253.2,92,72,3,1
170971_40.659708_-73.773748_SB,170971,40.659708,-73.773748,Queens,FARMERS BOULEVARD,Dead End,Nassau Expressway,SB,2025,4,2025-04-01,After congestion pricing,Weekend,Midday (10-15),40.90,163.6,54,48,2,1
170971_40.659708_-73.773748_NB,170971,40.659708,-73.773748,Queens,FARMERS BOULEVARD,Dead End,Nassau Expressway,NB,2025,4,2025-04-01,After congestion pricing,Weekend,Midday (10-15),42.38,169.5,67,48,2,1
170971_40.659708_-73.773748_NB,170971,40.659708,-73.773748,Queens,FARMERS BOULEVARD,Dead End,Nassau Expressway,NB,2025,4,2025-04-01,After congestion pricing,Weekday,Overnight (00-05),15.65,62.6,34,72,3,1
170971_40.659708_-73.773748_SB,170971,40.659708,-73.773748,Queens,FARMERS BOULEVARD,Dead End,Nassau Expressway,SB,2025,4,2025-04-01,After congestion pricing,Weekday,Overnight (00-05),16.49,65.9,72,72,3,1
170971_40.659708_-73.773748_SB,170971,40.659708,-73.773748,Queens,FARMERS BOULEVARD,Dead End,Nassau Expressway,SB,2025,4,2025-04-01,After congestion pricing,Weekend,Overnight (00-05),12.31,49.2,33,48,2,1
170971_40.659708_-73.773748_NB,170971,40.659708,-73.773748,Queens,FARMERS BOULEVARD,Dead End,Nassau Expressway,NB,2025,4,2025-04-01,After congestion pricing,Weekend,Overnight (00-05),16.06,64.2,35,48,2,1
170971_40.659708_-73.773748_NB,170971,40.659708,-73.773748,Queens,FARMERS BOULEVARD,Dead End,Nassau Expressway,NB,2025,4,2025-04-01,After congestion pricing,Weekday,PM peak (16-19),114.46,457.8,191,48,3,1
170971_40.659708_-73.773748_SB,170971,40.659708,-73.773748,Queens,FARMERS BOULEVARD,Dead End,Nassau Expressway,SB,2025,4,2025-04-01,After congestion pricing,Weekday,PM peak (16-19),55.75,223.0,83,48,3,1
170971_40.659708_-73.773748_SB,170971,40.659708,-73.773748,Queens,FARMERS BOULEVARD,Dead End,Nassau Expressway,SB,2025,4,2025-04-01,After congestion pricing,Weekend,PM peak (16-19),37.12,148.5,48,32,2,1
170971_40.659708_-73.773748_NB,170971,40.659708,-73.773748,Queens,FARMERS BOULEVARD,Dead End,Nassau Expressway,NB,2025,4,2025-04-01,After congestion pricing,Weekend,PM peak (16-19),41.09,164.4,56,32,2,1
69574_40.808093_-73.929261_NB,69574,40.808093,-73.929261,Bronx,LINCOLN AVENUE,3 Avenue Bridge,East 134 Street,NB,2025,4,2025-04-01,After congestion pricing,Weekday,AM peak (06-09),33.94,135.8,50,64,4,1
69574_40.808093_-73.929261_SB,69574,40.808093,-73.929261,Bronx,LINCOLN AVENUE,3 Avenue Bridge,East 134 Street,SB,2025,4,2025-04-01,After congestion pricing,Weekday,AM peak (06-09),49.97,199.9,86,64,4,1
69574_40.808093_-73.929261_NB,69574,40.808093,-73.929261,Bronx,LINCOLN AVENUE,3 Avenue Bridge,East 134 Street,NB,2025,4,2025-04-01,After congestion pricing,Weekday,Evening (20-23),25.48,101.9,50,64,4,1
69574_40.808093_-73.929261_SB,69574,40.808093,-73.929261,Bronx,LINCOLN AVENUE,3 Avenue Bridge,East 134 Street,SB,2025,4,2025-04-01,After congestion pricing,Weekday,Evening (20-23),30.06,120.2,65,64,4,1
69574_40.808093_-73.929261_NB,69574,40.808093,-73.929261,Bronx,LINCOLN AVENUE,3 Avenue Bridge,East 134 Street,NB,2025,4,2025-04-01,After congestion pricing,Weekday,Midday (10-15),35.28,141.1,55,96,4,1
69574_40.808093_-73.929261_SB,69574,40.808093,-73.929261,Bronx,LINCOLN AVENUE,3 Avenue Bridge,East 134 Street,SB,2025,4,2025-04-01,After congestion pricing,Weekday,Midday (10-15),39.88,159.5,57,96,4,1
69574_40.808093_-73.929261_NB,69574,40.808093,-73.929261,Bronx,LINCOLN AVENUE,3 Avenue Bridge,East 134 Street,NB,2025,4,2025-04-01,After congestion pricing,Weekday,Overnight (00-05),7.85,31.4,20,96,4,1
69574_40.808093_-73.929261_SB,69574,40.808093,-73.929261,Bronx,LINCOLN AVENUE,3 Avenue Bridge,East 134 Street,SB,2025,4,2025-04-01,After congestion pricing,Weekday,Overnight (00-05),14.71,58.8,45,96,4,1
69574_40.808093_-73.929261_NB,69574,40.808093,-73.929261,Bronx,LINCOLN AVENUE,3 Avenue Bridge,East 134 Street,NB,2025,4,2025-04-01,After congestion pricing,Weekday,PM peak (16-19),44.95,179.8,66,64,4,1
69574_40.808093_-73.929261_SB,69574,40.808093,-73.929261,Bronx,LINCOLN AVENUE,3 Avenue Bridge,East 134 Street,SB,2025,4,2025-04-01,After congestion pricing,Weekday,PM peak (16-19),44.44,177.8,67,64,4,1
65872_40.722591_-73.942110_SB,65872,40.722591,-73.942110,Brooklyn,MONITOR STREET,Engert Avenue,Driggs Avenue,SB,2025,4,2025-04-01,After congestion pricing,Weekday,AM peak (06-09),20.86,83.5,45,80,5,1
65872_40.722591_-73.942110_SB,65872,40.722591,-73.942110,Brooklyn,MONITOR STREET,Engert Avenue,Driggs Avenue,SB,2025,4,2025-04-01,After congestion pricing,Weekend,AM peak (06-09),8.19,32.8,18,32,2,1
65872_40.722591_-73.942110_SB,65872,40.722591,-73.942110,Brooklyn,MONITOR STREET,Engert Avenue,Driggs Avenue,SB,2025,4,2025-04-01,After congestion pricing,Weekday,Evening (20-23),16.51,66.0,35,80,5,1
65872_40.722591_-73.942110_SB,65872,40.722591,-73.942110,Brooklyn,MONITOR STREET,Engert Avenue,Driggs Avenue,SB,2025,4,2025-04-01,After congestion pricing,Weekend,Evening (20-23),14.97,59.9,24,32,2,1
65872_40.722591_-73.942110_SB,65872,40.722591,-73.942110,Brooklyn,MONITOR STREET,Engert Avenue,Driggs Avenue,SB,2025,4,2025-04-01,After congestion pricing,Weekday,Midday (10-15),31.92,127.7,57,120,5,1
65872_40.722591_-73.942110_SB,65872,40.722591,-73.942110,Brooklyn,MONITOR STREET,Engert Avenue,Driggs Avenue,SB,2025,4,2025-04-01,After congestion pricing,Weekend,Midday (10-15),21.48,85.9,35,48,2,1
65872_40.722591_-73.942110_SB,65872,40.722591,-73.942110,Brooklyn,MONITOR STREET,Engert Avenue,Driggs Avenue,SB,2025,4,2025-04-01,After congestion pricing,Weekday,Overnight (00-05),4.14,16.6,16,120,5,1
65872_40.722591_-73.942110_SB,65872,40.722591,-73.942110,Brooklyn,MONITOR STREET,Engert Avenue,Driggs Avenue,SB,2025,4,2025-04-01,After congestion pricing,Weekend,Overnight (00-05),8.50,34.0,19,48,2,1
65872_40.722591_-73.942110_SB,65872,40.722591,-73.942110,Brooklyn,MONITOR STREET,Engert Avenue,Driggs Avenue,SB,2025,4,2025-04-01,After congestion pricing,Weekday,PM peak (16-19),36.01,144.1,56,80,5,1
65872_40.722591_-73.942110_SB,65872,40.722591,-73.942110,Brooklyn,MONITOR STREET,Engert Avenue,Driggs Avenue,SB,2025,4,2025-04-01,After congestion pricing,Weekend,PM peak (16-19),22.56,90.2,37,32,2,1
35645_40.724393_-73.944296_NB,35645,40.724393,-73.944296,Brooklyn,RUSSELL STREET,Driggs Avenue,Nassau Avenue,NB,2025,4,2025-04-01,After congestion pricing,Weekday,AM peak (06-09),45.31,181.2,65,80,5,1
35645_40.724393_-73.944296_NB,35645,40.724393,-73.944296,Brooklyn,RUSSELL STREET,Driggs Avenue,Nassau Avenue,NB,2025,4,2025-04-01,After congestion pricing,Weekend,AM peak (06-09),12.88,51.5,24,32,2,1
35645_40.724393_-73.944296_NB,35645,40.724393,-73.944296,Brooklyn,RUSSELL STREET,Driggs Avenue,Nassau Avenue,NB,2025,4,2025-04-01,After congestion pricing,Weekday,Evening (20-23),14.22,56.9,34,80,5,1
35645_40.724393_-73.944296_NB,35645,40.724393,-73.944296,Brooklyn,RUSSELL STREET,Driggs Avenue,Nassau Avenue,NB,2025,4,2025-04-01,After congestion pricing,Weekend,Evening (20-23),21.09,84.4,35,32,2,1
35645_40.724393_-73.944296_NB,35645,40.724393,-73.944296,Brooklyn,RUSSELL STREET,Driggs Avenue,Nassau Avenue,NB,2025,4,2025-04-01,After congestion pricing,Weekday,Midday (10-15),39.60,158.4,68,120,5,1
35645_40.724393_-73.944296_NB,35645,40.724393,-73.944296,Brooklyn,RUSSELL STREET,Driggs Avenue,Nassau Avenue,NB,2025,4,2025-04-01,After congestion pricing,Weekend,Midday (10-15),31.90,127.6,50,48,2,1
35645_40.724393_-73.944296_NB,35645,40.724393,-73.944296,Brooklyn,RUSSELL STREET,Driggs Avenue,Nassau Avenue,NB,2025,4,2025-04-01,After congestion pricing,Weekday,Overnight (00-05),6.91,27.6,29,120,5,1
35645_40.724393_-73.944296_NB,35645,40.724393,-73.944296,Brooklyn,RUSSELL STREET,Driggs Avenue,Nassau Avenue,NB,2025,4,2025-04-01,After congestion pricing,Weekend,Overnight (00-05),6.81,27.2,18,48,2,1
35645_40.724393_-73.944296_NB,35645,40.724393,-73.944296,Brooklyn,RUSSELL STREET,Driggs Avenue,Nassau Avenue,NB,2025,4,2025-04-01,After congestion pricing,Weekday,PM peak (16-19),42.85,171.4,64,80,5,1
35645_40.724393_-73.944296_NB,35645,40.724393,-73.944296,Brooklyn,RUSSELL STREET,Driggs Avenue,Nassau Avenue,NB,2025,4,2025-04-01,After congestion pricing,Weekend,PM peak (16-19),35.69,142.8,52,32,2,1
87111_40.846396_-73.843243_EB,87111,40.846396,-73.843243,Bronx,WATERS PLACE,Marconi Street,Eastchester Road,EB,2025,4,2025-04-01,After congestion pricing,Weekday,AM peak (06-09),127.62,510.5,177,48,3,1
87111_40.846396_-73.843243_WB,87111,40.846396,-73.843243,Bronx,WATERS PLACE,Marconi Street,Eastchester Road,WB,2025,4,2025-04-01,After congestion pricing,Weekday,AM peak (06-09),145.73,582.9,180,48,3,1
87111_40.846396_-73.843243_EB,87111,40.846396,-73.843243,Bronx,WATERS PLACE,Marconi Street,Eastchester Road,EB,2025,4,2025-04-01,After congestion pricing,Weekday,Evening (20-23),52.10,208.4,91,48,3,1
87111_40.846396_-73.843243_WB,87111,40.846396,-73.843243,Bronx,WATERS PLACE,Marconi Street,Eastchester Road,WB,2025,4,2025-04-01,After congestion pricing,Weekday,Evening (20-23),50.04,200.2,83,48,3,1
87111_40.846396_-73.843243_EB,87111,40.846396,-73.843243,Bronx,WATERS PLACE,Marconi Street,Eastchester Road,EB,2025,4,2025-04-01,After congestion pricing,Weekday,Midday (10-15),133.10,532.4,159,72,3,1
87111_40.846396_-73.843243_WB,87111,40.846396,-73.843243,Bronx,WATERS PLACE,Marconi Street,Eastchester Road,WB,2025,4,2025-04-01,After congestion pricing,Weekday,Midday (10-15),160.33,641.3,199,72,3,1
87111_40.846396_-73.843243_EB,87111,40.846396,-73.843243,Bronx,WATERS PLACE,Marconi Street,Eastchester Road,EB,2025,4,2025-04-01,After congestion pricing,Weekday,Overnight (00-05),18.39,73.6,50,72,3,1
87111_40.846396_-73.843243_WB,87111,40.846396,-73.843243,Bronx,WATERS PLACE,Marconi Street,Eastchester Road,WB,2025,4,2025-04-01,After congestion pricing,Weekday,Overnight (00-05),14.69,58.8,72,72,3,1
87111_40.846396_-73.843243_EB,87111,40.846396,-73.843243,Bronx,WATERS PLACE,Marconi Street,Eastchester Road,EB,2025,4,2025-04-01,After congestion pricing,Weekday,PM peak (16-19),100.79,403.2,142,48,3,1
87111_40.846396_-73.843243_WB,87111,40.846396,-73.843243,Bronx,WATERS PLACE,Marconi Street,Eastchester Road,WB,2025,4,2025-04-01,After congestion pricing,Weekday,PM peak (16-19),137.44,549.8,193,48,3,1
148076_40.695527_-73.988727_NB,148076,40.695527,-73.988727,Brooklyn,ADAMS STREET,Tillary Street,Johnson Street,NB,2025,5,2025-05-01,After congestion pricing,Weekday,AM peak (06-09),162.94,651.8,243,32,2,1
148076_40.695527_-73.988727_SB,148076,40.695527,-73.988727,Brooklyn,ADAMS STREET,Tillary Street,Johnson Street,SB,2025,5,2025-05-01,After congestion pricing,Weekday,AM peak (06-09),217.19,868.8,286,32,2,1
148076_40.695527_-73.988727_NB,148076,40.695527,-73.988727,Brooklyn,ADAMS STREET,Tillary Street,Johnson Street,NB,2025,5,2025-05-01,After congestion pricing,Weekend,AM peak (06-09),77.31,309.2,128,16,1,1
148076_40.695527_-73.988727_SB,148076,40.695527,-73.988727,Brooklyn,ADAMS STREET,Tillary Street,Johnson Street,SB,2025,5,2025-05-01,After congestion pricing,Weekend,AM peak (06-09),149.06,596.2,203,16,1,1
148076_40.695527_-73.988727_NB,148076,40.695527,-73.988727,Brooklyn,ADAMS STREET,Tillary Street,Johnson Street,NB,2025,5,2025-05-01,After congestion pricing,Weekday,Evening (20-23),117.22,468.9,168,32,2,1
148076_40.695527_-73.988727_SB,148076,40.695527,-73.988727,Brooklyn,ADAMS STREET,Tillary Street,Johnson Street,SB,2025,5,2025-05-01,After congestion pricing,Weekday,Evening (20-23),224.25,897.0,275,32,2,1
148076_40.695527_-73.988727_NB,148076,40.695527,-73.988727,Brooklyn,ADAMS STREET,Tillary Street,Johnson Street,NB,2025,5,2025-05-01,After congestion pricing,Weekend,Evening (20-23),107.62,430.5,143,16,1,1
148076_40.695527_-73.988727_SB,148076,40.695527,-73.988727,Brooklyn,ADAMS STREET,Tillary Street,Johnson Street,SB,2025,5,2025-05-01,After congestion pricing,Weekend,Evening (20-23),245.31,981.2,276,16,1,1
148076_40.695527_-73.988727_NB,148076,40.695527,-73.988727,Brooklyn,ADAMS STREET,Tillary Street,Johnson Street,NB,2025,5,2025-05-01,After congestion pricing,Weekday,Midday (10-15),117.31,469.2,161,48,2,1
148076_40.695527_-73.988727_SB,148076,40.695527,-73.988727,Brooklyn,ADAMS STREET,Tillary Street,Johnson Street,SB,2025,5,2025-05-01,After congestion pricing,Weekday,Midday (10-15),238.77,955.1,321,48,2,1
148076_40.695527_-73.988727_NB,148076,40.695527,-73.988727,Brooklyn,ADAMS STREET,Tillary Street,Johnson Street,NB,2025,5,2025-05-01,After congestion pricing,Weekend,Midday (10-15),113.92,455.7,150,24,1,1
148076_40.695527_-73.988727_SB,148076,40.695527,-73.988727,Brooklyn,ADAMS STREET,Tillary Street,Johnson Street,SB,2025,5,2025-05-01,After congestion pricing,Weekend,Midday (10-15),240.46,961.8,298,24,1,1
148076_40.695527_-73.988727_NB,148076,40.695527,-73.988727,Brooklyn,ADAMS STREET,Tillary Street,Johnson Street,NB,2025,5,2025-05-01,After congestion pricing,Weekday,Overnight (00-05),49.06,196.2,141,48,2,1
148076_40.695527_-73.988727_SB,148076,40.695527,-73.988727,Brooklyn,ADAMS STREET,Tillary Street,Johnson Street,SB,2025,5,2025-05-01,After congestion pricing,Weekday,Overnight (00-05),71.42,285.7,194,48,2,1
148076_40.695527_-73.988727_NB,148076,40.695527,-73.988727,Brooklyn,ADAMS STREET,Tillary Street,Johnson Street,NB,2025,5,2025-05-01,After congestion pricing,Weekend,Overnight (00-05),43.42,173.7,105,24,1,1
148076_40.695527_-73.988727_SB,148076,40.695527,-73.988727,Brooklyn,ADAMS STREET,Tillary Street,Johnson Street,SB,2025,5,2025-05-01,After congestion pricing,Weekend,Overnight (00-05),83.08,332.3,191,24,1,1
148076_40.695527_-73.988727_NB,148076,40.695527,-73.988727,Brooklyn,ADAMS STREET,Tillary Street,Johnson Street,NB,2025,5,2025-05-01,After congestion pricing,Weekday,PM peak (16-19),135.22,540.9,173,32,2,1
148076_40.695527_-73.988727_SB,148076,40.695527,-73.988727,Brooklyn,ADAMS STREET,Tillary Street,Johnson Street,SB,2025,5,2025-05-01,After congestion pricing,Weekday,PM peak (16-19),286.84,1147.4,326,32,2,1
148076_40.695527_-73.988727_NB,148076,40.695527,-73.988727,Brooklyn,ADAMS STREET,Tillary Street,Johnson Street,NB,2025,5,2025-05-01,After congestion pricing,Weekend,PM peak (16-19),104.25,417.0,143,16,1,1
148076_40.695527_-73.988727_SB,148076,40.695527,-73.988727,Brooklyn,ADAMS STREET,Tillary Street,Johnson Street,SB,2025,5,2025-05-01,After congestion pricing,Weekend,PM peak (16-19),271.19,1084.8,291,16,1,1
57986_40.595534_-73.769643_EB,57986,40.595534,-73.769643,Queens,BEACH 37 STREET,Rockaway Beach Boulevard,Beach Channel Drive,EB,2025,5,2025-05-01,After congestion pricing,Weekend,AM peak (06-09),21.25,85.0,40,16,1,1
57986_40.595534_-73.769643_EB,57986,40.595534,-73.769643,Queens,BEACH 37 STREET,Rockaway Beach Boulevard,Beach Channel Drive,EB,2025,5,2025-05-01,After congestion pricing,Weekend,Evening (20-23),11.38,45.5,19,16,1,1
57986_40.595534_-73.769643_EB,57986,40.595534,-73.769643,Queens,BEACH 37 STREET,Rockaway Beach Boulevard,Beach Channel Drive,EB,2025,5,2025-05-01,After congestion pricing,Weekend,Midday (10-15),22.79,91.2,33,24,1,1
57986_40.595534_-73.769643_EB,57986,40.595534,-73.769643,Queens,BEACH 37 STREET,Rockaway Beach Boulevard,Beach Channel Drive,EB,2025,5,2025-05-01,After congestion pricing,Weekend,Overnight (00-05),3.42,13.7,7,24,1,1
57986_40.595534_-73.769643_EB,57986,40.595534,-73.769643,Queens,BEACH 37 STREET,Rockaway Beach Boulevard,Beach Channel Drive,EB,2025,5,2025-05-01,After congestion pricing,Weekend,PM peak (16-19),27.12,108.5,41,16,1,1
142655_40.694345_-73.998875_NB,142655,40.694345,-73.998875,Brooklyn,BROOKLYN QUEENS EXPRESSWAY,Joralemon Street,Dead end,NB,2025,5,2025-05-01,After congestion pricing,Weekday,AM peak (06-09),791.90,3167.6,863,80,5,1
142655_40.694345_-73.998875_NB,142655,40.694345,-73.998875,Brooklyn,BROOKLYN QUEENS EXPRESSWAY,Joralemon Street,Dead end,NB,2025,5,2025-05-01,After congestion pricing,Weekend,AM peak (06-09),756.84,3027.4,888,64,4,1
142655_40.694345_-73.998875_NB,142655,40.694345,-73.998875,Brooklyn,BROOKLYN QUEENS EXPRESSWAY,Joralemon Street,Dead end,NB,2025,5,2025-05-01,After congestion pricing,Weekday,Evening (20-23),700.19,2800.8,829,80,5,1
142655_40.694345_-73.998875_NB,142655,40.694345,-73.998875,Brooklyn,BROOKLYN QUEENS EXPRESSWAY,Joralemon Street,Dead end,NB,2025,5,2025-05-01,After congestion pricing,Weekend,Evening (20-23),709.28,2837.1,796,64,4,1
142655_40.694345_-73.998875_NB,142655,40.694345,-73.998875,Brooklyn,BROOKLYN QUEENS EXPRESSWAY,Joralemon Street,Dead end,NB,2025,5,2025-05-01,After congestion pricing,Weekday,Midday (10-15),682.39,2729.6,826,120,5,1
142655_40.694345_-73.998875_NB,142655,40.694345,-73.998875,Brooklyn,BROOKLYN QUEENS EXPRESSWAY,Joralemon Street,Dead end,NB,2025,5,2025-05-01,After congestion pricing,Weekend,Midday (10-15),779.17,3116.7,826,96,4,1
142655_40.694345_-73.998875_NB,142655,40.694345,-73.998875,Brooklyn,BROOKLYN QUEENS EXPRESSWAY,Joralemon Street,Dead end,NB,2025,5,2025-05-01,After congestion pricing,Weekday,Overnight (00-05),431.82,1727.3,928,120,5,1
142655_40.694345_-73.998875_NB,142655,40.694345,-73.998875,Brooklyn,BROOKLYN QUEENS EXPRESSWAY,Joralemon Street,Dead end,NB,2025,5,2025-05-01,After congestion pricing,Weekend,Overnight (00-05),433.09,1732.4,755,96,4,1
142655_40.694345_-73.998875_NB,142655,40.694345,-73.998875,Brooklyn,BROOKLYN QUEENS EXPRESSWAY,Joralemon Street,Dead end,NB,2025,5,2025-05-01,After congestion pricing,Weekday,PM peak (16-19),723.89,2895.6,862,80,5,1
142655_40.694345_-73.998875_NB,142655,40.694345,-73.998875,Brooklyn,BROOKLYN QUEENS EXPRESSWAY,Joralemon Street,Dead end,NB,2025,5,2025-05-01,After congestion pricing,Weekend,PM peak (16-19),764.34,3057.4,828,64,4,1
142657_40.694391_-73.998974_SB,142657,40.694391,-73.998974,Brooklyn,BROOKLYN QUEENS EXPRESSWAY,Dead end,Joralemon Street,SB,2025,5,2025-05-01,After congestion pricing,Weekday,AM peak (06-09),809.08,3236.3,904,80,5,1
142657_40.694391_-73.998974_SB,142657,40.694391,-73.998974,Brooklyn,BROOKLYN QUEENS EXPRESSWAY,Dead end,Joralemon Street,SB,2025,5,2025-05-01,After congestion pricing,Weekend,AM peak (06-09),610.59,2442.4,880,64,4,1
142657_40.694391_-73.998974_SB,142657,40.694391,-73.998974,Brooklyn,BROOKLYN QUEENS EXPRESSWAY,Dead end,Joralemon Street,SB,2025,5,2025-05-01,After congestion pricing,Weekday,Evening (20-23),758.64,3034.6,859,80,5,1
142657_40.694391_-73.998974_SB,142657,40.694391,-73.998974,Brooklyn,BROOKLYN QUEENS EXPRESSWAY,Dead end,Joralemon Street,SB,2025,5,2025-05-01,After congestion pricing,Weekend,Evening (20-23),794.61,3178.4,928,64,4,1
142657_40.694391_-73.998974_SB,142657,40.694391,-73.998974,Brooklyn,BROOKLYN QUEENS EXPRESSWAY,Dead end,Joralemon Street,SB,2025,5,2025-05-01,After congestion pricing,Weekday,Midday (10-15),794.72,3178.9,901,120,5,1
142657_40.694391_-73.998974_SB,142657,40.694391,-73.998974,Brooklyn,BROOKLYN QUEENS EXPRESSWAY,Dead end,Joralemon Street,SB,2025,5,2025-05-01,After congestion pricing,Weekend,Midday (10-15),629.59,2518.4,892,96,4,1
142657_40.694391_-73.998974_SB,142657,40.694391,-73.998974,Brooklyn,BROOKLYN QUEENS EXPRESSWAY,Dead end,Joralemon Street,SB,2025,5,2025-05-01,After congestion pricing,Weekday,Overnight (00-05),415.07,1660.3,811,120,5,1
142657_40.694391_-73.998974_SB,142657,40.694391,-73.998974,Brooklyn,BROOKLYN QUEENS EXPRESSWAY,Dead end,Joralemon Street,SB,2025,5,2025-05-01,After congestion pricing,Weekend,Overnight (00-05),552.79,2211.2,828,96,4,1
142657_40.694391_-73.998974_SB,142657,40.694391,-73.998974,Brooklyn,BROOKLYN QUEENS EXPRESSWAY,Dead end,Joralemon Street,SB,2025,5,2025-05-01,After congestion pricing,Weekday,PM peak (16-19),833.74,3334.9,907,80,5,1
142657_40.694391_-73.998974_SB,142657,40.694391,-73.998974,Brooklyn,BROOKLYN QUEENS EXPRESSWAY,Dead end,Joralemon Street,SB,2025,5,2025-05-01,After congestion pricing,Weekend,PM peak (16-19),791.72,3166.9,889,64,4,1
70493_40.804047_-73.907227_EB,70493,40.804047,-73.907227,Bronx,EAST 140 STREET,Amtrak-hellgate Line,Walnut Avenue,EB,2025,5,2025-05-01,After congestion pricing,Weekday,AM peak (06-09),49.02,196.1,60,80,5,1
70493_40.804047_-73.907227_EB,70493,40.804047,-73.907227,Bronx,EAST 140 STREET,Amtrak-hellgate Line,Walnut Avenue,EB,2025,5,2025-05-01,After congestion pricing,Weekend,AM peak (06-09),17.91,71.6,33,32,2,1
70493_40.804047_-73.907227_EB,70493,40.804047,-73.907227,Bronx,EAST 140 STREET,Amtrak-hellgate Line,Walnut Avenue,EB,2025,5,2025-05-01,After congestion pricing,Weekday,Evening (20-23),13.32,53.3,22,80,5,1
70493_40.804047_-73.907227_EB,70493,40.804047,-73.907227,Bronx,EAST 140 STREET,Amtrak-hellgate Line,Walnut Avenue,EB,2025,5,2025-05-01,After congestion pricing,Weekend,Evening (20-23),19.50,78.0,30,32,2,1
70493_40.804047_-73.907227_EB,70493,40.804047,-73.907227,Bronx,EAST 140 STREET,Amtrak-hellgate Line,Walnut Avenue,EB,2025,5,2025-05-01,After congestion pricing,Weekday,Midday (10-15),45.92,183.7,61,120,5,1
70493_40.804047_-73.907227_EB,70493,40.804047,-73.907227,Bronx,EAST 140 STREET,Amtrak-hellgate Line,Walnut Avenue,EB,2025,5,2025-05-01,After congestion pricing,Weekend,Midday (10-15),38.00,152.0,59,48,2,1
70493_40.804047_-73.907227_EB,70493,40.804047,-73.907227,Bronx,EAST 140 STREET,Amtrak-hellgate Line,Walnut Avenue,EB,2025,5,2025-05-01,After congestion pricing,Weekday,Overnight (00-05),12.14,48.6,48,120,5,1
70493_40.804047_-73.907227_EB,70493,40.804047,-73.907227,Bronx,EAST 140 STREET,Amtrak-hellgate Line,Walnut Avenue,EB,2025,5,2025-05-01,After congestion pricing,Weekend,Overnight (00-05),7.94,31.8,23,48,2,1
70493_40.804047_-73.907227_EB,70493,40.804047,-73.907227,Bronx,EAST 140 STREET,Amtrak-hellgate Line,Walnut Avenue,EB,2025,5,2025-05-01,After congestion pricing,Weekday,PM peak (16-19),27.30,109.2,54,80,5,1
70493_40.804047_-73.907227_EB,70493,40.804047,-73.907227,Bronx,EAST 140 STREET,Amtrak-hellgate Line,Walnut Avenue,EB,2025,5,2025-05-01,After congestion pricing,Weekend,PM peak (16-19),46.56,186.2,60,32,2,1
70496_40.805254_-73.907743_WB,70496,40.805254,-73.907743,Bronx,EAST 141 STREET,Amtrak-hellgate Line,Walnut Avenue,WB,2025,5,2025-05-01,After congestion pricing,Weekday,AM peak (06-09),30.06,120.2,48,80,5,1
70496_40.805254_-73.907743_WB,70496,40.805254,-73.907743,Bronx,EAST 141 STREET,Amtrak-hellgate Line,Walnut Avenue,WB,2025,5,2025-05-01,After congestion pricing,Weekend,AM peak (06-09),11.44,45.8,24,32,2,1
70496_40.805254_-73.907743_WB,70496,40.805254,-73.907743,Bronx,EAST 141 STREET,Amtrak-hellgate Line,Walnut Avenue,WB,2025,5,2025-05-01,After congestion pricing,Weekday,Evening (20-23),9.64,38.5,21,80,5,1
70496_40.805254_-73.907743_WB,70496,40.805254,-73.907743,Bronx,EAST 141 STREET,Amtrak-hellgate Line,Walnut Avenue,WB,2025,5,2025-05-01,After congestion pricing,Weekend,Evening (20-23),10.84,43.4,24,32,2,1
70496_40.805254_-73.907743_WB,70496,40.805254,-73.907743,Bronx,EAST 141 STREET,Amtrak-hellgate Line,Walnut Avenue,WB,2025,5,2025-05-01,After congestion pricing,Weekday,Midday (10-15),37.27,149.1,69,120,5,1
70496_40.805254_-73.907743_WB,70496,40.805254,-73.907743,Bronx,EAST 141 STREET,Amtrak-hellgate Line,Walnut Avenue,WB,2025,5,2025-05-01,After congestion pricing,Weekend,Midday (10-15),19.23,76.9,38,48,2,1
70496_40.805254_-73.907743_WB,70496,40.805254,-73.907743,Bronx,EAST 141 STREET,Amtrak-hellgate Line,Walnut Avenue,WB,2025,5,2025-05-01,After congestion pricing,Weekday,Overnight (00-05),5.38,21.5,22,120,5,1
70496_40.805254_-73.907743_WB,70496,40.805254,-73.907743,Bronx,EAST 141 STREET,Amtrak-hellgate Line,Walnut Avenue,WB,2025,5,2025-05-01,After congestion pricing,Weekend,Overnight (00-05),6.15,24.6,14,48,2,1
70496_40.805254_-73.907743_WB,70496,40.805254,-73.907743,Bronx,EAST 141 STREET,Amtrak-hellgate Line,Walnut Avenue,WB,2025,5,2025-05-01,After congestion pricing,Weekday,PM peak (16-19),46.26,185.1,70,80,5,1
70496_40.805254_-73.907743_WB,70496,40.805254,-73.907743,Bronx,EAST 141 STREET,Amtrak-hellgate Line,Walnut Avenue,WB,2025,5,2025-05-01,After congestion pricing,Weekend,PM peak (16-19),20.34,81.4,34,32,2,1
170971_40.659708_-73.773748_SB,170971,40.659708,-73.773748,Queens,FARMERS BOULEVARD,Dead End,Nassau Expressway,SB,2025,5,2025-05-01,After congestion pricing,Weekday,AM peak (06-09),74.31,297.2,116,32,2,1
170971_40.659708_-73.773748_NB,170971,40.659708,-73.773748,Queens,FARMERS BOULEVARD,Dead End,Nassau Expressway,NB,2025,5,2025-05-01,After congestion pricing,Weekday,AM peak (06-09),62.06,248.2,91,32,2,1
170971_40.659708_-73.773748_SB,170971,40.659708,-73.773748,Queens,FARMERS BOULEVARD,Dead End,Nassau Expressway,SB,2025,5,2025-05-01,After congestion pricing,Weekday,Evening (20-23),27.09,108.4,39,32,2,1
170971_40.659708_-73.773748_NB,170971,40.659708,-73.773748,Queens,FARMERS BOULEVARD,Dead End,Nassau Expressway,NB,2025,5,2025-05-01,After congestion pricing,Weekday,Evening (20-23),33.56,134.2,57,32,2,1
170971_40.659708_-73.773748_SB,170971,40.659708,-73.773748,Queens,FARMERS BOULEVARD,Dead End,Nassau Expressway,SB,2025,5,2025-05-01,After congestion pricing,Weekday,Midday (10-15),64.23,256.9,86,48,2,1
170971_40.659708_-73.773748_NB,170971,40.659708,-73.773748,Queens,FARMERS BOULEVARD,Dead End,Nassau Expressway,NB,2025,5,2025-05-01,After congestion pricing,Weekday,Midday (10-15),101.23,404.9,214,48,2,1
170971_40.659708_-73.773748_SB,170971,40.659708,-73.773748,Queens,FARMERS BOULEVARD,Dead End,Nassau Expressway,SB,2025,5,2025-05-01,After congestion pricing,Weekday,Overnight (00-05),16.96,67.8,69,48,2,1
170971_40.659708_-73.773748_NB,170971,40.659708,-73.773748,Queens,FARMERS BOULEVARD,Dead End,Nassau Expressway,NB,2025,5,2025-05-01,After congestion pricing,Weekday,Overnight (00-05),16.52,66.1,36,48,2,1
170971_40.659708_-73.773748_SB,170971,40.659708,-73.773748,Queens,FARMERS BOULEVARD,Dead End,Nassau Expressway,SB,2025,5,2025-05-01,After congestion pricing,Weekday,PM peak (16-19),59.31,237.2,79,32,2,1
170971_40.659708_-73.773748_NB,170971,40.659708,-73.773748,Queens,FARMERS BOULEVARD,Dead End,Nassau Expressway,NB,2025,5,2025-05-01,After congestion pricing,Weekday,PM peak (16-19),110.25,441.0,175,32,2,1
195025_40.666820_-73.995561_WB,195025,40.666820,-73.995561,Brooklyn,GOWANUS EXPRESSWAY EXIT 24 WB,Gowanus Expwy Wb En Prospect Ave,3 Avenue,WB,2025,5,2025-05-01,After congestion pricing,Weekday,AM peak (06-09),92.92,371.7,159,80,5,1
195025_40.666820_-73.995561_EB,195025,40.666820,-73.995561,Brooklyn,GOWANUS EXPRESSWAY EXIT 24 WB,Gowanus Expwy Wb En Prospect Ave,3 Avenue,EB,2025,5,2025-05-01,After congestion pricing,Weekday,AM peak (06-09),259.64,1038.5,336,80,5,1
195025_40.666820_-73.995561_EB,195025,40.666820,-73.995561,Brooklyn,GOWANUS EXPRESSWAY EXIT 24 WB,Gowanus Expwy Wb En Prospect Ave,3 Avenue,EB,2025,5,2025-05-01,After congestion pricing,Weekend,AM peak (06-09),184.38,737.5,319,64,4,1
195025_40.666820_-73.995561_WB,195025,40.666820,-73.995561,Brooklyn,GOWANUS EXPRESSWAY EXIT 24 WB,Gowanus Expwy Wb En Prospect Ave,3 Avenue,WB,2025,5,2025-05-01,After congestion pricing,Weekend,AM peak (06-09),0.00,0.0,0,64,4,1
195025_40.666820_-73.995561_WB,195025,40.666820,-73.995561,Brooklyn,GOWANUS EXPRESSWAY EXIT 24 WB,Gowanus Expwy Wb En Prospect Ave,3 Avenue,WB,2025,5,2025-05-01,After congestion pricing,Weekday,Evening (20-23),0.05,0.2,3,80,5,1
195025_40.666820_-73.995561_EB,195025,40.666820,-73.995561,Brooklyn,GOWANUS EXPRESSWAY EXIT 24 WB,Gowanus Expwy Wb En Prospect Ave,3 Avenue,EB,2025,5,2025-05-01,After congestion pricing,Weekday,Evening (20-23),426.76,1707.0,642,80,5,1
195025_40.666820_-73.995561_EB,195025,40.666820,-73.995561,Brooklyn,GOWANUS EXPRESSWAY EXIT 24 WB,Gowanus Expwy Wb En Prospect Ave,3 Avenue,EB,2025,5,2025-05-01,After congestion pricing,Weekend,Evening (20-23),399.64,1598.6,551,64,4,1
195025_40.666820_-73.995561_WB,195025,40.666820,-73.995561,Brooklyn,GOWANUS EXPRESSWAY EXIT 24 WB,Gowanus Expwy Wb En Prospect Ave,3 Avenue,WB,2025,5,2025-05-01,After congestion pricing,Weekend,Evening (20-23),0.14,0.6,4,64,4,1
195025_40.666820_-73.995561_WB,195025,40.666820,-73.995561,Brooklyn,GOWANUS EXPRESSWAY EXIT 24 WB,Gowanus Expwy Wb En Prospect Ave,3 Avenue,WB,2025,5,2025-05-01,After congestion pricing,Weekday,Midday (10-15),0.28,1.1,13,120,5,1
195025_40.666820_-73.995561_EB,195025,40.666820,-73.995561,Brooklyn,GOWANUS EXPRESSWAY EXIT 24 WB,Gowanus Expwy Wb En Prospect Ave,3 Avenue,EB,2025,5,2025-05-01,After congestion pricing,Weekday,Midday (10-15),374.14,1496.6,499,120,5,1
195025_40.666820_-73.995561_EB,195025,40.666820,-73.995561,Brooklyn,GOWANUS EXPRESSWAY EXIT 24 WB,Gowanus Expwy Wb En Prospect Ave,3 Avenue,EB,2025,5,2025-05-01,After congestion pricing,Weekend,Midday (10-15),262.20,1048.8,535,96,4,1
195025_40.666820_-73.995561_WB,195025,40.666820,-73.995561,Brooklyn,GOWANUS EXPRESSWAY EXIT 24 WB,Gowanus Expwy Wb En Prospect Ave,3 Avenue,WB,2025,5,2025-05-01,After congestion pricing,Weekend,Midday (10-15),0.00,0.0,0,96,4,1
195025_40.666820_-73.995561_WB,195025,40.666820,-73.995561,Brooklyn,GOWANUS EXPRESSWAY EXIT 24 WB,Gowanus Expwy Wb En Prospect Ave,3 Avenue,WB,2025,5,2025-05-01,After congestion pricing,Weekday,Overnight (00-05),1.54,6.2,43,120,5,1
195025_40.666820_-73.995561_EB,195025,40.666820,-73.995561,Brooklyn,GOWANUS EXPRESSWAY EXIT 24 WB,Gowanus Expwy Wb En Prospect Ave,3 Avenue,EB,2025,5,2025-05-01,After congestion pricing,Weekday,Overnight (00-05),163.45,653.8,552,120,5,1
195025_40.666820_-73.995561_EB,195025,40.666820,-73.995561,Brooklyn,GOWANUS EXPRESSWAY EXIT 24 WB,Gowanus Expwy Wb En Prospect Ave,3 Avenue,EB,2025,5,2025-05-01,After congestion pricing,Weekend,Overnight (00-05),248.93,995.7,546,96,4,1
195025_40.666820_-73.995561_WB,195025,40.666820,-73.995561,Brooklyn,GOWANUS EXPRESSWAY EXIT 24 WB,Gowanus Expwy Wb En Prospect Ave,3 Avenue,WB,2025,5,2025-05-01,After congestion pricing,Weekend,Overnight (00-05),0.00,0.0,0,96,4,1
195025_40.666820_-73.995561_WB,195025,40.666820,-73.995561,Brooklyn,GOWANUS EXPRESSWAY EXIT 24 WB,Gowanus Expwy Wb En Prospect Ave,3 Avenue,WB,2025,5,2025-05-01,After congestion pricing,Weekday,PM peak (16-19),0.01,0.1,1,80,5,1
195025_40.666820_-73.995561_EB,195025,40.666820,-73.995561,Brooklyn,GOWANUS EXPRESSWAY EXIT 24 WB,Gowanus Expwy Wb En Prospect Ave,3 Avenue,EB,2025,5,2025-05-01,After congestion pricing,Weekday,PM peak (16-19),491.71,1966.8,593,80,5,1
195025_40.666820_-73.995561_EB,195025,40.666820,-73.995561,Brooklyn,GOWANUS EXPRESSWAY EXIT 24 WB,Gowanus Expwy Wb En Prospect Ave,3 Avenue,EB,2025,5,2025-05-01,After congestion pricing,Weekend,PM peak (16-19),410.30,1641.2,539,64,4,1
195025_40.666820_-73.995561_WB,195025,40.666820,-73.995561,Brooklyn,GOWANUS EXPRESSWAY EXIT 24 WB,Gowanus Expwy Wb En Prospect Ave,3 Avenue,WB,2025,5,2025-05-01,After congestion pricing,Weekend,PM peak (16-19),0.02,0.1,1,64,4,1
77174_40.803362_-73.906058_SB,77174,40.803362,-73.906058,Bronx,LOCUST AVENUE,East 139 Street,East 140 Street,SB,2025,5,2025-05-01,After congestion pricing,Weekday,AM peak (06-09),6.91,27.6,13,80,5,1
77174_40.803362_-73.906058_NB,77174,40.803362,-73.906058,Bronx,LOCUST AVENUE,East 139 Street,East 140 Street,NB,2025,5,2025-05-01,After congestion pricing,Weekday,AM peak (06-09),3.54,14.2,8,80,5,1
77174_40.803362_-73.906058_SB,77174,40.803362,-73.906058,Bronx,LOCUST AVENUE,East 139 Street,East 140 Street,SB,2025,5,2025-05-01,After congestion pricing,Weekend,AM peak (06-09),1.53,6.1,5,32,2,1
77174_40.803362_-73.906058_NB,77174,40.803362,-73.906058,Bronx,LOCUST AVENUE,East 139 Street,East 140 Street,NB,2025,5,2025-05-01,After congestion pricing,Weekend,AM peak (06-09),1.19,4.8,4,32,2,1
77174_40.803362_-73.906058_SB,77174,40.803362,-73.906058,Bronx,LOCUST AVENUE,East 139 Street,East 140 Street,SB,2025,5,2025-05-01,After congestion pricing,Weekday,Evening (20-23),2.16,8.7,7,80,5,1
77174_40.803362_-73.906058_NB,77174,40.803362,-73.906058,Bronx,LOCUST AVENUE,East 139 Street,East 140 Street,NB,2025,5,2025-05-01,After congestion pricing,Weekday,Evening (20-23),0.95,3.8,4,80,5,1
77174_40.803362_-73.906058_NB,77174,40.803362,-73.906058,Bronx,LOCUST AVENUE,East 139 Street,East 140 Street,NB,2025,5,2025-05-01,After congestion pricing,Weekend,Evening (20-23),0.91,3.6,4,32,2,1
77174_40.803362_-73.906058_SB,77174,40.803362,-73.906058,Bronx,LOCUST AVENUE,East 139 Street,East 140 Street,SB,2025,5,2025-05-01,After congestion pricing,Weekend,Evening (20-23),1.72,6.9,8,32,2,1
77174_40.803362_-73.906058_SB,77174,40.803362,-73.906058,Bronx,LOCUST AVENUE,East 139 Street,East 140 Street,SB,2025,5,2025-05-01,After congestion pricing,Weekday,Midday (10-15),6.48,25.9,13,120,5,1
77174_40.803362_-73.906058_NB,77174,40.803362,-73.906058,Bronx,LOCUST AVENUE,East 139 Street,East 140 Street,NB,2025,5,2025-05-01,After congestion pricing,Weekday,Midday (10-15),4.08,16.3,9,120,5,1
77174_40.803362_-73.906058_NB,77174,40.803362,-73.906058,Bronx,LOCUST AVENUE,East 139 Street,East 140 Street,NB,2025,5,2025-05-01,After congestion pricing,Weekend,Midday (10-15),2.54,10.2,10,48,2,1
77174_40.803362_-73.906058_SB,77174,40.803362,-73.906058,Bronx,LOCUST AVENUE,East 139 Street,East 140 Street,SB,2025,5,2025-05-01,After congestion pricing,Weekend,Midday (10-15),3.25,13.0,14,48,2,1
77174_40.803362_-73.906058_SB,77174,40.803362,-73.906058,Bronx,LOCUST AVENUE,East 139 Street,East 140 Street,SB,2025,5,2025-05-01,After congestion pricing,Weekday,Overnight (00-05),2.77,11.1,11,120,5,1
77174_40.803362_-73.906058_NB,77174,40.803362,-73.906058,Bronx,LOCUST AVENUE,East 139 Street,East 140 Street,NB,2025,5,2025-05-01,After congestion pricing,Weekday,Overnight (00-05),1.39,5.6,6,120,5,1
77174_40.803362_-73.906058_SB,77174,40.803362,-73.906058,Bronx,LOCUST AVENUE,East 139 Street,East 140 Street,SB,2025,5,2025-05-01,After congestion pricing,Weekend,Overnight (00-05),1.29,5.2,5,48,2,1
77174_40.803362_-73.906058_NB,77174,40.803362,-73.906058,Bronx,LOCUST AVENUE,East 139 Street,East 140 Street,NB,2025,5,2025-05-01,After congestion pricing,Weekend,Overnight (00-05),0.98,3.9,6,48,2,1
77174_40.803362_-73.906058_SB,77174,40.803362,-73.906058,Bronx,LOCUST AVENUE,East 139 Street,East 140 Street,SB,2025,5,2025-05-01,After congestion pricing,Weekday,PM peak (16-19),3.76,15.1,9,80,5,1
77174_40.803362_-73.906058_NB,77174,40.803362,-73.906058,Bronx,LOCUST AVENUE,East 139 Street,East 140 Street,NB,2025,5,2025-05-01,After congestion pricing,Weekday,PM peak (16-19),5.79,23.1,16,80,5,1
77174_40.803362_-73.906058_NB,77174,40.803362,-73.906058,Bronx,LOCUST AVENUE,East 139 Street,East 140 Street,NB,2025,5,2025-05-01,After congestion pricing,Weekend,PM peak (16-19),4.12,16.5,9,32,2,1
77174_40.803362_-73.906058_SB,77174,40.803362,-73.906058,Bronx,LOCUST AVENUE,East 139 Street,East 140 Street,SB,2025,5,2025-05-01,After congestion pricing,Weekend,PM peak (16-19),4.72,18.9,13,32,2,1
87111_40.846396_-73.843243_WB,87111,40.846396,-73.843243,Bronx,WATERS PLACE,Marconi Street,Eastchester Road,WB,2025,5,2025-05-01,After congestion pricing,Weekday,AM peak (06-09),146.06,584.2,193,32,2,1
87111_40.846396_-73.843243_EB,87111,40.846396,-73.843243,Bronx,WATERS PLACE,Marconi Street,Eastchester Road,EB,2025,5,2025-05-01,After congestion pricing,Weekday,AM peak (06-09),126.25,505.0,180,32,2,1
87111_40.846396_-73.843243_WB,87111,40.846396,-73.843243,Bronx,WATERS PLACE,Marconi Street,Eastchester Road,WB,2025,5,2025-05-01,After congestion pricing,Weekday,Evening (20-23),50.88,203.5,81,32,2,1
87111_40.846396_-73.843243_EB,87111,40.846396,-73.843243,Bronx,WATERS PLACE,Marconi Street,Eastchester Road,EB,2025,5,2025-05-01,After congestion pricing,Weekday,Evening (20-23),55.94,223.8,93,32,2,1
87111_40.846396_-73.843243_WB,87111,40.846396,-73.843243,Bronx,WATERS PLACE,Marconi Street,Eastchester Road,WB,2025,5,2025-05-01,After congestion pricing,Weekday,Midday (10-15),158.69,634.8,190,48,2,1
87111_40.846396_-73.843243_EB,87111,40.846396,-73.843243,Bronx,WATERS PLACE,Marconi Street,Eastchester Road,EB,2025,5,2025-05-01,After congestion pricing,Weekday,Midday (10-15),130.98,523.9,164,48,2,1
87111_40.846396_-73.843243_EB,87111,40.846396,-73.843243,Bronx,WATERS PLACE,Marconi Street,Eastchester Road,EB,2025,5,2025-05-01,After congestion pricing,Weekday,Overnight (00-05),19.31,77.2,60,48,2,1
87111_40.846396_-73.843243_WB,87111,40.846396,-73.843243,Bronx,WATERS PLACE,Marconi Street,Eastchester Road,WB,2025,5,2025-05-01,After congestion pricing,Weekday,Overnight (00-05),14.56,58.2,67,48,2,1
87111_40.846396_-73.843243_WB,87111,40.846396,-73.843243,Bronx,WATERS PLACE,Marconi Street,Eastchester Road,WB,2025,5,2025-05-01,After congestion pricing,Weekday,PM peak (16-19),138.44,553.8,181,32,2,1
87111_40.846396_-73.843243_EB,87111,40.846396,-73.843243,Bronx,WATERS PLACE,Marconi Street,Eastchester Road,EB,2025,5,2025-05-01,After congestion pricing,Weekday,PM peak (16-19),105.62,422.5,140,32,2,1
16937_40.624337_-74.030704_SB,16937,40.624337,-74.030704,Brooklyn,3 AVENUE,84 Street,85 Street,SB,2025,6,2025-06-01,After congestion pricing,Weekday,AM peak (06-09),39.69,158.8,75,80,5,1
16937_40.624337_-74.030704_NB,16937,40.624337,-74.030704,Brooklyn,3 AVENUE,84 Street,85 Street,NB,2025,6,2025-06-01,After congestion pricing,Weekday,AM peak (06-09),61.25,245.0,93,16,1,1
16937_40.624337_-74.030704_NB,16937,40.624337,-74.030704,Brooklyn,3 AVENUE,84 Street,85 Street,NB,2025,6,2025-06-01,After congestion pricing,Weekend,AM peak (06-09),31.34,125.4,63,32,2,1
16937_40.624337_-74.030704_SB,16937,40.624337,-74.030704,Brooklyn,3 AVENUE,84 Street,85 Street,SB,2025,6,2025-06-01,After congestion pricing,Weekend,AM peak (06-09),27.19,108.8,60,64,4,1
16937_40.624337_-74.030704_SB,16937,40.624337,-74.030704,Brooklyn,3 AVENUE,84 Street,85 Street,SB,2025,6,2025-06-01,After congestion pricing,Weekday,Evening (20-23),42.95,171.8,76,80,5,1
16937_40.624337_-74.030704_NB,16937,40.624337,-74.030704,Brooklyn,3 AVENUE,84 Street,85 Street,NB,2025,6,2025-06-01,After congestion pricing,Weekday,Evening (20-23),35.00,140.0,61,16,1,1
16937_40.624337_-74.030704_NB,16937,40.624337,-74.030704,Brooklyn,3 AVENUE,84 Street,85 Street,NB,2025,6,2025-06-01,After congestion pricing,Weekend,Evening (20-23),43.06,172.2,65,32,2,1
16937_40.624337_-74.030704_SB,16937,40.624337,-74.030704,Brooklyn,3 AVENUE,84 Street,85 Street,SB,2025,6,2025-06-01,After congestion pricing,Weekend,Evening (20-23),38.53,154.1,63,64,4,1
16937_40.624337_-74.030704_SB,16937,40.624337,-74.030704,Brooklyn,3 AVENUE,84 Street,85 Street,SB,2025,6,2025-06-01,After congestion pricing,Weekday,Midday (10-15),72.60,290.4,98,120,5,1
16937_40.624337_-74.030704_NB,16937,40.624337,-74.030704,Brooklyn,3 AVENUE,84 Street,85 Street,NB,2025,6,2025-06-01,After congestion pricing,Weekday,Midday (10-15),63.12,252.5,84,24,1,1
16937_40.624337_-74.030704_NB,16937,40.624337,-74.030704,Brooklyn,3 AVENUE,84 Street,85 Street,NB,2025,6,2025-06-01,After congestion pricing,Weekend,Midday (10-15),65.06,260.2,84,48,2,1
16937_40.624337_-74.030704_SB,16937,40.624337,-74.030704,Brooklyn,3 AVENUE,84 Street,85 Street,SB,2025,6,2025-06-01,After congestion pricing,Weekend,Midday (10-15),67.23,268.9,101,96,4,1
16937_40.624337_-74.030704_SB,16937,40.624337,-74.030704,Brooklyn,3 AVENUE,84 Street,85 Street,SB,2025,6,2025-06-01,After congestion pricing,Weekday,Overnight (00-05),7.42,29.7,22,120,5,1
16937_40.624337_-74.030704_NB,16937,40.624337,-74.030704,Brooklyn,3 AVENUE,84 Street,85 Street,NB,2025,6,2025-06-01,After congestion pricing,Weekday,Overnight (00-05),7.38,29.5,22,24,1,1
16937_40.624337_-74.030704_NB,16937,40.624337,-74.030704,Brooklyn,3 AVENUE,84 Street,85 Street,NB,2025,6,2025-06-01,After congestion pricing,Weekend,Overnight (00-05),11.94,47.8,32,48,2,1
16937_40.624337_-74.030704_SB,16937,40.624337,-74.030704,Brooklyn,3 AVENUE,84 Street,85 Street,SB,2025,6,2025-06-01,After congestion pricing,Weekend,Overnight (00-05),13.48,53.9,49,96,4,1
16937_40.624337_-74.030704_SB,16937,40.624337,-74.030704,Brooklyn,3 AVENUE,84 Street,85 Street,SB,2025,6,2025-06-01,After congestion pricing,Weekday,PM peak (16-19),79.81,319.2,101,80,5,1
16937_40.624337_-74.030704_NB,16937,40.624337,-74.030704,Brooklyn,3 AVENUE,84 Street,85 Street,NB,2025,6,2025-06-01,After congestion pricing,Weekday,PM peak (16-19),60.62,242.5,79,16,1,1
16937_40.624337_-74.030704_NB,16937,40.624337,-74.030704,Brooklyn,3 AVENUE,84 Street,85 Street,NB,2025,6,2025-06-01,After congestion pricing,Weekend,PM peak (16-19),59.22,236.9,77,32,2,1
16937_40.624337_-74.030704_SB,16937,40.624337,-74.030704,Brooklyn,3 AVENUE,84 Street,85 Street,SB,2025,6,2025-06-01,After congestion pricing,Weekend,PM peak (16-19),66.48,265.9,82,64,4,1
148076_40.695527_-73.988727_NB,148076,40.695527,-73.988727,Brooklyn,ADAMS STREET,Tillary Street,Johnson Street,NB,2025,6,2025-06-01,After congestion pricing,Weekday,AM peak (06-09),166.29,665.2,252,48,3,1
148076_40.695527_-73.988727_SB,148076,40.695527,-73.988727,Brooklyn,ADAMS STREET,Tillary Street,Johnson Street,SB,2025,6,2025-06-01,After congestion pricing,Weekday,AM peak (06-09),248.67,994.7,311,48,3,1
148076_40.695527_-73.988727_NB,148076,40.695527,-73.988727,Brooklyn,ADAMS STREET,Tillary Street,Johnson Street,NB,2025,6,2025-06-01,After congestion pricing,Weekend,AM peak (06-09),65.00,260.0,104,16,1,1
148076_40.695527_-73.988727_SB,148076,40.695527,-73.988727,Brooklyn,ADAMS STREET,Tillary Street,Johnson Street,SB,2025,6,2025-06-01,After congestion pricing,Weekend,AM peak (06-09),111.75,447.0,172,16,1,1
148076_40.695527_-73.988727_NB,148076,40.695527,-73.988727,Brooklyn,ADAMS STREET,Tillary Street,Johnson Street,NB,2025,6,2025-06-01,After congestion pricing,Weekday,Evening (20-23),115.27,461.1,173,48,3,1
148076_40.695527_-73.988727_SB,148076,40.695527,-73.988727,Brooklyn,ADAMS STREET,Tillary Street,Johnson Street,SB,2025,6,2025-06-01,After congestion pricing,Weekday,Evening (20-23),216.40,865.6,295,48,3,1
148076_40.695527_-73.988727_NB,148076,40.695527,-73.988727,Brooklyn,ADAMS STREET,Tillary Street,Johnson Street,NB,2025,6,2025-06-01,After congestion pricing,Weekend,Evening (20-23),88.69,354.8,115,16,1,1
148076_40.695527_-73.988727_SB,148076,40.695527,-73.988727,Brooklyn,ADAMS STREET,Tillary Street,Johnson Street,SB,2025,6,2025-06-01,After congestion pricing,Weekend,Evening (20-23),263.50,1054.0,305,16,1,1
148076_40.695527_-73.988727_NB,148076,40.695527,-73.988727,Brooklyn,ADAMS STREET,Tillary Street,Johnson Street,NB,2025,6,2025-06-01,After congestion pricing,Weekday,Midday (10-15),102.71,410.8,159,72,3,1
148076_40.695527_-73.988727_SB,148076,40.695527,-73.988727,Brooklyn,ADAMS STREET,Tillary Street,Johnson Street,SB,2025,6,2025-06-01,After congestion pricing,Weekday,Midday (10-15),251.32,1005.3,339,72,3,1
148076_40.695527_-73.988727_NB,148076,40.695527,-73.988727,Brooklyn,ADAMS STREET,Tillary Street,Johnson Street,NB,2025,6,2025-06-01,After congestion pricing,Weekend,Midday (10-15),125.17,500.7,156,24,1,1
148076_40.695527_-73.988727_SB,148076,40.695527,-73.988727,Brooklyn,ADAMS STREET,Tillary Street,Johnson Street,SB,2025,6,2025-06-01,After congestion pricing,Weekend,Midday (10-15),239.08,956.3,311,24,1,1
148076_40.695527_-73.988727_NB,148076,40.695527,-73.988727,Brooklyn,ADAMS STREET,Tillary Street,Johnson Street,NB,2025,6,2025-06-01,After congestion pricing,Weekday,Overnight (00-05),35.19,140.8,158,72,3,1
148076_40.695527_-73.988727_SB,148076,40.695527,-73.988727,Brooklyn,ADAMS STREET,Tillary Street,Johnson Street,SB,2025,6,2025-06-01,After congestion pricing,Weekday,Overnight (00-05),61.29,245.2,194,72,3,1
148076_40.695527_-73.988727_NB,148076,40.695527,-73.988727,Brooklyn,ADAMS STREET,Tillary Street,Johnson Street,NB,2025,6,2025-06-01,After congestion pricing,Weekend,Overnight (00-05),44.08,176.3,84,24,1,1
148076_40.695527_-73.988727_SB,148076,40.695527,-73.988727,Brooklyn,ADAMS STREET,Tillary Street,Johnson Street,SB,2025,6,2025-06-01,After congestion pricing,Weekend,Overnight (00-05),95.58,382.3,249,24,1,1
148076_40.695527_-73.988727_NB,148076,40.695527,-73.988727,Brooklyn,ADAMS STREET,Tillary Street,Johnson Street,NB,2025,6,2025-06-01,After congestion pricing,Weekday,PM peak (16-19),139.96,559.8,187,48,3,1
148076_40.695527_-73.988727_SB,148076,40.695527,-73.988727,Brooklyn,ADAMS STREET,Tillary Street,Johnson Street,SB,2025,6,2025-06-01,After congestion pricing,Weekday,PM peak (16-19),302.62,1210.5,355,48,3,1
148076_40.695527_-73.988727_NB,148076,40.695527,-73.988727,Brooklyn,ADAMS STREET,Tillary Street,Johnson Street,NB,2025,6,2025-06-01,After congestion pricing,Weekend,PM peak (16-19),128.12,512.5,150,16,1,1
148076_40.695527_-73.988727_SB,148076,40.695527,-73.988727,Brooklyn,ADAMS STREET,Tillary Street,Johnson Street,SB,2025,6,2025-06-01,After congestion pricing,Weekend,PM peak (16-19),278.19,1112.8,305,16,1,1
37101_40.783484_-73.978079_NB,37101,40.783484,-73.978079,Manhattan,AMSTERDAM AVENUE,West 79 Street,West 80 Street,NB,2025,6,2025-06-01,After congestion pricing,Weekday,AM peak (06-09),184.25,737.0,243,32,2,1
37101_40.783484_-73.978079_NB,37101,40.783484,-73.978079,Manhattan,AMSTERDAM AVENUE,West 79 Street,West 80 Street,NB,2025,6,2025-06-01,After congestion pricing,Weekday,Evening (20-23),182.72,730.9,234,32,2,1
37101_40.783484_-73.978079_NB,37101,40.783484,-73.978079,Manhattan,AMSTERDAM AVENUE,West 79 Street,West 80 Street,NB,2025,6,2025-06-01,After congestion pricing,Weekday,Midday (10-15),228.56,914.2,291,48,2,1
37101_40.783484_-73.978079_NB,37101,40.783484,-73.978079,Manhattan,AMSTERDAM AVENUE,West 79 Street,West 80 Street,NB,2025,6,2025-06-01,After congestion pricing,Weekday,Overnight (00-05),53.00,212.0,108,48,2,1
37101_40.783484_-73.978079_NB,37101,40.783484,-73.978079,Manhattan,AMSTERDAM AVENUE,West 79 Street,West 80 Street,NB,2025,6,2025-06-01,After congestion pricing,Weekday,PM peak (16-19),286.59,1146.4,343,32,2,1
57986_40.595534_-73.769643_EB,57986,40.595534,-73.769643,Queens,BEACH 37 STREET,Rockaway Beach Boulevard,Beach Channel Drive,EB,2025,6,2025-06-01,After congestion pricing,Weekday,AM peak (06-09),17.18,68.7,40,80,5,1
57986_40.595534_-73.769643_WB,57986,40.595534,-73.769643,Queens,BEACH 37 STREET,Rockaway Beach Boulevard,Beach Channel Drive,WB,2025,6,2025-06-01,After congestion pricing,Weekday,AM peak (06-09),19.69,78.8,29,16,1,1
57986_40.595534_-73.769643_EB,57986,40.595534,-73.769643,Queens,BEACH 37 STREET,Rockaway Beach Boulevard,Beach Channel Drive,EB,2025,6,2025-06-01,After congestion pricing,Weekend,AM peak (06-09),10.94,43.8,21,16,1,1
57986_40.595534_-73.769643_EB,57986,40.595534,-73.769643,Queens,BEACH 37 STREET,Rockaway Beach Boulevard,Beach Channel Drive,EB,2025,6,2025-06-01,After congestion pricing,Weekday,Evening (20-23),10.72,42.9,21,80,5,1
57986_40.595534_-73.769643_WB,57986,40.595534,-73.769643,Queens,BEACH 37 STREET,Rockaway Beach Boulevard,Beach Channel Drive,WB,2025,6,2025-06-01,After congestion pricing,Weekday,Evening (20-23),9.75,39.0,20,16,1,1
57986_40.595534_-73.769643_EB,57986,40.595534,-73.769643,Queens,BEACH 37 STREET,Rockaway Beach Boulevard,Beach Channel Drive,EB,2025,6,2025-06-01,After congestion pricing,Weekend,Evening (20-23),10.62,42.5,15,16,1,1
57986_40.595534_-73.769643_EB,57986,40.595534,-73.769643,Queens,BEACH 37 STREET,Rockaway Beach Boulevard,Beach Channel Drive,EB,2025,6,2025-06-01,After congestion pricing,Weekday,Midday (10-15),20.40,81.6,43,120,5,1
57986_40.595534_-73.769643_WB,57986,40.595534,-73.769643,Queens,BEACH 37 STREET,Rockaway Beach Boulevard,Beach Channel Drive,WB,2025,6,2025-06-01,After congestion pricing,Weekday,Midday (10-15),14.67,58.7,22,24,1,1
57986_40.595534_-73.769643_EB,57986,40.595534,-73.769643,Queens,BEACH 37 STREET,Rockaway Beach Boulevard,Beach Channel Drive,EB,2025,6,2025-06-01,After congestion pricing,Weekend,Midday (10-15),15.46,61.8,24,24,1,1
57986_40.595534_-73.769643_EB,57986,40.595534,-73.769643,Queens,BEACH 37 STREET,Rockaway Beach Boulevard,Beach Channel Drive,EB,2025,6,2025-06-01,After congestion pricing,Weekday,Overnight (00-05),3.41,13.6,10,120,5,1
57986_40.595534_-73.769643_WB,57986,40.595534,-73.769643,Queens,BEACH 37 STREET,Rockaway Beach Boulevard,Beach Channel Drive,WB,2025,6,2025-06-01,After congestion pricing,Weekday,Overnight (00-05),3.79,15.2,9,24,1,1
57986_40.595534_-73.769643_EB,57986,40.595534,-73.769643,Queens,BEACH 37 STREET,Rockaway Beach Boulevard,Beach Channel Drive,EB,2025,6,2025-06-01,After congestion pricing,Weekend,Overnight (00-05),3.75,15.0,8,24,1,1
57986_40.595534_-73.769643_EB,57986,40.595534,-73.769643,Queens,BEACH 37 STREET,Rockaway Beach Boulevard,Beach Channel Drive,EB,2025,6,2025-06-01,After congestion pricing,Weekday,PM peak (16-19),25.30,101.2,41,80,5,1
57986_40.595534_-73.769643_WB,57986,40.595534,-73.769643,Queens,BEACH 37 STREET,Rockaway Beach Boulevard,Beach Channel Drive,WB,2025,6,2025-06-01,After congestion pricing,Weekday,PM peak (16-19),15.62,62.5,20,16,1,1
57986_40.595534_-73.769643_EB,57986,40.595534,-73.769643,Queens,BEACH 37 STREET,Rockaway Beach Boulevard,Beach Channel Drive,EB,2025,6,2025-06-01,After congestion pricing,Weekend,PM peak (16-19),16.50,66.0,26,16,1,1
57972_40.595300_-73.770511_SB,57972,40.595300,-73.770511,Queens,BEACH 38 STREET,Beach Channel Drive,Rockaway Beach Boulevard,SB,2025,6,2025-06-01,After congestion pricing,Weekday,AM peak (06-09),10.75,43.0,18,16,1,1
57972_40.595300_-73.770511_SB,57972,40.595300,-73.770511,Queens,BEACH 38 STREET,Beach Channel Drive,Rockaway Beach Boulevard,SB,2025,6,2025-06-01,After congestion pricing,Weekday,Evening (20-23),6.75,27.0,15,16,1,1
57972_40.595300_-73.770511_SB,57972,40.595300,-73.770511,Queens,BEACH 38 STREET,Beach Channel Drive,Rockaway Beach Boulevard,SB,2025,6,2025-06-01,After congestion pricing,Weekday,Midday (10-15),7.46,29.8,12,24,1,1
57972_40.595300_-73.770511_SB,57972,40.595300,-73.770511,Queens,BEACH 38 STREET,Beach Channel Drive,Rockaway Beach Boulevard,SB,2025,6,2025-06-01,After congestion pricing,Weekday,Overnight (00-05),1.38,5.5,3,24,1,1
57972_40.595300_-73.770511_SB,57972,40.595300,-73.770511,Queens,BEACH 38 STREET,Beach Channel Drive,Rockaway Beach Boulevard,SB,2025,6,2025-06-01,After congestion pricing,Weekday,PM peak (16-19),10.44,41.8,15,16,1,1
57927_40.594673_-73.772875_NB,57927,40.594673,-73.772875,Queens,BEACH 41 STREET,Rockaway Beach Boulevard,Dead end,NB,2025,6,2025-06-01,After congestion pricing,Weekday,AM peak (06-09),3.69,14.8,9,16,1,1
57927_40.594673_-73.772875_NB,57927,40.594673,-73.772875,Queens,BEACH 41 STREET,Rockaway Beach Boulevard,Dead end,NB,2025,6,2025-06-01,After congestion pricing,Weekday,Evening (20-23),1.88,7.5,4,16,1,1
57927_40.594673_-73.772875_NB,57927,40.594673,-73.772875,Queens,BEACH 41 STREET,Rockaway Beach Boulevard,Dead end,NB,2025,6,2025-06-01,After congestion pricing,Weekday,Midday (10-15),3.33,13.3,6,24,1,1
57927_40.594673_-73.772875_NB,57927,40.594673,-73.772875,Queens,BEACH 41 STREET,Rockaway Beach Boulevard,Dead end,NB,2025,6,2025-06-01,After congestion pricing,Weekday,Overnight (00-05),0.50,2.0,2,24,1,1
57927_40.594673_-73.772875_NB,57927,40.594673,-73.772875,Queens,BEACH 41 STREET,Rockaway Beach Boulevard,Dead end,NB,2025,6,2025-06-01,After congestion pricing,Weekday,PM peak (16-19),2.94,11.8,5,16,1,1
157951_40.700495_-73.990750_NB,157951,40.700495,-73.990750,Brooklyn,CADMAN PLAZA WEST,Old Fulton Street,Brooklyn Bridge Exit Ramp,NB,2025,6,2025-06-01,After congestion pricing,Weekday,AM peak (06-09),432.94,1731.8,484,16,1,1
157951_40.700495_-73.990750_SB,157951,40.700495,-73.990750,Brooklyn,CADMAN PLAZA WEST,Old Fulton Street,Brooklyn Bridge Exit Ramp,SB,2025,6,2025-06-01,After congestion pricing,Weekday,AM peak (06-09),30.38,121.5,57,16,1,1
157951_40.700495_-73.990750_NB,157951,40.700495,-73.990750,Brooklyn,CADMAN PLAZA WEST,Old Fulton Street,Brooklyn Bridge Exit Ramp,NB,2025,6,2025-06-01,After congestion pricing,Weekday,Evening (20-23),412.88,1651.5,457,16,1,1
157951_40.700495_-73.990750_SB,157951,40.700495,-73.990750,Brooklyn,CADMAN PLAZA WEST,Old Fulton Street,Brooklyn Bridge Exit Ramp,SB,2025,6,2025-06-01,After congestion pricing,Weekday,Evening (20-23),16.25,65.0,26,16,1,1
157951_40.700495_-73.990750_NB,157951,40.700495,-73.990750,Brooklyn,CADMAN PLAZA WEST,Old Fulton Street,Brooklyn Bridge Exit Ramp,NB,2025,6,2025-06-01,After congestion pricing,Weekday,Midday (10-15),420.75,1683.0,485,24,1,1
157951_40.700495_-73.990750_SB,157951,40.700495,-73.990750,Brooklyn,CADMAN PLAZA WEST,Old Fulton Street,Brooklyn Bridge Exit Ramp,SB,2025,6,2025-06-01,After congestion pricing,Weekday,Midday (10-15),19.71,78.8,32,24,1,1
157951_40.700495_-73.990750_NB,157951,40.700495,-73.990750,Brooklyn,CADMAN PLAZA WEST,Old Fulton Street,Brooklyn Bridge Exit Ramp,NB,2025,6,2025-06-01,After congestion pricing,Weekday,Overnight (00-05),236.96,947.8,402,24,1,1
157951_40.700495_-73.990750_SB,157951,40.700495,-73.990750,Brooklyn,CADMAN PLAZA WEST,Old Fulton Street,Brooklyn Bridge Exit Ramp,SB,2025,6,2025-06-01,After congestion pricing,Weekday,Overnight (00-05),10.75,43.0,25,24,1,1
157951_40.700495_-73.990750_NB,157951,40.700495,-73.990750,Brooklyn,CADMAN PLAZA WEST,Old Fulton Street,Brooklyn Bridge Exit Ramp,NB,2025,6,2025-06-01,After congestion pricing,Weekday,PM peak (16-19),434.25,1737.0,469,16,1,1
157951_40.700495_-73.990750_SB,157951,40.700495,-73.990750,Brooklyn,CADMAN PLAZA WEST,Old Fulton Street,Brooklyn Bridge Exit Ramp,SB,2025,6,2025-06-01,After congestion pricing,Weekday,PM peak (16-19),19.38,77.5,26,16,1,1
37204_40.782292_-73.975232_SB,37204,40.782292,-73.975232,Manhattan,COLUMBUS AVENUE,West 79 Street,West 80 Street,SB,2025,6,2025-06-01,After congestion pricing,Weekday,AM peak (06-09),180.65,722.6,269,80,5,1
37204_40.782292_-73.975232_SB,37204,40.782292,-73.975232,Manhattan,COLUMBUS AVENUE,West 79 Street,West 80 Street,SB,2025,6,2025-06-01,After congestion pricing,Weekend,AM peak (06-09),132.56,530.2,205,32,2,1
37204_40.782292_-73.975232_SB,37204,40.782292,-73.975232,Manhattan,COLUMBUS AVENUE,West 79 Street,West 80 Street,SB,2025,6,2025-06-01,After congestion pricing,Weekday,Evening (20-23),193.11,772.5,259,80,5,1
37204_40.782292_-73.975232_SB,37204,40.782292,-73.975232,Manhattan,COLUMBUS AVENUE,West 79 Street,West 80 Street,SB,2025,6,2025-06-01,After congestion pricing,Weekend,Evening (20-23),169.97,679.9,228,32,2,1
37204_40.782292_-73.975232_SB,37204,40.782292,-73.975232,Manhattan,COLUMBUS AVENUE,West 79 Street,West 80 Street,SB,2025,6,2025-06-01,After congestion pricing,Weekday,Midday (10-15),244.31,977.2,302,120,5,1
37204_40.782292_-73.975232_SB,37204,40.782292,-73.975232,Manhattan,COLUMBUS AVENUE,West 79 Street,West 80 Street,SB,2025,6,2025-06-01,After congestion pricing,Weekend,Midday (10-15),226.12,904.5,283,48,2,1
37204_40.782292_-73.975232_SB,37204,40.782292,-73.975232,Manhattan,COLUMBUS AVENUE,West 79 Street,West 80 Street,SB,2025,6,2025-06-01,After congestion pricing,Weekday,Overnight (00-05),50.25,201.0,117,120,5,1
37204_40.782292_-73.975232_SB,37204,40.782292,-73.975232,Manhattan,COLUMBUS AVENUE,West 79 Street,West 80 Street,SB,2025,6,2025-06-01,After congestion pricing,Weekend,Overnight (00-05),89.79,359.2,192,48,2,1
37204_40.782292_-73.975232_SB,37204,40.782292,-73.975232,Manhattan,COLUMBUS AVENUE,West 79 Street,West 80 Street,SB,2025,6,2025-06-01,After congestion pricing,Weekday,PM peak (16-19),268.02,1072.1,322,80,5,1
37204_40.782292_-73.975232_SB,37204,40.782292,-73.975232,Manhattan,COLUMBUS AVENUE,West 79 Street,West 80 Street,SB,2025,6,2025-06-01,After congestion pricing,Weekend,PM peak (16-19),221.34,885.4,293,32,2,1
29141_40.675427_-73.971186_SB,29141,40.675427,-73.971186,Brooklyn,FLATBUSH AVENUE,8 Avenue,Eastern Parkway Line,SB,2025,6,2025-06-01,After congestion pricing,Weekday,AM peak (06-09),150.19,600.8,223,16,1,1
29141_40.675427_-73.971186_SB,29141,40.675427,-73.971186,Brooklyn,FLATBUSH AVENUE,8 Avenue,Eastern Parkway Line,SB,2025,6,2025-06-01,After congestion pricing,Weekday,Evening (20-23),202.50,810.0,257,16,1,1
29141_40.675427_-73.971186_SB,29141,40.675427,-73.971186,Brooklyn,FLATBUSH AVENUE,8 Avenue,Eastern Parkway Line,SB,2025,6,2025-06-01,After congestion pricing,Weekday,Midday (10-15),226.42,905.7,320,24,1,1
29141_40.675427_-73.971186_SB,29141,40.675427,-73.971186,Brooklyn,FLATBUSH AVENUE,8 Avenue,Eastern Parkway Line,SB,2025,6,2025-06-01,After congestion pricing,Weekday,Overnight (00-05),62.75,251.0,178,24,1,1
29141_40.675427_-73.971186_SB,29141,40.675427,-73.971186,Brooklyn,FLATBUSH AVENUE,8 Avenue,Eastern Parkway Line,SB,2025,6,2025-06-01,After congestion pricing,Weekday,PM peak (16-19),275.81,1103.2,318,16,1,1
50251_40.660453_-73.867176_WB,50251,40.660453,-73.867176,Brooklyn,FLATLANDS AVENUE,Fountain Avenue,Crescent Street,WB,2025,6,2025-06-01,After congestion pricing,Weekday,AM peak (06-09),48.46,193.8,74,80,5,1
50251_40.660453_-73.867176_EB,50251,40.660453,-73.867176,Brooklyn,FLATLANDS AVENUE,Fountain Avenue,Crescent Street,EB,2025,6,2025-06-01,After congestion pricing,Weekday,AM peak (06-09),61.11,244.4,79,80,5,1
50251_40.660453_-73.867176_EB,50251,40.660453,-73.867176,Brooklyn,FLATLANDS AVENUE,Fountain Avenue,Crescent Street,EB,2025,6,2025-06-01,After congestion pricing,Weekend,AM peak (06-09),30.48,121.9,55,64,4,1
50251_40.660453_-73.867176_WB,50251,40.660453,-73.867176,Brooklyn,FLATLANDS AVENUE,Fountain Avenue,Crescent Street,WB,2025,6,2025-06-01,After congestion pricing,Weekend,AM peak (06-09),32.66,130.6,47,64,4,1
50251_40.660453_-73.867176_WB,50251,40.660453,-73.867176,Brooklyn,FLATLANDS AVENUE,Fountain Avenue,Crescent Street,WB,2025,6,2025-06-01,After congestion pricing,Weekday,Evening (20-23),32.70,130.8,59,80,5,1
50251_40.660453_-73.867176_EB,50251,40.660453,-73.867176,Brooklyn,FLATLANDS AVENUE,Fountain Avenue,Crescent Street,EB,2025,6,2025-06-01,After congestion pricing,Weekday,Evening (20-23),41.91,167.7,71,80,5,1
50251_40.660453_-73.867176_EB,50251,40.660453,-73.867176,Brooklyn,FLATLANDS AVENUE,Fountain Avenue,Crescent Street,EB,2025,6,2025-06-01,After congestion pricing,Weekend,Evening (20-23),36.86,147.4,58,64,4,1
50251_40.660453_-73.867176_WB,50251,40.660453,-73.867176,Brooklyn,FLATLANDS AVENUE,Fountain Avenue,Crescent Street,WB,2025,6,2025-06-01,After congestion pricing,Weekend,Evening (20-23),23.67,94.7,39,64,4,1
50251_40.660453_-73.867176_WB,50251,40.660453,-73.867176,Brooklyn,FLATLANDS AVENUE,Fountain Avenue,Crescent Street,WB,2025,6,2025-06-01,After congestion pricing,Weekday,Midday (10-15),56.37,225.5,78,120,5,1
50251_40.660453_-73.867176_EB,50251,40.660453,-73.867176,Brooklyn,FLATLANDS AVENUE,Fountain Avenue,Crescent Street,EB,2025,6,2025-06-01,After congestion pricing,Weekday,Midday (10-15),69.77,279.1,98,120,5,1
50251_40.660453_-73.867176_EB,50251,40.660453,-73.867176,Brooklyn,FLATLANDS AVENUE,Fountain Avenue,Crescent Street,EB,2025,6,2025-06-01,After congestion pricing,Weekend,Midday (10-15),62.69,250.8,84,96,4,1
50251_40.660453_-73.867176_WB,50251,40.660453,-73.867176,Brooklyn,FLATLANDS AVENUE,Fountain Avenue,Crescent Street,WB,2025,6,2025-06-01,After congestion pricing,Weekend,Midday (10-15),45.66,182.6,64,96,4,1
50251_40.660453_-73.867176_WB,50251,40.660453,-73.867176,Brooklyn,FLATLANDS AVENUE,Fountain Avenue,Crescent Street,WB,2025,6,2025-06-01,After congestion pricing,Weekday,Overnight (00-05),17.84,71.4,48,120,5,1
50251_40.660453_-73.867176_EB,50251,40.660453,-73.867176,Brooklyn,FLATLANDS AVENUE,Fountain Avenue,Crescent Street,EB,2025,6,2025-06-01,After congestion pricing,Weekday,Overnight (00-05),20.49,82.0,64,120,5,1
50251_40.660453_-73.867176_EB,50251,40.660453,-73.867176,Brooklyn,FLATLANDS AVENUE,Fountain Avenue,Crescent Street,EB,2025,6,2025-06-01,After congestion pricing,Weekend,Overnight (00-05),16.40,65.6,32,96,4,1
50251_40.660453_-73.867176_WB,50251,40.660453,-73.867176,Brooklyn,FLATLANDS AVENUE,Fountain Avenue,Crescent Street,WB,2025,6,2025-06-01,After congestion pricing,Weekend,Overnight (00-05),13.96,55.8,35,96,4,1
50251_40.660453_-73.867176_WB,50251,40.660453,-73.867176,Brooklyn,FLATLANDS AVENUE,Fountain Avenue,Crescent Street,WB,2025,6,2025-06-01,After congestion pricing,Weekday,PM peak (16-19),57.74,230.9,79,80,5,1
50251_40.660453_-73.867176_EB,50251,40.660453,-73.867176,Brooklyn,FLATLANDS AVENUE,Fountain Avenue,Crescent Street,EB,2025,6,2025-06-01,After congestion pricing,Weekday,PM peak (16-19),74.95,299.8,98,80,5,1
50251_40.660453_-73.867176_EB,50251,40.660453,-73.867176,Brooklyn,FLATLANDS AVENUE,Fountain Avenue,Crescent Street,EB,2025,6,2025-06-01,After congestion pricing,Weekend,PM peak (16-19),61.59,246.4,78,64,4,1
50251_40.660453_-73.867176_WB,50251,40.660453,-73.867176,Brooklyn,FLATLANDS AVENUE,Fountain Avenue,Crescent Street,WB,2025,6,2025-06-01,After congestion pricing,Weekend,PM peak (16-19),44.17,176.7,57,64,4,1
42961_40.663559_-73.942751_NB,42961,40.663559,-73.942751,Brooklyn,KINGSTON AVENUE,Lefferts Avenue,Empire Boulevard,NB,2025,6,2025-06-01,After congestion pricing,Weekday,AM peak (06-09),72.06,288.2,107,160,10,1
42961_40.663559_-73.942751_NB,42961,40.663559,-73.942751,Brooklyn,KINGSTON AVENUE,Lefferts Avenue,Empire Boulevard,NB,2025,6,2025-06-01,After congestion pricing,Weekend,AM peak (06-09),30.16,120.6,64,64,4,1
42961_40.663559_-73.942751_NB,42961,40.663559,-73.942751,Brooklyn,KINGSTON AVENUE,Lefferts Avenue,Empire Boulevard,NB,2025,6,2025-06-01,After congestion pricing,Weekday,Evening (20-23),48.25,193.0,76,160,10,1
42961_40.663559_-73.942751_NB,42961,40.663559,-73.942751,Brooklyn,KINGSTON AVENUE,Lefferts Avenue,Empire Boulevard,NB,2025,6,2025-06-01,After congestion pricing,Weekend,Evening (20-23),43.64,174.6,65,64,4,1
42961_40.663559_-73.942751_NB,42961,40.663559,-73.942751,Brooklyn,KINGSTON AVENUE,Lefferts Avenue,Empire Boulevard,NB,2025,6,2025-06-01,After congestion pricing,Weekday,Midday (10-15),79.58,318.3,109,240,10,1
42961_40.663559_-73.942751_NB,42961,40.663559,-73.942751,Brooklyn,KINGSTON AVENUE,Lefferts Avenue,Empire Boulevard,NB,2025,6,2025-06-01,After congestion pricing,Weekend,Midday (10-15),64.66,258.6,93,96,4,1
42961_40.663559_-73.942751_NB,42961,40.663559,-73.942751,Brooklyn,KINGSTON AVENUE,Lefferts Avenue,Empire Boulevard,NB,2025,6,2025-06-01,After congestion pricing,Weekday,Overnight (00-05),12.05,48.2,37,240,10,1
42961_40.663559_-73.942751_NB,42961,40.663559,-73.942751,Brooklyn,KINGSTON AVENUE,Lefferts Avenue,Empire Boulevard,NB,2025,6,2025-06-01,After congestion pricing,Weekend,Overnight (00-05),13.61,54.5,35,96,4,1
42961_40.663559_-73.942751_NB,42961,40.663559,-73.942751,Brooklyn,KINGSTON AVENUE,Lefferts Avenue,Empire Boulevard,NB,2025,6,2025-06-01,After congestion pricing,Weekday,PM peak (16-19),81.80,327.2,111,160,10,1
42961_40.663559_-73.942751_NB,42961,40.663559,-73.942751,Brooklyn,KINGSTON AVENUE,Lefferts Avenue,Empire Boulevard,NB,2025,6,2025-06-01,After congestion pricing,Weekend,PM peak (16-19),59.75,239.0,91,64,4,1
23924_40.702536_-73.993518_WB,23924,40.702536,-73.993518,Brooklyn,OLD FULTON STREET,Elizabeth Place,Front Street,WB,2025,6,2025-06-01,After congestion pricing,Weekday,AM peak (06-09),42.84,171.4,66,64,4,1
23924_40.702536_-73.993518_WB,23924,40.702536,-73.993518,Brooklyn,OLD FULTON STREET,Elizabeth Place,Front Street,WB,2025,6,2025-06-01,After congestion pricing,Weekend,AM peak (06-09),21.88,87.5,47,16,1,1
23924_40.702536_-73.993518_WB,23924,40.702536,-73.993518,Brooklyn,OLD FULTON STREET,Elizabeth Place,Front Street,WB,2025,6,2025-06-01,After congestion pricing,Weekday,Evening (20-23),53.78,215.1,103,64,4,1
23924_40.702536_-73.993518_WB,23924,40.702536,-73.993518,Brooklyn,OLD FULTON STREET,Elizabeth Place,Front Street,WB,2025,6,2025-06-01,After congestion pricing,Weekend,Evening (20-23),71.19,284.8,110,16,1,1
23924_40.702536_-73.993518_WB,23924,40.702536,-73.993518,Brooklyn,OLD FULTON STREET,Elizabeth Place,Front Street,WB,2025,6,2025-06-01,After congestion pricing,Weekday,Midday (10-15),70.14,280.5,124,96,4,1
23924_40.702536_-73.993518_WB,23924,40.702536,-73.993518,Brooklyn,OLD FULTON STREET,Elizabeth Place,Front Street,WB,2025,6,2025-06-01,After congestion pricing,Weekend,Midday (10-15),73.38,293.5,100,24,1,1
23924_40.702536_-73.993518_WB,23924,40.702536,-73.993518,Brooklyn,OLD FULTON STREET,Elizabeth Place,Front Street,WB,2025,6,2025-06-01,After congestion pricing,Weekday,Overnight (00-05),10.97,43.9,38,96,4,1
23924_40.702536_-73.993518_WB,23924,40.702536,-73.993518,Brooklyn,OLD FULTON STREET,Elizabeth Place,Front Street,WB,2025,6,2025-06-01,After congestion pricing,Weekend,Overnight (00-05),21.54,86.2,76,24,1,1
23924_40.702536_-73.993518_WB,23924,40.702536,-73.993518,Brooklyn,OLD FULTON STREET,Elizabeth Place,Front Street,WB,2025,6,2025-06-01,After congestion pricing,Weekday,PM peak (16-19),95.94,383.8,132,64,4,1
23924_40.702536_-73.993518_WB,23924,40.702536,-73.993518,Brooklyn,OLD FULTON STREET,Elizabeth Place,Front Street,WB,2025,6,2025-06-01,After congestion pricing,Weekend,PM peak (16-19),89.25,357.0,104,16,1,1
157798_40.721056_-73.945309_SB,157798,40.721056,-73.945309,Brooklyn,MC GUINNESS BLVD SOUTH,Newton Street,Bayard Street,SB,2025,7,2025-07-01,After congestion pricing,Weekday,AM peak (06-09),136.38,545.5,185,160,10,1
157798_40.721056_-73.945309_SB,157798,40.721056,-73.945309,Brooklyn,MC GUINNESS BLVD SOUTH,Newton Street,Bayard Street,SB,2025,7,2025-07-01,After congestion pricing,Weekend,AM peak (06-09),65.80,263.2,126,64,4,1
157798_40.721056_-73.945309_SB,157798,40.721056,-73.945309,Brooklyn,MC GUINNESS BLVD SOUTH,Newton Street,Bayard Street,SB,2025,7,2025-07-01,After congestion pricing,Weekday,Evening (20-23),124.70,498.8,190,160,10,1
157798_40.721056_-73.945309_SB,157798,40.721056,-73.945309,Brooklyn,MC GUINNESS BLVD SOUTH,Newton Street,Bayard Street,SB,2025,7,2025-07-01,After congestion pricing,Weekend,Evening (20-23),127.66,510.6,193,64,4,1
157798_40.721056_-73.945309_SB,157798,40.721056,-73.945309,Brooklyn,MC GUINNESS BLVD SOUTH,Newton Street,Bayard Street,SB,2025,7,2025-07-01,After congestion pricing,Weekday,Midday (10-15),158.70,634.8,209,240,10,1
157798_40.721056_-73.945309_SB,157798,40.721056,-73.945309,Brooklyn,MC GUINNESS BLVD SOUTH,Newton Street,Bayard Street,SB,2025,7,2025-07-01,After congestion pricing,Weekend,Midday (10-15),151.54,606.2,196,96,4,1
157798_40.721056_-73.945309_SB,157798,40.721056,-73.945309,Brooklyn,MC GUINNESS BLVD SOUTH,Newton Street,Bayard Street,SB,2025,7,2025-07-01,After congestion pricing,Weekday,Overnight (00-05),37.93,151.7,97,240,10,1
157798_40.721056_-73.945309_SB,157798,40.721056,-73.945309,Brooklyn,MC GUINNESS BLVD SOUTH,Newton Street,Bayard Street,SB,2025,7,2025-07-01,After congestion pricing,Weekend,Overnight (00-05),75.54,302.2,164,96,4,1
157798_40.721056_-73.945309_SB,157798,40.721056,-73.945309,Brooklyn,MC GUINNESS BLVD SOUTH,Newton Street,Bayard Street,SB,2025,7,2025-07-01,After congestion pricing,Weekday,PM peak (16-19),171.92,687.7,215,160,10,1
157798_40.721056_-73.945309_SB,157798,40.721056,-73.945309,Brooklyn,MC GUINNESS BLVD SOUTH,Newton Street,Bayard Street,SB,2025,7,2025-07-01,After congestion pricing,Weekend,PM peak (16-19),159.19,636.8,206,64,4,1
157886_40.721151_-73.945228_NB,157886,40.721151,-73.945228,Brooklyn,MC GUINNESS BLVD SOUTH,Humboldt Street,Newton Street,NB,2025,7,2025-07-01,After congestion pricing,Weekday,AM peak (06-09),124.11,496.4,171,160,10,1
157886_40.721151_-73.945228_NB,157886,40.721151,-73.945228,Brooklyn,MC GUINNESS BLVD SOUTH,Humboldt Street,Newton Street,NB,2025,7,2025-07-01,After congestion pricing,Weekend,AM peak (06-09),74.41,297.6,142,64,4,1
157886_40.721151_-73.945228_NB,157886,40.721151,-73.945228,Brooklyn,MC GUINNESS BLVD SOUTH,Humboldt Street,Newton Street,NB,2025,7,2025-07-01,After congestion pricing,Weekday,Evening (20-23),112.16,448.6,184,160,10,1
157886_40.721151_-73.945228_NB,157886,40.721151,-73.945228,Brooklyn,MC GUINNESS BLVD SOUTH,Humboldt Street,Newton Street,NB,2025,7,2025-07-01,After congestion pricing,Weekend,Evening (20-23),125.14,500.6,191,64,4,1
157886_40.721151_-73.945228_NB,157886,40.721151,-73.945228,Brooklyn,MC GUINNESS BLVD SOUTH,Humboldt Street,Newton Street,NB,2025,7,2025-07-01,After congestion pricing,Weekday,Midday (10-15),132.37,529.5,174,240,10,1
157886_40.721151_-73.945228_NB,157886,40.721151,-73.945228,Brooklyn,MC GUINNESS BLVD SOUTH,Humboldt Street,Newton Street,NB,2025,7,2025-07-01,After congestion pricing,Weekend,Midday (10-15),139.42,557.7,186,96,4,1
157886_40.721151_-73.945228_NB,157886,40.721151,-73.945228,Brooklyn,MC GUINNESS BLVD SOUTH,Humboldt Street,Newton Street,NB,2025,7,2025-07-01,After congestion pricing,Weekday,Overnight (00-05),56.19,224.8,167,240,10,1
157886_40.721151_-73.945228_NB,157886,40.721151,-73.945228,Brooklyn,MC GUINNESS BLVD SOUTH,Humboldt Street,Newton Street,NB,2025,7,2025-07-01,After congestion pricing,Weekend,Overnight (00-05),66.83,267.3,148,96,4,1
157886_40.721151_-73.945228_NB,157886,40.721151,-73.945228,Brooklyn,MC GUINNESS BLVD SOUTH,Humboldt Street,Newton Street,NB,2025,7,2025-07-01,After congestion pricing,Weekday,PM peak (16-19),143.34,573.4,187,160,10,1
157886_40.721151_-73.945228_NB,157886,40.721151,-73.945228,Brooklyn,MC GUINNESS BLVD SOUTH,Humboldt Street,Newton Street,NB,2025,7,2025-07-01,After congestion pricing,Weekend,PM peak (16-19),150.19,600.8,203,64,4,1
191118_40.580898_-73.967187_NB,191118,40.580898,-73.967187,Brooklyn,OCEAN PARKWAY,Dead End,Dead end,NB,2025,7,2025-07-01,After congestion pricing,Weekday,AM peak (06-09),15.49,62.0,37,80,5,1
191118_40.580898_-73.967187_NB,191118,40.580898,-73.967187,Brooklyn,OCEAN PARKWAY,Dead End,Dead end,NB,2025,7,2025-07-01,After congestion pricing,Weekend,AM peak (06-09),5.28,21.1,10,32,2,1
191118_40.580898_-73.967187_NB,191118,40.580898,-73.967187,Brooklyn,OCEAN PARKWAY,Dead End,Dead end,NB,2025,7,2025-07-01,After congestion pricing,Weekday,Evening (20-23),15.89,63.5,54,80,5,1
191118_40.580898_-73.967187_NB,191118,40.580898,-73.967187,Brooklyn,OCEAN PARKWAY,Dead End,Dead end,NB,2025,7,2025-07-01,After congestion pricing,Weekend,Evening (20-23),13.16,52.6,24,32,2,1
191118_40.580898_-73.967187_NB,191118,40.580898,-73.967187,Brooklyn,OCEAN PARKWAY,Dead End,Dead end,NB,2025,7,2025-07-01,After congestion pricing,Weekday,Midday (10-15),25.22,100.9,41,120,5,1
191118_40.580898_-73.967187_NB,191118,40.580898,-73.967187,Brooklyn,OCEAN PARKWAY,Dead End,Dead end,NB,2025,7,2025-07-01,After congestion pricing,Weekend,Midday (10-15),15.73,62.9,28,48,2,1
191118_40.580898_-73.967187_NB,191118,40.580898,-73.967187,Brooklyn,OCEAN PARKWAY,Dead End,Dead end,NB,2025,7,2025-07-01,After congestion pricing,Weekday,Overnight (00-05),2.78,11.1,14,120,5,1
191118_40.580898_-73.967187_NB,191118,40.580898,-73.967187,Brooklyn,OCEAN PARKWAY,Dead End,Dead end,NB,2025,7,2025-07-01,After congestion pricing,Weekend,Overnight (00-05),4.33,17.3,12,48,2,1
191118_40.580898_-73.967187_NB,191118,40.580898,-73.967187,Brooklyn,OCEAN PARKWAY,Dead End,Dead end,NB,2025,7,2025-07-01,After congestion pricing,Weekday,PM peak (16-19),22.66,90.7,37,80,5,1
191118_40.580898_-73.967187_NB,191118,40.580898,-73.967187,Brooklyn,OCEAN PARKWAY,Dead End,Dead end,NB,2025,7,2025-07-01,After congestion pricing,Weekend,PM peak (16-19),19.84,79.4,31,32,2,1
19267_40.579895_-73.982072_SB,19267,40.579895,-73.982072,Brooklyn,STILLWELL AVENUE,Coney Island Creek Shoreline,Neptune Avenue,SB,2025,7,2025-07-01,After congestion pricing,Weekday,AM peak (06-09),52.70,210.8,91,80,5,1
19267_40.579895_-73.982072_SB,19267,40.579895,-73.982072,Brooklyn,STILLWELL AVENUE,Coney Island Creek Shoreline,Neptune Avenue,SB,2025,7,2025-07-01,After congestion pricing,Weekend,AM peak (06-09),29.56,118.2,60,32,2,1
19267_40.579895_-73.982072_SB,19267,40.579895,-73.982072,Brooklyn,STILLWELL AVENUE,Coney Island Creek Shoreline,Neptune Avenue,SB,2025,7,2025-07-01,After congestion pricing,Weekday,Evening (20-23),46.15,184.6,126,80,5,1
19267_40.579895_-73.982072_SB,19267,40.579895,-73.982072,Brooklyn,STILLWELL AVENUE,Coney Island Creek Shoreline,Neptune Avenue,SB,2025,7,2025-07-01,After congestion pricing,Weekend,Evening (20-23),39.94,159.8,61,32,2,1
19267_40.579895_-73.982072_SB,19267,40.579895,-73.982072,Brooklyn,STILLWELL AVENUE,Coney Island Creek Shoreline,Neptune Avenue,SB,2025,7,2025-07-01,After congestion pricing,Weekday,Midday (10-15),76.03,304.1,100,120,5,1
19267_40.579895_-73.982072_SB,19267,40.579895,-73.982072,Brooklyn,STILLWELL AVENUE,Coney Island Creek Shoreline,Neptune Avenue,SB,2025,7,2025-07-01,After congestion pricing,Weekend,Midday (10-15),83.77,335.1,119,48,2,1
19267_40.579895_-73.982072_SB,19267,40.579895,-73.982072,Brooklyn,STILLWELL AVENUE,Coney Island Creek Shoreline,Neptune Avenue,SB,2025,7,2025-07-01,After congestion pricing,Weekday,Overnight (00-05),11.24,45.0,39,120,5,1
19267_40.579895_-73.982072_SB,19267,40.579895,-73.982072,Brooklyn,STILLWELL AVENUE,Coney Island Creek Shoreline,Neptune Avenue,SB,2025,7,2025-07-01,After congestion pricing,Weekend,Overnight (00-05),12.88,51.5,31,48,2,1
19267_40.579895_-73.982072_SB,19267,40.579895,-73.982072,Brooklyn,STILLWELL AVENUE,Coney Island Creek Shoreline,Neptune Avenue,SB,2025,7,2025-07-01,After congestion pricing,Weekday,PM peak (16-19),75.99,303.9,131,80,5,1
19267_40.579895_-73.982072_SB,19267,40.579895,-73.982072,Brooklyn,STILLWELL AVENUE,Coney Island Creek Shoreline,Neptune Avenue,SB,2025,7,2025-07-01,After congestion pricing,Weekend,PM peak (16-19),73.16,292.6,104,32,2,1
134999_40.759935_-73.967765_NB,134999,40.759935,-73.967765,Manhattan,3 AVENUE,Dead End,East 57 Street,NB,2025,9,2025-09-01,After congestion pricing,Weekday,AM peak (06-09),207.71,830.9,272,80,5,1
134999_40.759935_-73.967765_NB,134999,40.759935,-73.967765,Manhattan,3 AVENUE,Dead End,East 57 Street,NB,2025,9,2025-09-01,After congestion pricing,Weekend,AM peak (06-09),115.88,463.5,151,32,2,1
134999_40.759935_-73.967765_NB,134999,40.759935,-73.967765,Manhattan,3 AVENUE,Dead End,East 57 Street,NB,2025,9,2025-09-01,After congestion pricing,Weekday,Evening (20-23),223.38,893.5,292,80,5,1
134999_40.759935_-73.967765_NB,134999,40.759935,-73.967765,Manhattan,3 AVENUE,Dead End,East 57 Street,NB,2025,9,2025-09-01,After congestion pricing,Weekend,Evening (20-23),203.31,813.2,249,32,2,1
134999_40.759935_-73.967765_NB,134999,40.759935,-73.967765,Manhattan,3 AVENUE,Dead End,East 57 Street,NB,2025,9,2025-09-01,After congestion pricing,Weekday,Midday (10-15),216.62,866.5,289,120,5,1
134999_40.759935_-73.967765_NB,134999,40.759935,-73.967765,Manhattan,3 AVENUE,Dead End,East 57 Street,NB,2025,9,2025-09-01,After congestion pricing,Weekend,Midday (10-15),195.83,783.3,267,48,2,1
134999_40.759935_-73.967765_NB,134999,40.759935,-73.967765,Manhattan,3 AVENUE,Dead End,East 57 Street,NB,2025,9,2025-09-01,After congestion pricing,Weekday,Overnight (00-05),88.38,353.5,238,120,5,1
134999_40.759935_-73.967765_NB,134999,40.759935,-73.967765,Manhattan,3 AVENUE,Dead End,East 57 Street,NB,2025,9,2025-09-01,After congestion pricing,Weekend,Overnight (00-05),117.40,469.6,223,48,2,1
134999_40.759935_-73.967765_NB,134999,40.759935,-73.967765,Manhattan,3 AVENUE,Dead End,East 57 Street,NB,2025,9,2025-09-01,After congestion pricing,Weekday,PM peak (16-19),259.15,1036.6,308,80,5,1
134999_40.759935_-73.967765_NB,134999,40.759935,-73.967765,Manhattan,3 AVENUE,Dead End,East 57 Street,NB,2025,9,2025-09-01,After congestion pricing,Weekend,PM peak (16-19),239.75,959.0,291,32,2,1
9008820_40.841631_-73.861061_WB,9008820,40.841631,-73.861061,Bronx,EAST TREMONT AVENUE,Dead End,Dead end,WB,2025,9,2025-09-01,After congestion pricing,Weekday,AM peak (06-09),200.51,802.0,297,80,5,1
9008820_40.841631_-73.861061_EB,9008820,40.841631,-73.861061,Bronx,EAST TREMONT AVENUE,Dead End,Dead end,EB,2025,9,2025-09-01,After congestion pricing,Weekday,AM peak (06-09),137.50,550.0,209,80,5,1
9008820_40.841631_-73.861061_WB,9008820,40.841631,-73.861061,Bronx,EAST TREMONT AVENUE,Dead End,Dead end,WB,2025,9,2025-09-01,After congestion pricing,Weekend,AM peak (06-09),60.66,242.6,102,32,2,1
9008820_40.841631_-73.861061_EB,9008820,40.841631,-73.861061,Bronx,EAST TREMONT AVENUE,Dead End,Dead end,EB,2025,9,2025-09-01,After congestion pricing,Weekend,AM peak (06-09),62.53,250.1,114,32,2,1
9008820_40.841631_-73.861061_EB,9008820,40.841631,-73.861061,Bronx,EAST TREMONT AVENUE,Dead End,Dead end,EB,2025,9,2025-09-01,After congestion pricing,Weekday,Evening (20-23),69.22,276.9,116,80,5,1
9008820_40.841631_-73.861061_WB,9008820,40.841631,-73.861061,Bronx,EAST TREMONT AVENUE,Dead End,Dead end,WB,2025,9,2025-09-01,After congestion pricing,Weekday,Evening (20-23),62.90,251.6,145,80,5,1
9008820_40.841631_-73.861061_WB,9008820,40.841631,-73.861061,Bronx,EAST TREMONT AVENUE,Dead End,Dead end,WB,2025,9,2025-09-01,After congestion pricing,Weekend,Evening (20-23),64.41,257.6,110,32,2,1
9008820_40.841631_-73.861061_EB,9008820,40.841631,-73.861061,Bronx,EAST TREMONT AVENUE,Dead End,Dead end,EB,2025,9,2025-09-01,After congestion pricing,Weekend,Evening (20-23),71.19,284.8,106,32,2,1
9008820_40.841631_-73.861061_EB,9008820,40.841631,-73.861061,Bronx,EAST TREMONT AVENUE,Dead End,Dead end,EB,2025,9,2025-09-01,After congestion pricing,Weekday,Midday (10-15),138.18,552.7,223,120,5,1
9008820_40.841631_-73.861061_WB,9008820,40.841631,-73.861061,Bronx,EAST TREMONT AVENUE,Dead End,Dead end,WB,2025,9,2025-09-01,After congestion pricing,Weekday,Midday (10-15),153.44,613.8,238,120,5,1
9008820_40.841631_-73.861061_WB,9008820,40.841631,-73.861061,Bronx,EAST TREMONT AVENUE,Dead End,Dead end,WB,2025,9,2025-09-01,After congestion pricing,Weekend,Midday (10-15),118.60,474.4,169,48,2,1
9008820_40.841631_-73.861061_EB,9008820,40.841631,-73.861061,Bronx,EAST TREMONT AVENUE,Dead End,Dead end,EB,2025,9,2025-09-01,After congestion pricing,Weekend,Midday (10-15),109.90,439.6,154,48,2,1
9008820_40.841631_-73.861061_WB,9008820,40.841631,-73.861061,Bronx,EAST TREMONT AVENUE,Dead End,Dead end,WB,2025,9,2025-09-01,After congestion pricing,Weekday,Overnight (00-05),23.48,93.9,76,120,5,1
9008820_40.841631_-73.861061_EB,9008820,40.841631,-73.861061,Bronx,EAST TREMONT AVENUE,Dead End,Dead end,EB,2025,9,2025-09-01,After congestion pricing,Weekday,Overnight (00-05),25.81,103.2,74,120,5,1
9008820_40.841631_-73.861061_WB,9008820,40.841631,-73.861061,Bronx,EAST TREMONT AVENUE,Dead End,Dead end,WB,2025,9,2025-09-01,After congestion pricing,Weekend,Overnight (00-05),26.81,107.2,44,48,2,1
9008820_40.841631_-73.861061_EB,9008820,40.841631,-73.861061,Bronx,EAST TREMONT AVENUE,Dead End,Dead end,EB,2025,9,2025-09-01,After congestion pricing,Weekend,Overnight (00-05),31.15,124.6,59,48,2,1
9008820_40.841631_-73.861061_EB,9008820,40.841631,-73.861061,Bronx,EAST TREMONT AVENUE,Dead End,Dead end,EB,2025,9,2025-09-01,After congestion pricing,Weekday,PM peak (16-19),161.89,647.5,238,80,5,1
9008820_40.841631_-73.861061_WB,9008820,40.841631,-73.861061,Bronx,EAST TREMONT AVENUE,Dead End,Dead end,WB,2025,9,2025-09-01,After congestion pricing,Weekday,PM peak (16-19),180.99,724.0,252,80,5,1
9008820_40.841631_-73.861061_WB,9008820,40.841631,-73.861061,Bronx,EAST TREMONT AVENUE,Dead End,Dead end,WB,2025,9,2025-09-01,After congestion pricing,Weekend,PM peak (16-19),118.84,475.4,166,32,2,1
9008820_40.841631_-73.861061_EB,9008820,40.841631,-73.861061,Bronx,EAST TREMONT AVENUE,Dead End,Dead end,EB,2025,9,2025-09-01,After congestion pricing,Weekend,PM peak (16-19),104.78,419.1,135,32,2,1
8102925_40.676280_-73.896990_SB,8102925,40.676280,-73.896990,Brooklyn,FULTON STREET LINE,Fulton Street,Atlantic Avenue,SB,2025,9,2025-09-01,After congestion pricing,Weekday,AM peak (06-09),230.64,922.5,275,80,5,1
8102925_40.676280_-73.896990_SB,8102925,40.676280,-73.896990,Brooklyn,FULTON STREET LINE,Fulton Street,Atlantic Avenue,SB,2025,9,2025-09-01,After congestion pricing,Weekend,AM peak (06-09),139.66,558.6,219,32,2,1
8102925_40.676280_-73.896990_SB,8102925,40.676280,-73.896990,Brooklyn,FULTON STREET LINE,Fulton Street,Atlantic Avenue,SB,2025,9,2025-09-01,After congestion pricing,Weekday,Evening (20-23),195.95,783.8,317,80,5,1
8102925_40.676280_-73.896990_SB,8102925,40.676280,-73.896990,Brooklyn,FULTON STREET LINE,Fulton Street,Atlantic Avenue,SB,2025,9,2025-09-01,After congestion pricing,Weekend,Evening (20-23),181.88,727.5,241,32,2,1
8102925_40.676280_-73.896990_SB,8102925,40.676280,-73.896990,Brooklyn,FULTON STREET LINE,Fulton Street,Atlantic Avenue,SB,2025,9,2025-09-01,After congestion pricing,Weekday,Midday (10-15),230.60,922.4,333,120,5,1
8102925_40.676280_-73.896990_SB,8102925,40.676280,-73.896990,Brooklyn,FULTON STREET LINE,Fulton Street,Atlantic Avenue,SB,2025,9,2025-09-01,After congestion pricing,Weekend,Midday (10-15),205.81,823.2,267,48,2,1
8102925_40.676280_-73.896990_SB,8102925,40.676280,-73.896990,Brooklyn,FULTON STREET LINE,Fulton Street,Atlantic Avenue,SB,2025,9,2025-09-01,After congestion pricing,Weekday,Overnight (00-05),95.83,383.3,220,120,5,1
8102925_40.676280_-73.896990_SB,8102925,40.676280,-73.896990,Brooklyn,FULTON STREET LINE,Fulton Street,Atlantic Avenue,SB,2025,9,2025-09-01,After congestion pricing,Weekend,Overnight (00-05),103.33,413.3,188,48,2,1
8102925_40.676280_-73.896990_SB,8102925,40.676280,-73.896990,Brooklyn,FULTON STREET LINE,Fulton Street,Atlantic Avenue,SB,2025,9,2025-09-01,After congestion pricing,Weekday,PM peak (16-19),266.31,1065.2,344,80,5,1
8102925_40.676280_-73.896990_SB,8102925,40.676280,-73.896990,Brooklyn,FULTON STREET LINE,Fulton Street,Atlantic Avenue,SB,2025,9,2025-09-01,After congestion pricing,Weekend,PM peak (16-19),219.66,878.6,257,32,2,1
108174_40.680538_-73.937558_SB,108174,40.680538,-73.937558,Brooklyn,MARCUS GARVEY BOULEVARD,Decatur Street,Fulton Street,SB,2025,9,2025-09-01,After congestion pricing,Weekday,AM peak (06-09),119.51,478.1,188,80,5,1
108174_40.680538_-73.937558_SB,108174,40.680538,-73.937558,Brooklyn,MARCUS GARVEY BOULEVARD,Decatur Street,Fulton Street,SB,2025,9,2025-09-01,After congestion pricing,Weekend,AM peak (06-09),48.41,193.6,77,32,2,1
108174_40.680538_-73.937558_SB,108174,40.680538,-73.937558,Brooklyn,MARCUS GARVEY BOULEVARD,Decatur Street,Fulton Street,SB,2025,9,2025-09-01,After congestion pricing,Weekday,Evening (20-23),106.46,425.9,157,80,5,1
108174_40.680538_-73.937558_SB,108174,40.680538,-73.937558,Brooklyn,MARCUS GARVEY BOULEVARD,Decatur Street,Fulton Street,SB,2025,9,2025-09-01,After congestion pricing,Weekend,Evening (20-23),108.06,432.2,141,32,2,1
108174_40.680538_-73.937558_SB,108174,40.680538,-73.937558,Brooklyn,MARCUS GARVEY BOULEVARD,Decatur Street,Fulton Street,SB,2025,9,2025-09-01,After congestion pricing,Weekday,Midday (10-15),115.83,463.3,156,120,5,1
108174_40.680538_-73.937558_SB,108174,40.680538,-73.937558,Brooklyn,MARCUS GARVEY BOULEVARD,Decatur Street,Fulton Street,SB,2025,9,2025-09-01,After congestion pricing,Weekend,Midday (10-15),114.27,457.1,157,48,2,1
108174_40.680538_-73.937558_SB,108174,40.680538,-73.937558,Brooklyn,MARCUS GARVEY BOULEVARD,Decatur Street,Fulton Street,SB,2025,9,2025-09-01,After congestion pricing,Weekday,Overnight (00-05),29.55,118.2,80,120,5,1
108174_40.680538_-73.937558_SB,108174,40.680538,-73.937558,Brooklyn,MARCUS GARVEY BOULEVARD,Decatur Street,Fulton Street,SB,2025,9,2025-09-01,After congestion pricing,Weekend,Overnight (00-05),66.06,264.2,134,48,2,1
108174_40.680538_-73.937558_SB,108174,40.680538,-73.937558,Brooklyn,MARCUS GARVEY BOULEVARD,Decatur Street,Fulton Street,SB,2025,9,2025-09-01,After congestion pricing,Weekday,PM peak (16-19),145.46,581.9,191,80,5,1
108174_40.680538_-73.937558_SB,108174,40.680538,-73.937558,Brooklyn,MARCUS GARVEY BOULEVARD,Decatur Street,Fulton Street,SB,2025,9,2025-09-01,After congestion pricing,Weekend,PM peak (16-19),131.06,524.2,146,32,2,1
43029_40.680999_-73.940547_NB,43029,40.680999,-73.940547,Brooklyn,THROOP AVENUE,Decatur Street,Mac Donough Street,NB,2025,9,2025-09-01,After congestion pricing,Weekday,AM peak (06-09),88.24,352.9,136,80,5,1
43029_40.680999_-73.940547_NB,43029,40.680999,-73.940547,Brooklyn,THROOP AVENUE,Decatur Street,Mac Donough Street,NB,2025,9,2025-09-01,After congestion pricing,Weekend,AM peak (06-09),40.34,161.4,70,32,2,1
43029_40.680999_-73.940547_NB,43029,40.680999,-73.940547,Brooklyn,THROOP AVENUE,Decatur Street,Mac Donough Street,NB,2025,9,2025-09-01,After congestion pricing,Weekday,Evening (20-23),62.54,250.2,116,80,5,1
43029_40.680999_-73.940547_NB,43029,40.680999,-73.940547,Brooklyn,THROOP AVENUE,Decatur Street,Mac Donough Street,NB,2025,9,2025-09-01,After congestion pricing,Weekend,Evening (20-23),71.62,286.5,109,32,2,1
43029_40.680999_-73.940547_NB,43029,40.680999,-73.940547,Brooklyn,THROOP AVENUE,Decatur Street,Mac Donough Street,NB,2025,9,2025-09-01,After congestion pricing,Weekday,Midday (10-15),92.60,370.4,131,120,5,1
43029_40.680999_-73.940547_NB,43029,40.680999,-73.940547,Brooklyn,THROOP AVENUE,Decatur Street,Mac Donough Street,NB,2025,9,2025-09-01,After congestion pricing,Weekend,Midday (10-15),92.98,371.9,129,48,2,1
43029_40.680999_-73.940547_NB,43029,40.680999,-73.940547,Brooklyn,THROOP AVENUE,Decatur Street,Mac Donough Street,NB,2025,9,2025-09-01,After congestion pricing,Weekday,Overnight (00-05),17.43,69.7,42,120,5,1
43029_40.680999_-73.940547_NB,43029,40.680999,-73.940547,Brooklyn,THROOP AVENUE,Decatur Street,Mac Donough Street,NB,2025,9,2025-09-01,After congestion pricing,Weekend,Overnight (00-05),29.88,119.5,63,48,2,1
43029_40.680999_-73.940547_NB,43029,40.680999,-73.940547,Brooklyn,THROOP AVENUE,Decatur Street,Mac Donough Street,NB,2025,9,2025-09-01,After congestion pricing,Weekday,PM peak (16-19),95.75,383.0,128,80,5,1
43029_40.680999_-73.940547_NB,43029,40.680999,-73.940547,Brooklyn,THROOP AVENUE,Decatur Street,Mac Donough Street,NB,2025,9,2025-09-01,After congestion pricing,Weekend,PM peak (16-19),98.97,395.9,125,32,2,1
193957_40.607068_-74.163525_WB,193957,40.607068,-74.163525,Staten Island,VICTORY BOULEVARD,Richmond Avenue,Jones Street,WB,2025,9,2025-09-01,After congestion pricing,Weekday,AM peak (06-09),79.22,316.9,164,80,5,1
193957_40.607068_-74.163525_EB,193957,40.607068,-74.163525,Staten Island,VICTORY BOULEVARD,Richmond Avenue,Jones Street,EB,2025,9,2025-09-01,After congestion pricing,Weekday,AM peak (06-09),85.51,342.1,116,80,5,1
193957_40.607068_-74.163525_EB,193957,40.607068,-74.163525,Staten Island,VICTORY BOULEVARD,Richmond Avenue,Jones Street,EB,2025,9,2025-09-01,After congestion pricing,Weekend,AM peak (06-09),38.91,155.6,79,32,2,1
193957_40.607068_-74.163525_WB,193957,40.607068,-74.163525,Staten Island,VICTORY BOULEVARD,Richmond Avenue,Jones Street,WB,2025,9,2025-09-01,After congestion pricing,Weekend,AM peak (06-09),39.50,158.0,117,32,2,1
193957_40.607068_-74.163525_WB,193957,40.607068,-74.163525,Staten Island,VICTORY BOULEVARD,Richmond Avenue,Jones Street,WB,2025,9,2025-09-01,After congestion pricing,Weekday,Evening (20-23),50.23,200.9,102,80,5,1
193957_40.607068_-74.163525_EB,193957,40.607068,-74.163525,Staten Island,VICTORY BOULEVARD,Richmond Avenue,Jones Street,EB,2025,9,2025-09-01,After congestion pricing,Weekday,Evening (20-23),33.06,132.2,70,80,5,1
193957_40.607068_-74.163525_EB,193957,40.607068,-74.163525,Staten Island,VICTORY BOULEVARD,Richmond Avenue,Jones Street,EB,2025,9,2025-09-01,After congestion pricing,Weekend,Evening (20-23),34.88,139.5,66,32,2,1
193957_40.607068_-74.163525_WB,193957,40.607068,-74.163525,Staten Island,VICTORY BOULEVARD,Richmond Avenue,Jones Street,WB,2025,9,2025-09-01,After congestion pricing,Weekend,Evening (20-23),40.25,161.0,68,32,2,1
193957_40.607068_-74.163525_WB,193957,40.607068,-74.163525,Staten Island,VICTORY BOULEVARD,Richmond Avenue,Jones Street,WB,2025,9,2025-09-01,After congestion pricing,Weekday,Midday (10-15),111.88,447.5,188,120,5,1
193957_40.607068_-74.163525_EB,193957,40.607068,-74.163525,Staten Island,VICTORY BOULEVARD,Richmond Avenue,Jones Street,EB,2025,9,2025-09-01,After congestion pricing,Weekday,Midday (10-15),76.53,306.1,112,120,5,1
193957_40.607068_-74.163525_EB,193957,40.607068,-74.163525,Staten Island,VICTORY BOULEVARD,Richmond Avenue,Jones Street,EB,2025,9,2025-09-01,After congestion pricing,Weekend,Midday (10-15),74.40,297.6,100,48,2,1
193957_40.607068_-74.163525_WB,193957,40.607068,-74.163525,Staten Island,VICTORY BOULEVARD,Richmond Avenue,Jones Street,WB,2025,9,2025-09-01,After congestion pricing,Weekend,Midday (10-15),90.35,361.4,122,48,2,1
193957_40.607068_-74.163525_WB,193957,40.607068,-74.163525,Staten Island,VICTORY BOULEVARD,Richmond Avenue,Jones Street,WB,2025,9,2025-09-01,After congestion pricing,Weekday,Overnight (00-05),10.43,41.7,25,120,5,1
193957_40.607068_-74.163525_EB,193957,40.607068,-74.163525,Staten Island,VICTORY BOULEVARD,Richmond Avenue,Jones Street,EB,2025,9,2025-09-01,After congestion pricing,Weekday,Overnight (00-05),9.80,39.2,38,120,5,1
193957_40.607068_-74.163525_EB,193957,40.607068,-74.163525,Staten Island,VICTORY BOULEVARD,Richmond Avenue,Jones Street,EB,2025,9,2025-09-01,After congestion pricing,Weekend,Overnight (00-05),9.21,36.8,32,48,2,1
193957_40.607068_-74.163525_WB,193957,40.607068,-74.163525,Staten Island,VICTORY BOULEVARD,Richmond Avenue,Jones Street,WB,2025,9,2025-09-01,After congestion pricing,Weekend,Overnight (00-05),12.15,48.6,31,48,2,1
193957_40.607068_-74.163525_WB,193957,40.607068,-74.163525,Staten Island,VICTORY BOULEVARD,Richmond Avenue,Jones Street,WB,2025,9,2025-09-01,After congestion pricing,Weekday,PM peak (16-19),138.53,554.1,187,80,5,1
193957_40.607068_-74.163525_EB,193957,40.607068,-74.163525,Staten Island,VICTORY BOULEVARD,Richmond Avenue,Jones Street,EB,2025,9,2025-09-01,After congestion pricing,Weekday,PM peak (16-19),79.03,316.1,103,80,5,1
193957_40.607068_-74.163525_EB,193957,40.607068,-74.163525,Staten Island,VICTORY BOULEVARD,Richmond Avenue,Jones Street,EB,2025,9,2025-09-01,After congestion pricing,Weekend,PM peak (16-19),69.75,279.0,103,32,2,1
193957_40.607068_-74.163525_WB,193957,40.607068,-74.163525,Staten Island,VICTORY BOULEVARD,Richmond Avenue,Jones Street,WB,2025,9,2025-09-01,After congestion pricing,Weekend,PM peak (16-19),75.66,302.6,105,32,2,1
36369_40.759660_-73.964030_NB,36369,40.759660,-73.964030,Manhattan,EAST 58 STREET,Ed Koch Queensboro Bridge Appr,2 Avenue,NB,2025,10,2025-10-01,After congestion pricing,Weekday,AM peak (06-09),142.94,571.8,225,32,2,1
36369_40.759660_-73.964030_SB,36369,40.759660,-73.964030,Manhattan,EAST 58 STREET,Ed Koch Queensboro Bridge Appr,2 Avenue,SB,2025,10,2025-10-01,After congestion pricing,Weekday,AM peak (06-09),142.75,571.0,225,48,3,1
36369_40.759660_-73.964030_NB,36369,40.759660,-73.964030,Manhattan,EAST 58 STREET,Ed Koch Queensboro Bridge Appr,2 Avenue,NB,2025,10,2025-10-01,After congestion pricing,Weekday,Evening (20-23),0.00,0.0,0,32,2,1
36369_40.759660_-73.964030_SB,36369,40.759660,-73.964030,Manhattan,EAST 58 STREET,Ed Koch Queensboro Bridge Appr,2 Avenue,SB,2025,10,2025-10-01,After congestion pricing,Weekday,Evening (20-23),0.00,0.0,0,48,3,1
36369_40.759660_-73.964030_NB,36369,40.759660,-73.964030,Manhattan,EAST 58 STREET,Ed Koch Queensboro Bridge Appr,2 Avenue,NB,2025,10,2025-10-01,After congestion pricing,Weekday,Midday (10-15),0.00,0.0,0,48,2,1
36369_40.759660_-73.964030_SB,36369,40.759660,-73.964030,Manhattan,EAST 58 STREET,Ed Koch Queensboro Bridge Appr,2 Avenue,SB,2025,10,2025-10-01,After congestion pricing,Weekday,Midday (10-15),0.00,0.0,0,72,3,1
36369_40.759660_-73.964030_NB,36369,40.759660,-73.964030,Manhattan,EAST 58 STREET,Ed Koch Queensboro Bridge Appr,2 Avenue,NB,2025,10,2025-10-01,After congestion pricing,Weekday,Overnight (00-05),0.00,0.0,0,48,2,1
36369_40.759660_-73.964030_SB,36369,40.759660,-73.964030,Manhattan,EAST 58 STREET,Ed Koch Queensboro Bridge Appr,2 Avenue,SB,2025,10,2025-10-01,After congestion pricing,Weekday,Overnight (00-05),0.00,0.0,0,72,3,1
36369_40.759660_-73.964030_NB,36369,40.759660,-73.964030,Manhattan,EAST 58 STREET,Ed Koch Queensboro Bridge Appr,2 Avenue,NB,2025,10,2025-10-01,After congestion pricing,Weekday,PM peak (16-19),0.00,0.0,0,32,2,1
36369_40.759660_-73.964030_SB,36369,40.759660,-73.964030,Manhattan,EAST 58 STREET,Ed Koch Queensboro Bridge Appr,2 Avenue,SB,2025,10,2025-10-01,After congestion pricing,Weekday,PM peak (16-19),0.00,0.0,0,48,3,1
35407_40.741861_-73.951100_SB,35407,40.741861,-73.951100,Queens,LIE WESTBOUND ENTRANCE 50 AVE,50 Avenue,Lie Westbound Entrance 21 St,SB,2025,10,2025-10-01,After congestion pricing,Weekday,AM peak (06-09),83.44,333.8,147,16,1,1
35407_40.741861_-73.951100_SB,35407,40.741861,-73.951100,Queens,LIE WESTBOUND ENTRANCE 50 AVE,50 Avenue,Lie Westbound Entrance 21 St,SB,2025,10,2025-10-01,After congestion pricing,Weekday,Evening (20-23),53.12,212.5,81,16,1,1
35407_40.741861_-73.951100_SB,35407,40.741861,-73.951100,Queens,LIE WESTBOUND ENTRANCE 50 AVE,50 Avenue,Lie Westbound Entrance 21 St,SB,2025,10,2025-10-01,After congestion pricing,Weekday,Midday (10-15),81.75,327.0,137,24,1,1
35407_40.741861_-73.951100_SB,35407,40.741861,-73.951100,Queens,LIE WESTBOUND ENTRANCE 50 AVE,50 Avenue,Lie Westbound Entrance 21 St,SB,2025,10,2025-10-01,After congestion pricing,Weekday,Overnight (00-05),10.92,43.7,21,24,1,1
35407_40.741861_-73.951100_SB,35407,40.741861,-73.951100,Queens,LIE WESTBOUND ENTRANCE 50 AVE,50 Avenue,Lie Westbound Entrance 21 St,SB,2025,10,2025-10-01,After congestion pricing,Weekday,PM peak (16-19),74.50,298.0,122,16,1,1
143052_40.737392_-73.932460_WB,143052,40.737392,-73.932460,Queens,LONG ISLAND EXPWY ET 15 WB,Dead End,Borden Avenue,WB,2025,10,2025-10-01,After congestion pricing,Weekday,AM peak (06-09),296.56,1186.2,358,16,1,1
143052_40.737392_-73.932460_WB,143052,40.737392,-73.932460,Queens,LONG ISLAND EXPWY ET 15 WB,Dead End,Borden Avenue,WB,2025,10,2025-10-01,After congestion pricing,Weekday,Evening (20-23),303.88,1215.5,343,16,1,1
143052_40.737392_-73.932460_WB,143052,40.737392,-73.932460,Queens,LONG ISLAND EXPWY ET 15 WB,Dead End,Borden Avenue,WB,2025,10,2025-10-01,After congestion pricing,Weekday,Midday (10-15),283.79,1135.2,330,24,1,1
143052_40.737392_-73.932460_WB,143052,40.737392,-73.932460,Queens,LONG ISLAND EXPWY ET 15 WB,Dead End,Borden Avenue,WB,2025,10,2025-10-01,After congestion pricing,Weekday,Overnight (00-05),196.25,785.0,360,24,1,1
143052_40.737392_-73.932460_WB,143052,40.737392,-73.932460,Queens,LONG ISLAND EXPWY ET 15 WB,Dead End,Borden Avenue,WB,2025,10,2025-10-01,After congestion pricing,Weekday,PM peak (16-19),284.88,1139.5,313,16,1,1
139020_40.842452_-73.927994_NB,139020,40.842452,-73.927994,Bronx,MAJOR DEEGAN EXPRESSWAY,High Bridge,Major Deegan Expwy Et 7 N Sb,NB,2025,10,2025-10-01,After congestion pricing,Weekday,AM peak (06-09),612.75,2451.0,725,16,1,1
139020_40.842452_-73.927994_NB,139020,40.842452,-73.927994,Bronx,MAJOR DEEGAN EXPRESSWAY,High Bridge,Major Deegan Expwy Et 7 N Sb,NB,2025,10,2025-10-01,After congestion pricing,Weekday,Evening (20-23),576.69,2306.8,704,16,1,1
139020_40.842452_-73.927994_NB,139020,40.842452,-73.927994,Bronx,MAJOR DEEGAN EXPRESSWAY,High Bridge,Major Deegan Expwy Et 7 N Sb,NB,2025,10,2025-10-01,After congestion pricing,Weekday,Midday (10-15),643.04,2572.2,748,24,1,1
139020_40.842452_-73.927994_NB,139020,40.842452,-73.927994,Bronx,MAJOR DEEGAN EXPRESSWAY,High Bridge,Major Deegan Expwy Et 7 N Sb,NB,2025,10,2025-10-01,After congestion pricing,Weekday,Overnight (00-05),216.25,865.0,402,24,1,1
139020_40.842452_-73.927994_NB,139020,40.842452,-73.927994,Bronx,MAJOR DEEGAN EXPRESSWAY,High Bridge,Major Deegan Expwy Et 7 N Sb,NB,2025,10,2025-10-01,After congestion pricing,Weekday,PM peak (16-19),611.38,2445.5,710,16,1,1
41897_40.659087_-73.936989_NB,41897,40.659087,-73.936989,Brooklyn,TROY AVENUE,Hawthorne Street,Fenimore Street,NB,2025,10,2025-10-01,After congestion pricing,Weekday,AM peak (06-09),90.17,360.7,142,80,5,1
41897_40.659087_-73.936989_NB,41897,40.659087,-73.936989,Brooklyn,TROY AVENUE,Hawthorne Street,Fenimore Street,NB,2025,10,2025-10-01,After congestion pricing,Weekend,AM peak (06-09),49.31,197.2,86,32,2,1
41897_40.659087_-73.936989_NB,41897,40.659087,-73.936989,Brooklyn,TROY AVENUE,Hawthorne Street,Fenimore Street,NB,2025,10,2025-10-01,After congestion pricing,Weekday,Evening (20-23),41.98,167.9,76,80,5,1
41897_40.659087_-73.936989_NB,41897,40.659087,-73.936989,Brooklyn,TROY AVENUE,Hawthorne Street,Fenimore Street,NB,2025,10,2025-10-01,After congestion pricing,Weekend,Evening (20-23),48.28,193.1,80,32,2,1
41897_40.659087_-73.936989_NB,41897,40.659087,-73.936989,Brooklyn,TROY AVENUE,Hawthorne Street,Fenimore Street,NB,2025,10,2025-10-01,After congestion pricing,Weekday,Midday (10-15),86.93,347.7,147,120,5,1
41897_40.659087_-73.936989_NB,41897,40.659087,-73.936989,Brooklyn,TROY AVENUE,Hawthorne Street,Fenimore Street,NB,2025,10,2025-10-01,After congestion pricing,Weekend,Midday (10-15),84.15,336.6,118,48,2,1
41897_40.659087_-73.936989_NB,41897,40.659087,-73.936989,Brooklyn,TROY AVENUE,Hawthorne Street,Fenimore Street,NB,2025,10,2025-10-01,After congestion pricing,Weekday,Overnight (00-05),15.23,60.9,37,120,5,1
41897_40.659087_-73.936989_NB,41897,40.659087,-73.936989,Brooklyn,TROY AVENUE,Hawthorne Street,Fenimore Street,NB,2025,10,2025-10-01,After congestion pricing,Weekend,Overnight (00-05),20.31,81.2,43,48,2,1
41897_40.659087_-73.936989_NB,41897,40.659087,-73.936989,Brooklyn,TROY AVENUE,Hawthorne Street,Fenimore Street,NB,2025,10,2025-10-01,After congestion pricing,Weekday,PM peak (16-19),102.86,411.4,144,80,5,1
41897_40.659087_-73.936989_NB,41897,40.659087,-73.936989,Brooklyn,TROY AVENUE,Hawthorne Street,Fenimore Street,NB,2025,10,2025-10-01,After congestion pricing,Weekend,PM peak (16-19),78.16,312.6,100,32,2,1
72887_40.862745_-73.914834_WB,72887,40.862745,-73.914834,Manhattan,UNIVERSITY HEIGHTS BRIDGE,Harlem River Shoreline,Harlem River Shoreline,WB,2025,10,2025-10-01,After congestion pricing,Weekday,AM peak (06-09),302.49,1210.0,371,144,9,1
72887_40.862745_-73.914834_EB,72887,40.862745,-73.914834,Manhattan,UNIVERSITY HEIGHTS BRIDGE,Harlem River Shoreline,Harlem River Shoreline,EB,2025,10,2025-10-01,After congestion pricing,Weekday,AM peak (06-09),173.03,692.1,255,144,9,1
72887_40.862745_-73.914834_WB,72887,40.862745,-73.914834,Manhattan,UNIVERSITY HEIGHTS BRIDGE,Harlem River Shoreline,Harlem River Shoreline,WB,2025,10,2025-10-01,After congestion pricing,Weekend,AM peak (06-09),159.00,636.0,294,64,4,1
72887_40.862745_-73.914834_EB,72887,40.862745,-73.914834,Manhattan,UNIVERSITY HEIGHTS BRIDGE,Harlem River Shoreline,Harlem River Shoreline,EB,2025,10,2025-10-01,After congestion pricing,Weekend,AM peak (06-09),92.66,370.6,162,64,4,1
72887_40.862745_-73.914834_EB,72887,40.862745,-73.914834,Manhattan,UNIVERSITY HEIGHTS BRIDGE,Harlem River Shoreline,Harlem River Shoreline,EB,2025,10,2025-10-01,After congestion pricing,Weekday,Evening (20-23),160.79,643.2,234,144,9,1
72887_40.862745_-73.914834_WB,72887,40.862745,-73.914834,Manhattan,UNIVERSITY HEIGHTS BRIDGE,Harlem River Shoreline,Harlem River Shoreline,WB,2025,10,2025-10-01,After congestion pricing,Weekday,Evening (20-23),200.83,803.3,328,144,9,1
72887_40.862745_-73.914834_WB,72887,40.862745,-73.914834,Manhattan,UNIVERSITY HEIGHTS BRIDGE,Harlem River Shoreline,Harlem River Shoreline,WB,2025,10,2025-10-01,After congestion pricing,Weekend,Evening (20-23),213.19,852.8,280,64,4,1
72887_40.862745_-73.914834_EB,72887,40.862745,-73.914834,Manhattan,UNIVERSITY HEIGHTS BRIDGE,Harlem River Shoreline,Harlem River Shoreline,EB,2025,10,2025-10-01,After congestion pricing,Weekend,Evening (20-23),193.64,774.6,268,64,4,1
72887_40.862745_-73.914834_WB,72887,40.862745,-73.914834,Manhattan,UNIVERSITY HEIGHTS BRIDGE,Harlem River Shoreline,Harlem River Shoreline,WB,2025,10,2025-10-01,After congestion pricing,Weekday,Midday (10-15),278.25,1113.0,329,216,9,1
72887_40.862745_-73.914834_EB,72887,40.862745,-73.914834,Manhattan,UNIVERSITY HEIGHTS BRIDGE,Harlem River Shoreline,Harlem River Shoreline,EB,2025,10,2025-10-01,After congestion pricing,Weekday,Midday (10-15),194.75,779.0,294,216,9,1
72887_40.862745_-73.914834_WB,72887,40.862745,-73.914834,Manhattan,UNIVERSITY HEIGHTS BRIDGE,Harlem River Shoreline,Harlem River Shoreline,WB,2025,10,2025-10-01,After congestion pricing,Weekend,Midday (10-15),273.68,1094.7,321,96,4,1
72887_40.862745_-73.914834_EB,72887,40.862745,-73.914834,Manhattan,UNIVERSITY HEIGHTS BRIDGE,Harlem River Shoreline,Harlem River Shoreline,EB,2025,10,2025-10-01,After congestion pricing,Weekend,Midday (10-15),195.67,782.7,242,96,4,1
72887_40.862745_-73.914834_WB,72887,40.862745,-73.914834,Manhattan,UNIVERSITY HEIGHTS BRIDGE,Harlem River Shoreline,Harlem River Shoreline,WB,2025,10,2025-10-01,After congestion pricing,Weekday,Overnight (00-05),90.32,361.3,274,216,9,1
72887_40.862745_-73.914834_EB,72887,40.862745,-73.914834,Manhattan,UNIVERSITY HEIGHTS BRIDGE,Harlem River Shoreline,Harlem River Shoreline,EB,2025,10,2025-10-01,After congestion pricing,Weekday,Overnight (00-05),70.57,282.3,155,216,9,1
72887_40.862745_-73.914834_WB,72887,40.862745,-73.914834,Manhattan,UNIVERSITY HEIGHTS BRIDGE,Harlem River Shoreline,Harlem River Shoreline,WB,2025,10,2025-10-01,After congestion pricing,Weekend,Overnight (00-05),109.20,436.8,273,96,4,1
72887_40.862745_-73.914834_EB,72887,40.862745,-73.914834,Manhattan,UNIVERSITY HEIGHTS BRIDGE,Harlem River Shoreline,Harlem River Shoreline,EB,2025,10,2025-10-01,After congestion pricing,Weekend,Overnight (00-05),133.09,532.4,253,96,4,1
72887_40.862745_-73.914834_EB,72887,40.862745,-73.914834,Manhattan,UNIVERSITY HEIGHTS BRIDGE,Harlem River Shoreline,Harlem River Shoreline,EB,2025,10,2025-10-01,After congestion pricing,Weekday,PM peak (16-19),243.03,972.1,304,144,9,1
72887_40.862745_-73.914834_WB,72887,40.862745,-73.914834,Manhattan,UNIVERSITY HEIGHTS BRIDGE,Harlem River Shoreline,Harlem River Shoreline,WB,2025,10,2025-10-01,After congestion pricing,Weekday,PM peak (16-19),275.93,1103.7,330,144,9,1
72887_40.862745_-73.914834_WB,72887,40.862745,-73.914834,Manhattan,UNIVERSITY HEIGHTS BRIDGE,Harlem River Shoreline,Harlem River Shoreline,WB,2025,10,2025-10-01,After congestion pricing,Weekend,PM peak (16-19),268.66,1074.6,315,64,4,1
72887_40.862745_-73.914834_EB,72887,40.862745,-73.914834,Manhattan,UNIVERSITY HEIGHTS BRIDGE,Harlem River Shoreline,Harlem River Shoreline,EB,2025,10,2025-10-01,After congestion pricing,Weekend,PM peak (16-19),217.00,868.0,263,64,4,1
31909_40.726861_-74.005591_SB,31909,40.726861,-74.005591,Manhattan,VARICK STREET,Broadway/ 7 Avenue Line,Broadway/ 7 Avenue Line,SB,2025,10,2025-10-01,After congestion pricing,Weekday,AM peak (06-09),260.65,1042.6,337,80,5,1
31909_40.726861_-74.005591_SB,31909,40.726861,-74.005591,Manhattan,VARICK STREET,Broadway/ 7 Avenue Line,Broadway/ 7 Avenue Line,SB,2025,10,2025-10-01,After congestion pricing,Weekend,AM peak (06-09),193.88,775.5,300,32,2,1
31909_40.726861_-74.005591_SB,31909,40.726861,-74.005591,Manhattan,VARICK STREET,Broadway/ 7 Avenue Line,Broadway/ 7 Avenue Line,SB,2025,10,2025-10-01,After congestion pricing,Weekday,Evening (20-23),327.61,1310.5,425,80,5,1
31909_40.726861_-74.005591_SB,31909,40.726861,-74.005591,Manhattan,VARICK STREET,Broadway/ 7 Avenue Line,Broadway/ 7 Avenue Line,SB,2025,10,2025-10-01,After congestion pricing,Weekend,Evening (20-23),310.56,1242.2,375,32,2,1
31909_40.726861_-74.005591_SB,31909,40.726861,-74.005591,Manhattan,VARICK STREET,Broadway/ 7 Avenue Line,Broadway/ 7 Avenue Line,SB,2025,10,2025-10-01,After congestion pricing,Weekday,Midday (10-15),303.88,1215.5,397,120,5,1
31909_40.726861_-74.005591_SB,31909,40.726861,-74.005591,Manhattan,VARICK STREET,Broadway/ 7 Avenue Line,Broadway/ 7 Avenue Line,SB,2025,10,2025-10-01,After congestion pricing,Weekend,Midday (10-15),316.52,1266.1,367,48,2,1
31909_40.726861_-74.005591_SB,31909,40.726861,-74.005591,Manhattan,VARICK STREET,Broadway/ 7 Avenue Line,Broadway/ 7 Avenue Line,SB,2025,10,2025-10-01,After congestion pricing,Weekday,Overnight (00-05),140.61,562.4,294,120,5,1
31909_40.726861_-74.005591_SB,31909,40.726861,-74.005591,Manhattan,VARICK STREET,Broadway/ 7 Avenue Line,Broadway/ 7 Avenue Line,SB,2025,10,2025-10-01,After congestion pricing,Weekend,Overnight (00-05),252.50,1010.0,390,48,2,1
31909_40.726861_-74.005591_SB,31909,40.726861,-74.005591,Manhattan,VARICK STREET,Broadway/ 7 Avenue Line,Broadway/ 7 Avenue Line,SB,2025,10,2025-10-01,After congestion pricing,Weekday,PM peak (16-19),267.48,1069.9,390,80,5,1
31909_40.726861_-74.005591_SB,31909,40.726861,-74.005591,Manhattan,VARICK STREET,Broadway/ 7 Avenue Line,Broadway/ 7 Avenue Line,SB,2025,10,2025-10-01,After congestion pricing,Weekend,PM peak (16-19),336.00,1344.0,378,32,2,1
34537_40.785092_-73.982923_EB,34537,40.785092,-73.982923,Manhattan,WEST 79 STREET,Henry Hudson Pkwy Nb Et 10 A,Henry Hudson Parkway Et 10 Nb,EB,2025,10,2025-10-01,After congestion pricing,Weekday,AM peak (06-09),190.56,762.2,229,16,1,1
34537_40.785092_-73.982923_EB,34537,40.785092,-73.982923,Manhattan,WEST 79 STREET,Henry Hudson Pkwy Nb Et 10 A,Henry Hudson Parkway Et 10 Nb,EB,2025,10,2025-10-01,After congestion pricing,Weekday,Evening (20-23),84.06,336.2,114,16,1,1
34537_40.785092_-73.982923_EB,34537,40.785092,-73.982923,Manhattan,WEST 79 STREET,Henry Hudson Pkwy Nb Et 10 A,Henry Hudson Parkway Et 10 Nb,EB,2025,10,2025-10-01,After congestion pricing,Weekday,Midday (10-15),132.04,528.2,178,24,1,1
34537_40.785092_-73.982923_EB,34537,40.785092,-73.982923,Manhattan,WEST 79 STREET,Henry Hudson Pkwy Nb Et 10 A,Henry Hudson Parkway Et 10 Nb,EB,2025,10,2025-10-01,After congestion pricing,Weekday,Overnight (00-05),21.96,87.8,120,24,1,1
34537_40.785092_-73.982923_EB,34537,40.785092,-73.982923,Manhattan,WEST 79 STREET,Henry Hudson Pkwy Nb Et 10 A,Henry Hudson Parkway Et 10 Nb,EB,2025,10,2025-10-01,After congestion pricing,Weekday,PM peak (16-19),154.56,618.2,193,16,1,1
34332_40.772569_-73.989757_SB,34332,40.772569,-73.989757,Manhattan,WEST END AVENUE,West 60 Street,West 61 Street,SB,2025,10,2025-10-01,After congestion pricing,Weekday,AM peak (06-09),124.78,499.1,195,144,9,1
34332_40.772569_-73.989757_NB,34332,40.772569,-73.989757,Manhattan,WEST END AVENUE,West 60 Street,West 61 Street,NB,2025,10,2025-10-01,After congestion pricing,Weekday,AM peak (06-09),76.15,304.6,127,160,10,1
34332_40.772569_-73.989757_NB,34332,40.772569,-73.989757,Manhattan,WEST END AVENUE,West 60 Street,West 61 Street,NB,2025,10,2025-10-01,After congestion pricing,Weekend,AM peak (06-09),39.53,158.1,78,64,4,1
34332_40.772569_-73.989757_SB,34332,40.772569,-73.989757,Manhattan,WEST END AVENUE,West 60 Street,West 61 Street,SB,2025,10,2025-10-01,After congestion pricing,Weekend,AM peak (06-09),68.58,274.3,140,64,4,1
34332_40.772569_-73.989757_SB,34332,40.772569,-73.989757,Manhattan,WEST END AVENUE,West 60 Street,West 61 Street,SB,2025,10,2025-10-01,After congestion pricing,Weekday,Evening (20-23),118.65,474.6,177,144,9,1
34332_40.772569_-73.989757_NB,34332,40.772569,-73.989757,Manhattan,WEST END AVENUE,West 60 Street,West 61 Street,NB,2025,10,2025-10-01,After congestion pricing,Weekday,Evening (20-23),41.37,165.5,70,160,10,1
34332_40.772569_-73.989757_NB,34332,40.772569,-73.989757,Manhattan,WEST END AVENUE,West 60 Street,West 61 Street,NB,2025,10,2025-10-01,After congestion pricing,Weekend,Evening (20-23),34.98,139.9,65,64,4,1
34332_40.772569_-73.989757_SB,34332,40.772569,-73.989757,Manhattan,WEST END AVENUE,West 60 Street,West 61 Street,SB,2025,10,2025-10-01,After congestion pricing,Weekend,Evening (20-23),105.03,420.1,166,64,4,1
34332_40.772569_-73.989757_SB,34332,40.772569,-73.989757,Manhattan,WEST END AVENUE,West 60 Street,West 61 Street,SB,2025,10,2025-10-01,After congestion pricing,Weekday,Midday (10-15),150.65,602.6,198,216,9,1
34332_40.772569_-73.989757_NB,34332,40.772569,-73.989757,Manhattan,WEST END AVENUE,West 60 Street,West 61 Street,NB,2025,10,2025-10-01,After congestion pricing,Weekday,Midday (10-15),83.59,334.4,121,240,10,1
34332_40.772569_-73.989757_NB,34332,40.772569,-73.989757,Manhattan,WEST END AVENUE,West 60 Street,West 61 Street,NB,2025,10,2025-10-01,After congestion pricing,Weekend,Midday (10-15),62.80,251.2,98,96,4,1
34332_40.772569_-73.989757_SB,34332,40.772569,-73.989757,Manhattan,WEST END AVENUE,West 60 Street,West 61 Street,SB,2025,10,2025-10-01,After congestion pricing,Weekend,Midday (10-15),161.86,647.5,208,96,4,1
34332_40.772569_-73.989757_SB,34332,40.772569,-73.989757,Manhattan,WEST END AVENUE,West 60 Street,West 61 Street,SB,2025,10,2025-10-01,After congestion pricing,Weekday,Overnight (00-05),25.84,103.4,81,216,9,1
34332_40.772569_-73.989757_NB,34332,40.772569,-73.989757,Manhattan,WEST END AVENUE,West 60 Street,West 61 Street,NB,2025,10,2025-10-01,After congestion pricing,Weekday,Overnight (00-05),12.04,48.2,39,240,10,1
34332_40.772569_-73.989757_NB,34332,40.772569,-73.989757,Manhattan,WEST END AVENUE,West 60 Street,West 61 Street,NB,2025,10,2025-10-01,After congestion pricing,Weekend,Overnight (00-05),15.26,61.0,47,96,4,1
34332_40.772569_-73.989757_SB,34332,40.772569,-73.989757,Manhattan,WEST END AVENUE,West 60 Street,West 61 Street,SB,2025,10,2025-10-01,After congestion pricing,Weekend,Overnight (00-05),36.68,146.7,96,96,4,1
34332_40.772569_-73.989757_SB,34332,40.772569,-73.989757,Manhattan,WEST END AVENUE,West 60 Street,West 61 Street,SB,2025,10,2025-10-01,After congestion pricing,Weekday,PM peak (16-19),155.19,620.8,202,144,9,1
34332_40.772569_-73.989757_NB,34332,40.772569,-73.989757,Manhattan,WEST END AVENUE,West 60 Street,West 61 Street,NB,2025,10,2025-10-01,After congestion pricing,Weekday,PM peak (16-19),92.03,368.1,137,160,10,1
34332_40.772569_-73.989757_NB,34332,40.772569,-73.989757,Manhattan,WEST END AVENUE,West 60 Street,West 61 Street,NB,2025,10,2025-10-01,After congestion pricing,Weekend,PM peak (16-19),59.88,239.5,88,64,4,1
34332_40.772569_-73.989757_SB,34332,40.772569,-73.989757,Manhattan,WEST END AVENUE,West 60 Street,West 61 Street,SB,2025,10,2025-10-01,After congestion pricing,Weekend,PM peak (16-19),162.11,648.4,210,64,4,1
252704_40.715908_-73.979450_WB,252704,40.715908,-73.979450,Manhattan,WILLIAMSBURG BR APPROACH,Dead end,Dead End,WB,2025,10,2025-10-01,After congestion pricing,Weekday,AM peak (06-09),516.08,2064.3,617,48,3,1
252704_40.715908_-73.979450_WB,252704,40.715908,-73.979450,Manhattan,WILLIAMSBURG BR APPROACH,Dead end,Dead End,WB,2025,10,2025-10-01,After congestion pricing,Weekday,Evening (20-23),482.31,1929.2,615,48,3,1
252704_40.715908_-73.979450_WB,252704,40.715908,-73.979450,Manhattan,WILLIAMSBURG BR APPROACH,Dead end,Dead End,WB,2025,10,2025-10-01,After congestion pricing,Weekday,Midday (10-15),471.18,1884.7,590,72,3,1
252704_40.715908_-73.979450_WB,252704,40.715908,-73.979450,Manhattan,WILLIAMSBURG BR APPROACH,Dead end,Dead End,WB,2025,10,2025-10-01,After congestion pricing,Weekday,Overnight (00-05),246.01,984.1,480,72,3,1
252704_40.715908_-73.979450_WB,252704,40.715908,-73.979450,Manhattan,WILLIAMSBURG BR APPROACH,Dead end,Dead End,WB,2025,10,2025-10-01,After congestion pricing,Weekday,PM peak (16-19),474.96,1899.8,602,48,3,1
252708_40.715714_-73.979569_EB,252708,40.715714,-73.979569,Manhattan,WILLIAMSBURG BR APPROACH,Dead End,Dead end,EB,2025,10,2025-10-01,After congestion pricing,Weekday,AM peak (06-09),422.58,1690.3,496,48,3,1
252708_40.715714_-73.979569_EB,252708,40.715714,-73.979569,Manhattan,WILLIAMSBURG BR APPROACH,Dead End,Dead end,EB,2025,10,2025-10-01,After congestion pricing,Weekday,Evening (20-23),562.75,2251.0,654,48,3,1
252708_40.715714_-73.979569_EB,252708,40.715714,-73.979569,Manhattan,WILLIAMSBURG BR APPROACH,Dead End,Dead end,EB,2025,10,2025-10-01,After congestion pricing,Weekday,Midday (10-15),526.11,2104.4,640,72,3,1
252708_40.715714_-73.979569_EB,252708,40.715714,-73.979569,Manhattan,WILLIAMSBURG BR APPROACH,Dead End,Dead end,EB,2025,10,2025-10-01,After congestion pricing,Weekday,Overnight (00-05),239.06,956.2,535,72,3,1
252708_40.715714_-73.979569_EB,252708,40.715714,-73.979569,Manhattan,WILLIAMSBURG BR APPROACH,Dead End,Dead end,EB,2025,10,2025-10-01,After congestion pricing,Weekday,PM peak (16-19),616.54,2466.2,700,48,3,1
9009491_40.773415_-73.992900_NB,9009491,40.773415,-73.992900,Manhattan,12 AVENUE,Dead End,Dead end,NB,2025,11,2025-11-01,After congestion pricing,Weekday,AM peak (06-09),484.62,1938.5,669,16,1,1
9009491_40.773415_-73.992900_NB,9009491,40.773415,-73.992900,Manhattan,12 AVENUE,Dead End,Dead end,NB,2025,11,2025-11-01,After congestion pricing,Weekday,Evening (20-23),719.62,2878.5,824,16,1,1
9009491_40.773415_-73.992900_NB,9009491,40.773415,-73.992900,Manhattan,12 AVENUE,Dead End,Dead end,NB,2025,11,2025-11-01,After congestion pricing,Weekday,Midday (10-15),662.25,2649.0,809,24,1,1
9009491_40.773415_-73.992900_NB,9009491,40.773415,-73.992900,Manhattan,12 AVENUE,Dead End,Dead end,NB,2025,11,2025-11-01,After congestion pricing,Weekday,Overnight (00-05),159.71,638.8,459,24,1,1
9009491_40.773415_-73.992900_NB,9009491,40.773415,-73.992900,Manhattan,12 AVENUE,Dead End,Dead end,NB,2025,11,2025-11-01,After congestion pricing,Weekday,PM peak (16-19),703.31,2813.2,778,16,1,1
36375_40.761556_-73.963646_SB,36375,40.761556,-73.963646,Manhattan,2 AVENUE,Astoria Line,East 61 Street,SB,2025,11,2025-11-01,After congestion pricing,Weekday,AM peak (06-09),309.31,1237.2,364,16,1,1
36375_40.761556_-73.963646_SB,36375,40.761556,-73.963646,Manhattan,2 AVENUE,Astoria Line,East 61 Street,SB,2025,11,2025-11-01,After congestion pricing,Weekday,Evening (20-23),426.25,1705.0,477,16,1,1
36375_40.761556_-73.963646_SB,36375,40.761556,-73.963646,Manhattan,2 AVENUE,Astoria Line,East 61 Street,SB,2025,11,2025-11-01,After congestion pricing,Weekday,Midday (10-15),330.58,1322.3,433,24,1,1
36375_40.761556_-73.963646_SB,36375,40.761556,-73.963646,Manhattan,2 AVENUE,Astoria Line,East 61 Street,SB,2025,11,2025-11-01,After congestion pricing,Weekday,Overnight (00-05),196.17,784.7,412,24,1,1
36375_40.761556_-73.963646_SB,36375,40.761556,-73.963646,Manhattan,2 AVENUE,Astoria Line,East 61 Street,SB,2025,11,2025-11-01,After congestion pricing,Weekday,PM peak (16-19),396.88,1587.5,429,16,1,1
140062_40.845589_-73.928537_WB,140062,40.845589,-73.928537,Manhattan,ALEXANDER HAMILTON BRIDGE,Dead End,Harlem River Shoreline,WB,2025,11,2025-11-01,After congestion pricing,Weekday,AM peak (06-09),855.77,3423.1,1134,48,3,1
140062_40.845589_-73.928537_WB,140062,40.845589,-73.928537,Manhattan,ALEXANDER HAMILTON BRIDGE,Dead End,Harlem River Shoreline,WB,2025,11,2025-11-01,After congestion pricing,Weekday,Evening (20-23),801.98,3207.9,1094,48,3,1
140062_40.845589_-73.928537_WB,140062,40.845589,-73.928537,Manhattan,ALEXANDER HAMILTON BRIDGE,Dead End,Harlem River Shoreline,WB,2025,11,2025-11-01,After congestion pricing,Weekday,Midday (10-15),526.69,2106.8,886,72,3,1
140062_40.845589_-73.928537_WB,140062,40.845589,-73.928537,Manhattan,ALEXANDER HAMILTON BRIDGE,Dead End,Harlem River Shoreline,WB,2025,11,2025-11-01,After congestion pricing,Weekday,Overnight (00-05),434.76,1739.1,1095,72,3,1
140062_40.845589_-73.928537_WB,140062,40.845589,-73.928537,Manhattan,ALEXANDER HAMILTON BRIDGE,Dead End,Harlem River Shoreline,WB,2025,11,2025-11-01,After congestion pricing,Weekday,PM peak (16-19),901.40,3605.6,1107,48,3,1
140064_40.845433_-73.928581_EB,140064,40.845433,-73.928581,Manhattan,ALEXANDER HAMILTON BRIDGE,Dead End,Harlem River Shoreline,EB,2025,11,2025-11-01,After congestion pricing,Weekday,AM peak (06-09),954.42,3817.7,1274,48,3,1
140064_40.845433_-73.928581_EB,140064,40.845433,-73.928581,Manhattan,ALEXANDER HAMILTON BRIDGE,Dead End,Harlem River Shoreline,EB,2025,11,2025-11-01,After congestion pricing,Weekday,Evening (20-23),770.92,3083.7,1118,48,3,1
140064_40.845433_-73.928581_EB,140064,40.845433,-73.928581,Manhattan,ALEXANDER HAMILTON BRIDGE,Dead End,Harlem River Shoreline,EB,2025,11,2025-11-01,After congestion pricing,Weekday,Midday (10-15),954.69,3818.8,1272,72,3,1
140064_40.845433_-73.928581_EB,140064,40.845433,-73.928581,Manhattan,ALEXANDER HAMILTON BRIDGE,Dead End,Harlem River Shoreline,EB,2025,11,2025-11-01,After congestion pricing,Weekday,Overnight (00-05),468.28,1873.1,1114,72,3,1
140064_40.845433_-73.928581_EB,140064,40.845433,-73.928581,Manhattan,ALEXANDER HAMILTON BRIDGE,Dead End,Harlem River Shoreline,EB,2025,11,2025-11-01,After congestion pricing,Weekday,PM peak (16-19),823.35,3293.4,1091,48,3,1
32762_40.729951_-73.992012_WB,32762,40.729951,-73.992012,Manhattan,ASTOR PLACE,Broadway,Lafayette Street,WB,2025,11,2025-11-01,After congestion pricing,Weekend,AM peak (06-09),5.75,23.0,11,32,2,1
32762_40.729951_-73.992012_EB,32762,40.729951,-73.992012,Manhattan,ASTOR PLACE,Broadway,Lafayette Street,EB,2025,11,2025-11-01,After congestion pricing,Weekend,AM peak (06-09),2.00,8.0,6,32,2,1
32762_40.729951_-73.992012_WB,32762,40.729951,-73.992012,Manhattan,ASTOR PLACE,Broadway,Lafayette Street,WB,2025,11,2025-11-01,After congestion pricing,Weekend,Evening (20-23),14.25,57.0,21,32,2,1
32762_40.729951_-73.992012_EB,32762,40.729951,-73.992012,Manhattan,ASTOR PLACE,Broadway,Lafayette Street,EB,2025,11,2025-11-01,After congestion pricing,Weekend,Evening (20-23),9.94,39.8,13,32,2,1
32762_40.729951_-73.992012_WB,32762,40.729951,-73.992012,Manhattan,ASTOR PLACE,Broadway,Lafayette Street,WB,2025,11,2025-11-01,After congestion pricing,Weekend,Midday (10-15),11.42,45.7,21,48,2,1
32762_40.729951_-73.992012_EB,32762,40.729951,-73.992012,Manhattan,ASTOR PLACE,Broadway,Lafayette Street,EB,2025,11,2025-11-01,After congestion pricing,Weekend,Midday (10-15),7.54,30.2,11,48,2,1
32762_40.729951_-73.992012_WB,32762,40.729951,-73.992012,Manhattan,ASTOR PLACE,Broadway,Lafayette Street,WB,2025,11,2025-11-01,After congestion pricing,Weekend,Overnight (00-05),9.62,38.5,20,48,2,1
32762_40.729951_-73.992012_EB,32762,40.729951,-73.992012,Manhattan,ASTOR PLACE,Broadway,Lafayette Street,EB,2025,11,2025-11-01,After congestion pricing,Weekend,Overnight (00-05),3.08,12.3,10,48,2,1
32762_40.729951_-73.992012_WB,32762,40.729951,-73.992012,Manhattan,ASTOR PLACE,Broadway,Lafayette Street,WB,2025,11,2025-11-01,After congestion pricing,Weekend,PM peak (16-19),16.81,67.2,23,32,2,1
32762_40.729951_-73.992012_EB,32762,40.729951,-73.992012,Manhattan,ASTOR PLACE,Broadway,Lafayette Street,EB,2025,11,2025-11-01,After congestion pricing,Weekend,PM peak (16-19),10.53,42.1,15,32,2,1
32759_40.729860_-73.993026_SB,32759,40.729860,-73.993026,Manhattan,BROADWAY,Broadway Line,Astor Place,SB,2025,11,2025-11-01,After congestion pricing,Weekend,AM peak (06-09),85.88,343.5,139,32,2,1
32759_40.729860_-73.993026_SB,32759,40.729860,-73.993026,Manhattan,BROADWAY,Broadway Line,Astor Place,SB,2025,11,2025-11-01,After congestion pricing,Weekend,Evening (20-23),224.94,899.8,287,32,2,1
32759_40.729860_-73.993026_SB,32759,40.729860,-73.993026,Manhattan,BROADWAY,Broadway Line,Astor Place,SB,2025,11,2025-11-01,After congestion pricing,Weekend,Midday (10-15),208.58,834.3,247,48,2,1
32759_40.729860_-73.993026_SB,32759,40.729860,-73.993026,Manhattan,BROADWAY,Broadway Line,Astor Place,SB,2025,11,2025-11-01,After congestion pricing,Weekend,Overnight (00-05),134.71,538.8,285,48,2,1
32759_40.729860_-73.993026_SB,32759,40.729860,-73.993026,Manhattan,BROADWAY,Broadway Line,Astor Place,SB,2025,11,2025-11-01,After congestion pricing,Weekend,PM peak (16-19),255.91,1023.6,294,32,2,1
9014212_40.706116_-73.996997_SB,9014212,40.706116,-73.996997,Manhattan,BROOKLYN BRIDGE,Dead End,East River Shoreline,SB,2025,11,2025-11-01,After congestion pricing,Weekday,AM peak (06-09),688.02,2752.1,885,48,3,1
9014212_40.706116_-73.996997_SB,9014212,40.706116,-73.996997,Manhattan,BROOKLYN BRIDGE,Dead End,East River Shoreline,SB,2025,11,2025-11-01,After congestion pricing,Weekday,Evening (20-23),714.98,2859.9,854,48,3,1
9014212_40.706116_-73.996997_SB,9014212,40.706116,-73.996997,Manhattan,BROOKLYN BRIDGE,Dead End,East River Shoreline,SB,2025,11,2025-11-01,After congestion pricing,Weekday,Midday (10-15),660.12,2640.5,779,72,3,1
9014212_40.706116_-73.996997_SB,9014212,40.706116,-73.996997,Manhattan,BROOKLYN BRIDGE,Dead End,East River Shoreline,SB,2025,11,2025-11-01,After congestion pricing,Weekday,Overnight (00-05),284.92,1139.7,643,72,3,1
9014212_40.706116_-73.996997_SB,9014212,40.706116,-73.996997,Manhattan,BROOKLYN BRIDGE,Dead End,East River Shoreline,SB,2025,11,2025-11-01,After congestion pricing,Weekday,PM peak (16-19),683.44,2733.8,810,48,3,1
9014216_40.706194_-73.996870_NB,9014216,40.706194,-73.996870,Manhattan,BROOKLYN BRIDGE,Dead End,East River Shoreline,NB,2025,11,2025-11-01,After congestion pricing,Weekday,AM peak (06-09),663.56,2654.2,759,48,3,1
9014216_40.706194_-73.996870_NB,9014216,40.706194,-73.996870,Manhattan,BROOKLYN BRIDGE,Dead End,East River Shoreline,NB,2025,11,2025-11-01,After congestion pricing,Weekday,Evening (20-23),529.58,2118.3,685,48,3,1
9014216_40.706194_-73.996870_NB,9014216,40.706194,-73.996870,Manhattan,BROOKLYN BRIDGE,Dead End,East River Shoreline,NB,2025,11,2025-11-01,After congestion pricing,Weekday,Midday (10-15),559.50,2238.0,640,72,3,1
9014216_40.706194_-73.996870_NB,9014216,40.706194,-73.996870,Manhattan,BROOKLYN BRIDGE,Dead End,East River Shoreline,NB,2025,11,2025-11-01,After congestion pricing,Weekday,Overnight (00-05),263.82,1055.3,600,72,3,1
9014216_40.706194_-73.996870_NB,9014216,40.706194,-73.996870,Manhattan,BROOKLYN BRIDGE,Dead End,East River Shoreline,NB,2025,11,2025-11-01,After congestion pricing,Weekday,PM peak (16-19),624.69,2498.8,683,48,3,1
140031_40.760713_-73.962949_WB,140031,40.760713,-73.962949,Manhattan,ED KOCH QUEENSBORO BRIDGE,Ed Koch Queensboro Bridge Exit,Dead end,WB,2025,11,2025-11-01,After congestion pricing,Weekday,AM peak (06-09),173.56,694.2,197,16,1,1
140031_40.760713_-73.962949_WB,140031,40.760713,-73.962949,Manhattan,ED KOCH QUEENSBORO BRIDGE,Ed Koch Queensboro Bridge Exit,Dead end,WB,2025,11,2025-11-01,After congestion pricing,Weekday,Evening (20-23),59.88,239.5,87,16,1,1
140031_40.760713_-73.962949_WB,140031,40.760713,-73.962949,Manhattan,ED KOCH QUEENSBORO BRIDGE,Ed Koch Queensboro Bridge Exit,Dead end,WB,2025,11,2025-11-01,After congestion pricing,Weekday,Midday (10-15),161.79,647.2,190,24,1,1
140031_40.760713_-73.962949_WB,140031,40.760713,-73.962949,Manhattan,ED KOCH QUEENSBORO BRIDGE,Ed Koch Queensboro Bridge Exit,Dead end,WB,2025,11,2025-11-01,After congestion pricing,Weekday,Overnight (00-05),36.71,146.8,98,24,1,1
140031_40.760713_-73.962949_WB,140031,40.760713,-73.962949,Manhattan,ED KOCH QUEENSBORO BRIDGE,Ed Koch Queensboro Bridge Exit,Dead end,WB,2025,11,2025-11-01,After congestion pricing,Weekday,PM peak (16-19),143.56,574.2,185,16,1,1
165609_40.760674_-73.963793_EB,165609,40.760674,-73.963793,Manhattan,ED KOCH QUEENSBORO BRIDGE APPR,2 Avenue,Dead end,EB,2025,11,2025-11-01,After congestion pricing,Weekday,AM peak (06-09),402.81,1611.2,466,16,1,1
165609_40.760674_-73.963793_EB,165609,40.760674,-73.963793,Manhattan,ED KOCH QUEENSBORO BRIDGE APPR,2 Avenue,Dead end,EB,2025,11,2025-11-01,After congestion pricing,Weekday,Evening (20-23),326.75,1307.0,418,16,1,1
165609_40.760674_-73.963793_EB,165609,40.760674,-73.963793,Manhattan,ED KOCH QUEENSBORO BRIDGE APPR,2 Avenue,Dead end,EB,2025,11,2025-11-01,After congestion pricing,Weekday,Midday (10-15),353.58,1414.3,452,24,1,1
165609_40.760674_-73.963793_EB,165609,40.760674,-73.963793,Manhattan,ED KOCH QUEENSBORO BRIDGE APPR,2 Avenue,Dead end,EB,2025,11,2025-11-01,After congestion pricing,Weekday,Overnight (00-05),178.25,713.0,319,24,1,1
165609_40.760674_-73.963793_EB,165609,40.760674,-73.963793,Manhattan,ED KOCH QUEENSBORO BRIDGE APPR,2 Avenue,Dead end,EB,2025,11,2025-11-01,After congestion pricing,Weekday,PM peak (16-19),406.38,1625.5,447,16,1,1
35517_40.730703_-73.948969_EB,35517,40.730703,-73.948969,Brooklyn,GREENPOINT AVENUE,Provost Street,Jewel Street,EB,2025,11,2025-11-01,After congestion pricing,Weekday,AM peak (06-09),97.36,389.4,129,64,4,1
35517_40.730703_-73.948969_WB,35517,40.730703,-73.948969,Brooklyn,GREENPOINT AVENUE,Provost Street,Jewel Street,WB,2025,11,2025-11-01,After congestion pricing,Weekday,AM peak (06-09),137.59,550.4,186,64,4,1
35517_40.730703_-73.948969_EB,35517,40.730703,-73.948969,Brooklyn,GREENPOINT AVENUE,Provost Street,Jewel Street,EB,2025,11,2025-11-01,After congestion pricing,Weekend,AM peak (06-09),57.69,230.8,112,32,2,1
35517_40.730703_-73.948969_WB,35517,40.730703,-73.948969,Brooklyn,GREENPOINT AVENUE,Provost Street,Jewel Street,WB,2025,11,2025-11-01,After congestion pricing,Weekend,AM peak (06-09),60.25,241.0,112,32,2,1
35517_40.730703_-73.948969_EB,35517,40.730703,-73.948969,Brooklyn,GREENPOINT AVENUE,Provost Street,Jewel Street,EB,2025,11,2025-11-01,After congestion pricing,Weekday,Evening (20-23),81.16,324.6,123,64,4,1
35517_40.730703_-73.948969_WB,35517,40.730703,-73.948969,Brooklyn,GREENPOINT AVENUE,Provost Street,Jewel Street,WB,2025,11,2025-11-01,After congestion pricing,Weekday,Evening (20-23),53.75,215.0,123,64,4,1
35517_40.730703_-73.948969_EB,35517,40.730703,-73.948969,Brooklyn,GREENPOINT AVENUE,Provost Street,Jewel Street,EB,2025,11,2025-11-01,After congestion pricing,Weekend,Evening (20-23),83.84,335.4,124,32,2,1
35517_40.730703_-73.948969_WB,35517,40.730703,-73.948969,Brooklyn,GREENPOINT AVENUE,Provost Street,Jewel Street,WB,2025,11,2025-11-01,After congestion pricing,Weekend,Evening (20-23),55.62,222.5,102,32,2,1
35517_40.730703_-73.948969_EB,35517,40.730703,-73.948969,Brooklyn,GREENPOINT AVENUE,Provost Street,Jewel Street,EB,2025,11,2025-11-01,After congestion pricing,Weekday,Midday (10-15),126.35,505.4,176,96,4,1
35517_40.730703_-73.948969_WB,35517,40.730703,-73.948969,Brooklyn,GREENPOINT AVENUE,Provost Street,Jewel Street,WB,2025,11,2025-11-01,After congestion pricing,Weekday,Midday (10-15),136.67,546.7,176,96,4,1
35517_40.730703_-73.948969_EB,35517,40.730703,-73.948969,Brooklyn,GREENPOINT AVENUE,Provost Street,Jewel Street,EB,2025,11,2025-11-01,After congestion pricing,Weekend,Midday (10-15),115.92,463.7,156,48,2,1
35517_40.730703_-73.948969_WB,35517,40.730703,-73.948969,Brooklyn,GREENPOINT AVENUE,Provost Street,Jewel Street,WB,2025,11,2025-11-01,After congestion pricing,Weekend,Midday (10-15),118.69,474.8,149,48,2,1
35517_40.730703_-73.948969_EB,35517,40.730703,-73.948969,Brooklyn,GREENPOINT AVENUE,Provost Street,Jewel Street,EB,2025,11,2025-11-01,After congestion pricing,Weekday,Overnight (00-05),27.26,109.0,76,96,4,1
35517_40.730703_-73.948969_WB,35517,40.730703,-73.948969,Brooklyn,GREENPOINT AVENUE,Provost Street,Jewel Street,WB,2025,11,2025-11-01,After congestion pricing,Weekday,Overnight (00-05),24.20,96.8,105,96,4,1
35517_40.730703_-73.948969_EB,35517,40.730703,-73.948969,Brooklyn,GREENPOINT AVENUE,Provost Street,Jewel Street,EB,2025,11,2025-11-01,After congestion pricing,Weekend,Overnight (00-05),36.44,145.8,73,48,2,1
35517_40.730703_-73.948969_WB,35517,40.730703,-73.948969,Brooklyn,GREENPOINT AVENUE,Provost Street,Jewel Street,WB,2025,11,2025-11-01,After congestion pricing,Weekend,Overnight (00-05),23.54,94.2,58,48,2,1
35517_40.730703_-73.948969_EB,35517,40.730703,-73.948969,Brooklyn,GREENPOINT AVENUE,Provost Street,Jewel Street,EB,2025,11,2025-11-01,After congestion pricing,Weekday,PM peak (16-19),130.06,520.2,171,64,4,1
35517_40.730703_-73.948969_WB,35517,40.730703,-73.948969,Brooklyn,GREENPOINT AVENUE,Provost Street,Jewel Street,WB,2025,11,2025-11-01,After congestion pricing,Weekday,PM peak (16-19),118.38,473.5,184,64,4,1
35517_40.730703_-73.948969_EB,35517,40.730703,-73.948969,Brooklyn,GREENPOINT AVENUE,Provost Street,Jewel Street,EB,2025,11,2025-11-01,After congestion pricing,Weekend,PM peak (16-19),109.72,438.9,154,32,2,1
35517_40.730703_-73.948969_WB,35517,40.730703,-73.948969,Brooklyn,GREENPOINT AVENUE,Provost Street,Jewel Street,WB,2025,11,2025-11-01,After congestion pricing,Weekend,PM peak (16-19),99.12,396.5,125,32,2,1
35407_40.741861_-73.951100_SB,35407,40.741861,-73.951100,Queens,LIE WESTBOUND ENTRANCE 50 AVE,50 Avenue,Lie Westbound Entrance 21 St,SB,2025,11,2025-11-01,After congestion pricing,Weekday,AM peak (06-09),84.98,339.9,157,48,3,1
35407_40.741861_-73.951100_SB,35407,40.741861,-73.951100,Queens,LIE WESTBOUND ENTRANCE 50 AVE,50 Avenue,Lie Westbound Entrance 21 St,SB,2025,11,2025-11-01,After congestion pricing,Weekend,AM peak (06-09),25.88,103.5,47,32,2,1
35407_40.741861_-73.951100_SB,35407,40.741861,-73.951100,Queens,LIE WESTBOUND ENTRANCE 50 AVE,50 Avenue,Lie Westbound Entrance 21 St,SB,2025,11,2025-11-01,After congestion pricing,Weekday,Evening (20-23),21.94,87.8,35,48,3,1
35407_40.741861_-73.951100_SB,35407,40.741861,-73.951100,Queens,LIE WESTBOUND ENTRANCE 50 AVE,50 Avenue,Lie Westbound Entrance 21 St,SB,2025,11,2025-11-01,After congestion pricing,Weekend,Evening (20-23),49.22,196.9,86,32,2,1
35407_40.741861_-73.951100_SB,35407,40.741861,-73.951100,Queens,LIE WESTBOUND ENTRANCE 50 AVE,50 Avenue,Lie Westbound Entrance 21 St,SB,2025,11,2025-11-01,After congestion pricing,Weekday,Midday (10-15),71.69,286.8,149,72,3,1
35407_40.741861_-73.951100_SB,35407,40.741861,-73.951100,Queens,LIE WESTBOUND ENTRANCE 50 AVE,50 Avenue,Lie Westbound Entrance 21 St,SB,2025,11,2025-11-01,After congestion pricing,Weekend,Midday (10-15),51.50,206.0,78,48,2,1
35407_40.741861_-73.951100_SB,35407,40.741861,-73.951100,Queens,LIE WESTBOUND ENTRANCE 50 AVE,50 Avenue,Lie Westbound Entrance 21 St,SB,2025,11,2025-11-01,After congestion pricing,Weekday,Overnight (00-05),8.49,33.9,33,72,3,1
35407_40.741861_-73.951100_SB,35407,40.741861,-73.951100,Queens,LIE WESTBOUND ENTRANCE 50 AVE,50 Avenue,Lie Westbound Entrance 21 St,SB,2025,11,2025-11-01,After congestion pricing,Weekend,Overnight (00-05),46.69,186.8,92,48,2,1
35407_40.741861_-73.951100_SB,35407,40.741861,-73.951100,Queens,LIE WESTBOUND ENTRANCE 50 AVE,50 Avenue,Lie Westbound Entrance 21 St,SB,2025,11,2025-11-01,After congestion pricing,Weekday,PM peak (16-19),46.60,186.4,100,48,3,1
35407_40.741861_-73.951100_SB,35407,40.741861,-73.951100,Queens,LIE WESTBOUND ENTRANCE 50 AVE,50 Avenue,Lie Westbound Entrance 21 St,SB,2025,11,2025-11-01,After congestion pricing,Weekend,PM peak (16-19),61.00,244.0,99,32,2,1
143052_40.737392_-73.932460_WB,143052,40.737392,-73.932460,Queens,LONG ISLAND EXPWY ET 15 WB,Dead End,Borden Avenue,WB,2025,11,2025-11-01,After congestion pricing,Weekday,AM peak (06-09),294.67,1178.7,378,48,3,1
143052_40.737392_-73.932460_WB,143052,40.737392,-73.932460,Queens,LONG ISLAND EXPWY ET 15 WB,Dead End,Borden Avenue,WB,2025,11,2025-11-01,After congestion pricing,Weekend,AM peak (06-09),270.25,1081.0,355,32,2,1
143052_40.737392_-73.932460_WB,143052,40.737392,-73.932460,Queens,LONG ISLAND EXPWY ET 15 WB,Dead End,Borden Avenue,WB,2025,11,2025-11-01,After congestion pricing,Weekday,Evening (20-23),263.56,1054.2,317,48,3,1
143052_40.737392_-73.932460_WB,143052,40.737392,-73.932460,Queens,LONG ISLAND EXPWY ET 15 WB,Dead End,Borden Avenue,WB,2025,11,2025-11-01,After congestion pricing,Weekend,Evening (20-23),272.81,1091.2,330,32,2,1
143052_40.737392_-73.932460_WB,143052,40.737392,-73.932460,Queens,LONG ISLAND EXPWY ET 15 WB,Dead End,Borden Avenue,WB,2025,11,2025-11-01,After congestion pricing,Weekday,Midday (10-15),274.14,1096.6,340,72,3,1
143052_40.737392_-73.932460_WB,143052,40.737392,-73.932460,Queens,LONG ISLAND EXPWY ET 15 WB,Dead End,Borden Avenue,WB,2025,11,2025-11-01,After congestion pricing,Weekend,Midday (10-15),276.08,1104.3,343,48,2,1
143052_40.737392_-73.932460_WB,143052,40.737392,-73.932460,Queens,LONG ISLAND EXPWY ET 15 WB,Dead End,Borden Avenue,WB,2025,11,2025-11-01,After congestion pricing,Weekday,Overnight (00-05),189.10,756.4,387,72,3,1
143052_40.737392_-73.932460_WB,143052,40.737392,-73.932460,Queens,LONG ISLAND EXPWY ET 15 WB,Dead End,Borden Avenue,WB,2025,11,2025-11-01,After congestion pricing,Weekend,Overnight (00-05),225.58,902.3,323,48,2,1
143052_40.737392_-73.932460_WB,143052,40.737392,-73.932460,Queens,LONG ISLAND EXPWY ET 15 WB,Dead End,Borden Avenue,WB,2025,11,2025-11-01,After congestion pricing,Weekday,PM peak (16-19),277.67,1110.7,328,48,3,1
143052_40.737392_-73.932460_WB,143052,40.737392,-73.932460,Queens,LONG ISLAND EXPWY ET 15 WB,Dead End,Borden Avenue,WB,2025,11,2025-11-01,After congestion pricing,Weekend,PM peak (16-19),278.97,1115.9,337,32,2,1
139020_40.842452_-73.927994_NB,139020,40.842452,-73.927994,Bronx,MAJOR DEEGAN EXPRESSWAY,High Bridge,Major Deegan Expwy Et 7 N Sb,NB,2025,11,2025-11-01,After congestion pricing,Weekday,AM peak (06-09),607.65,2430.6,756,48,3,1
139020_40.842452_-73.927994_NB,139020,40.842452,-73.927994,Bronx,MAJOR DEEGAN EXPRESSWAY,High Bridge,Major Deegan Expwy Et 7 N Sb,NB,2025,11,2025-11-01,After congestion pricing,Weekend,AM peak (06-09),384.88,1539.5,705,32,2,1
139020_40.842452_-73.927994_NB,139020,40.842452,-73.927994,Bronx,MAJOR DEEGAN EXPRESSWAY,High Bridge,Major Deegan Expwy Et 7 N Sb,NB,2025,11,2025-11-01,After congestion pricing,Weekday,Evening (20-23),554.62,2218.5,724,48,3,1
139020_40.842452_-73.927994_NB,139020,40.842452,-73.927994,Bronx,MAJOR DEEGAN EXPRESSWAY,High Bridge,Major Deegan Expwy Et 7 N Sb,NB,2025,11,2025-11-01,After congestion pricing,Weekend,Evening (20-23),508.41,2033.6,681,32,2,1
139020_40.842452_-73.927994_NB,139020,40.842452,-73.927994,Bronx,MAJOR DEEGAN EXPRESSWAY,High Bridge,Major Deegan Expwy Et 7 N Sb,NB,2025,11,2025-11-01,After congestion pricing,Weekday,Midday (10-15),591.94,2367.8,745,72,3,1
139020_40.842452_-73.927994_NB,139020,40.842452,-73.927994,Bronx,MAJOR DEEGAN EXPRESSWAY,High Bridge,Major Deegan Expwy Et 7 N Sb,NB,2025,11,2025-11-01,After congestion pricing,Weekend,Midday (10-15),516.19,2064.8,747,48,2,1
139020_40.842452_-73.927994_NB,139020,40.842452,-73.927994,Bronx,MAJOR DEEGAN EXPRESSWAY,High Bridge,Major Deegan Expwy Et 7 N Sb,NB,2025,11,2025-11-01,After congestion pricing,Weekday,Overnight (00-05),199.60,798.4,457,72,3,1
139020_40.842452_-73.927994_NB,139020,40.842452,-73.927994,Bronx,MAJOR DEEGAN EXPRESSWAY,High Bridge,Major Deegan Expwy Et 7 N Sb,NB,2025,11,2025-11-01,After congestion pricing,Weekend,Overnight (00-05),338.65,1354.6,589,48,2,1
139020_40.842452_-73.927994_NB,139020,40.842452,-73.927994,Bronx,MAJOR DEEGAN EXPRESSWAY,High Bridge,Major Deegan Expwy Et 7 N Sb,NB,2025,11,2025-11-01,After congestion pricing,Weekday,PM peak (16-19),620.38,2481.5,723,48,3,1
139020_40.842452_-73.927994_NB,139020,40.842452,-73.927994,Bronx,MAJOR DEEGAN EXPRESSWAY,High Bridge,Major Deegan Expwy Et 7 N Sb,NB,2025,11,2025-11-01,After congestion pricing,Weekend,PM peak (16-19),541.97,2167.9,760,32,2,1
157930_40.734302_-73.952239_NB,157930,40.734302,-73.952239,Brooklyn,MC GUINNESS BOULEVARD,Green Street,Freeman Street,NB,2025,11,2025-11-01,After congestion pricing,Weekday,AM peak (06-09),243.92,975.7,311,64,4,1
157930_40.734302_-73.952239_NB,157930,40.734302,-73.952239,Brooklyn,MC GUINNESS BOULEVARD,Green Street,Freeman Street,NB,2025,11,2025-11-01,After congestion pricing,Weekend,AM peak (06-09),105.50,422.0,174,32,2,1
157930_40.734302_-73.952239_NB,157930,40.734302,-73.952239,Brooklyn,MC GUINNESS BOULEVARD,Green Street,Freeman Street,NB,2025,11,2025-11-01,After congestion pricing,Weekday,Evening (20-23),144.00,576.0,233,64,4,1
157930_40.734302_-73.952239_NB,157930,40.734302,-73.952239,Brooklyn,MC GUINNESS BOULEVARD,Green Street,Freeman Street,NB,2025,11,2025-11-01,After congestion pricing,Weekend,Evening (20-23),179.31,717.2,243,32,2,1
157930_40.734302_-73.952239_NB,157930,40.734302,-73.952239,Brooklyn,MC GUINNESS BOULEVARD,Green Street,Freeman Street,NB,2025,11,2025-11-01,After congestion pricing,Weekday,Midday (10-15),234.06,936.2,299,96,4,1
157930_40.734302_-73.952239_NB,157930,40.734302,-73.952239,Brooklyn,MC GUINNESS BOULEVARD,Green Street,Freeman Street,NB,2025,11,2025-11-01,After congestion pricing,Weekend,Midday (10-15),213.73,854.9,270,48,2,1
157930_40.734302_-73.952239_NB,157930,40.734302,-73.952239,Brooklyn,MC GUINNESS BOULEVARD,Green Street,Freeman Street,NB,2025,11,2025-11-01,After congestion pricing,Weekday,Overnight (00-05),53.11,212.5,166,96,4,1
157930_40.734302_-73.952239_NB,157930,40.734302,-73.952239,Brooklyn,MC GUINNESS BOULEVARD,Green Street,Freeman Street,NB,2025,11,2025-11-01,After congestion pricing,Weekend,Overnight (00-05),89.06,356.2,198,48,2,1
157930_40.734302_-73.952239_NB,157930,40.734302,-73.952239,Brooklyn,MC GUINNESS BOULEVARD,Green Street,Freeman Street,NB,2025,11,2025-11-01,After congestion pricing,Weekday,PM peak (16-19),230.70,922.8,297,64,4,1
157930_40.734302_-73.952239_NB,157930,40.734302,-73.952239,Brooklyn,MC GUINNESS BOULEVARD,Green Street,Freeman Street,NB,2025,11,2025-11-01,After congestion pricing,Weekend,PM peak (16-19),236.12,944.5,269,32,2,1
158232_40.734287_-73.952437_SB,158232,40.734287,-73.952437,Brooklyn,MC GUINNESS BOULEVARD,Freeman Street,Green Street,SB,2025,11,2025-11-01,After congestion pricing,Weekday,AM peak (06-09),159.42,637.7,210,64,4,1
158232_40.734287_-73.952437_SB,158232,40.734287,-73.952437,Brooklyn,MC GUINNESS BOULEVARD,Freeman Street,Green Street,SB,2025,11,2025-11-01,After congestion pricing,Weekend,AM peak (06-09),74.62,298.5,133,32,2,1
158232_40.734287_-73.952437_SB,158232,40.734287,-73.952437,Brooklyn,MC GUINNESS BOULEVARD,Freeman Street,Green Street,SB,2025,11,2025-11-01,After congestion pricing,Weekday,Evening (20-23),145.62,582.5,276,64,4,1
158232_40.734287_-73.952437_SB,158232,40.734287,-73.952437,Brooklyn,MC GUINNESS BOULEVARD,Freeman Street,Green Street,SB,2025,11,2025-11-01,After congestion pricing,Weekend,Evening (20-23),140.41,561.6,255,32,2,1
158232_40.734287_-73.952437_SB,158232,40.734287,-73.952437,Brooklyn,MC GUINNESS BOULEVARD,Freeman Street,Green Street,SB,2025,11,2025-11-01,After congestion pricing,Weekday,Midday (10-15),194.96,779.8,271,96,4,1
158232_40.734287_-73.952437_SB,158232,40.734287,-73.952437,Brooklyn,MC GUINNESS BOULEVARD,Freeman Street,Green Street,SB,2025,11,2025-11-01,After congestion pricing,Weekend,Midday (10-15),196.29,785.2,250,48,2,1
158232_40.734287_-73.952437_SB,158232,40.734287,-73.952437,Brooklyn,MC GUINNESS BOULEVARD,Freeman Street,Green Street,SB,2025,11,2025-11-01,After congestion pricing,Weekday,Overnight (00-05),33.95,135.8,94,96,4,1
158232_40.734287_-73.952437_SB,158232,40.734287,-73.952437,Brooklyn,MC GUINNESS BOULEVARD,Freeman Street,Green Street,SB,2025,11,2025-11-01,After congestion pricing,Weekend,Overnight (00-05),61.65,246.6,135,48,2,1
158232_40.734287_-73.952437_SB,158232,40.734287,-73.952437,Brooklyn,MC GUINNESS BOULEVARD,Freeman Street,Green Street,SB,2025,11,2025-11-01,After congestion pricing,Weekday,PM peak (16-19),236.09,944.4,281,64,4,1
158232_40.734287_-73.952437_SB,158232,40.734287,-73.952437,Brooklyn,MC GUINNESS BOULEVARD,Freeman Street,Green Street,SB,2025,11,2025-11-01,After congestion pricing,Weekend,PM peak (16-19),216.09,864.4,257,32,2,1
177943_40.833547_-73.861482_NB,177943,40.833547,-73.861482,Bronx,VIRGINIA AVENUE,Hugh J Grant Circle,Cross Bronx Expressway,NB,2025,11,2025-11-01,After congestion pricing,Weekend,AM peak (06-09),32.09,128.4,80,32,2,1
177943_40.833547_-73.861482_NB,177943,40.833547,-73.861482,Bronx,VIRGINIA AVENUE,Hugh J Grant Circle,Cross Bronx Expressway,NB,2025,11,2025-11-01,After congestion pricing,Weekend,Evening (20-23),46.56,186.2,79,32,2,1
177943_40.833547_-73.861482_NB,177943,40.833547,-73.861482,Bronx,VIRGINIA AVENUE,Hugh J Grant Circle,Cross Bronx Expressway,NB,2025,11,2025-11-01,After congestion pricing,Weekend,Midday (10-15),78.81,315.2,137,48,2,1
177943_40.833547_-73.861482_NB,177943,40.833547,-73.861482,Bronx,VIRGINIA AVENUE,Hugh J Grant Circle,Cross Bronx Expressway,NB,2025,11,2025-11-01,After congestion pricing,Weekend,Overnight (00-05),20.48,81.9,40,48,2,1
177943_40.833547_-73.861482_NB,177943,40.833547,-73.861482,Bronx,VIRGINIA AVENUE,Hugh J Grant Circle,Cross Bronx Expressway,NB,2025,11,2025-11-01,After congestion pricing,Weekend,PM peak (16-19),85.19,340.8,136,32,2,1
34537_40.785092_-73.982923_EB,34537,40.785092,-73.982923,Manhattan,WEST 79 STREET,Henry Hudson Pkwy Nb Et 10 A,Henry Hudson Parkway Et 10 Nb,EB,2025,11,2025-11-01,After congestion pricing,Weekday,AM peak (06-09),183.56,734.2,223,80,5,1
34537_40.785092_-73.982923_EB,34537,40.785092,-73.982923,Manhattan,WEST 79 STREET,Henry Hudson Pkwy Nb Et 10 A,Henry Hudson Parkway Et 10 Nb,EB,2025,11,2025-11-01,After congestion pricing,Weekend,AM peak (06-09),102.34,409.4,170,32,2,1
34537_40.785092_-73.982923_EB,34537,40.785092,-73.982923,Manhattan,WEST 79 STREET,Henry Hudson Pkwy Nb Et 10 A,Henry Hudson Parkway Et 10 Nb,EB,2025,11,2025-11-01,After congestion pricing,Weekday,Evening (20-23),57.58,230.3,104,80,5,1
34537_40.785092_-73.982923_EB,34537,40.785092,-73.982923,Manhattan,WEST 79 STREET,Henry Hudson Pkwy Nb Et 10 A,Henry Hudson Parkway Et 10 Nb,EB,2025,11,2025-11-01,After congestion pricing,Weekend,Evening (20-23),105.09,420.4,163,32,2,1
34537_40.785092_-73.982923_EB,34537,40.785092,-73.982923,Manhattan,WEST 79 STREET,Henry Hudson Pkwy Nb Et 10 A,Henry Hudson Parkway Et 10 Nb,EB,2025,11,2025-11-01,After congestion pricing,Weekday,Midday (10-15),142.57,570.3,193,120,5,1
34537_40.785092_-73.982923_EB,34537,40.785092,-73.982923,Manhattan,WEST 79 STREET,Henry Hudson Pkwy Nb Et 10 A,Henry Hudson Parkway Et 10 Nb,EB,2025,11,2025-11-01,After congestion pricing,Weekend,Midday (10-15),156.56,626.2,184,48,2,1
34537_40.785092_-73.982923_EB,34537,40.785092,-73.982923,Manhattan,WEST 79 STREET,Henry Hudson Pkwy Nb Et 10 A,Henry Hudson Parkway Et 10 Nb,EB,2025,11,2025-11-01,After congestion pricing,Weekday,Overnight (00-05),23.50,94.0,130,120,5,1
34537_40.785092_-73.982923_EB,34537,40.785092,-73.982923,Manhattan,WEST 79 STREET,Henry Hudson Pkwy Nb Et 10 A,Henry Hudson Parkway Et 10 Nb,EB,2025,11,2025-11-01,After congestion pricing,Weekend,Overnight (00-05),20.62,82.5,50,48,2,1
34537_40.785092_-73.982923_EB,34537,40.785092,-73.982923,Manhattan,WEST 79 STREET,Henry Hudson Pkwy Nb Et 10 A,Henry Hudson Parkway Et 10 Nb,EB,2025,11,2025-11-01,After congestion pricing,Weekday,PM peak (16-19),157.96,631.9,215,80,5,1
34537_40.785092_-73.982923_EB,34537,40.785092,-73.982923,Manhattan,WEST 79 STREET,Henry Hudson Pkwy Nb Et 10 A,Henry Hudson Parkway Et 10 Nb,EB,2025,11,2025-11-01,After congestion pricing,Weekend,PM peak (16-19),160.25,641.0,182,32,2,1
32762_40.729951_-73.992012_EB,32762,40.729951,-73.992012,Manhattan,ASTOR PLACE,Broadway,Lafayette Street,EB,2025,12,2025-12-01,After congestion pricing,Weekday,AM peak (06-09),4.76,19.1,10,80,5,1
32762_40.729951_-73.992012_WB,32762,40.729951,-73.992012,Manhattan,ASTOR PLACE,Broadway,Lafayette Street,WB,2025,12,2025-12-01,After congestion pricing,Weekday,AM peak (06-09),11.84,47.4,23,80,5,1
32762_40.729951_-73.992012_EB,32762,40.729951,-73.992012,Manhattan,ASTOR PLACE,Broadway,Lafayette Street,EB,2025,12,2025-12-01,After congestion pricing,Weekday,Evening (20-23),11.28,45.1,20,80,5,1
32762_40.729951_-73.992012_WB,32762,40.729951,-73.992012,Manhattan,ASTOR PLACE,Broadway,Lafayette Street,WB,2025,12,2025-12-01,After congestion pricing,Weekday,Evening (20-23),17.82,71.3,29,80,5,1
32762_40.729951_-73.992012_EB,32762,40.729951,-73.992012,Manhattan,ASTOR PLACE,Broadway,Lafayette Street,EB,2025,12,2025-12-01,After congestion pricing,Weekday,Midday (10-15),8.26,33.0,15,120,5,1
32762_40.729951_-73.992012_WB,32762,40.729951,-73.992012,Manhattan,ASTOR PLACE,Broadway,Lafayette Street,WB,2025,12,2025-12-01,After congestion pricing,Weekday,Midday (10-15),15.72,62.9,25,120,5,1
32762_40.729951_-73.992012_EB,32762,40.729951,-73.992012,Manhattan,ASTOR PLACE,Broadway,Lafayette Street,EB,2025,12,2025-12-01,After congestion pricing,Weekday,Overnight (00-05),3.09,12.4,9,120,5,1
32762_40.729951_-73.992012_WB,32762,40.729951,-73.992012,Manhattan,ASTOR PLACE,Broadway,Lafayette Street,WB,2025,12,2025-12-01,After congestion pricing,Weekday,Overnight (00-05),5.35,21.4,14,120,5,1
32762_40.729951_-73.992012_EB,32762,40.729951,-73.992012,Manhattan,ASTOR PLACE,Broadway,Lafayette Street,EB,2025,12,2025-12-01,After congestion pricing,Weekday,PM peak (16-19),11.16,44.6,17,80,5,1
32762_40.729951_-73.992012_WB,32762,40.729951,-73.992012,Manhattan,ASTOR PLACE,Broadway,Lafayette Street,WB,2025,12,2025-12-01,After congestion pricing,Weekday,PM peak (16-19),17.06,68.2,28,80,5,1
32759_40.729860_-73.993026_SB,32759,40.729860,-73.993026,Manhattan,BROADWAY,Broadway Line,Astor Place,SB,2025,12,2025-12-01,After congestion pricing,Weekday,AM peak (06-09),179.53,718.1,246,80,5,1
32759_40.729860_-73.993026_SB,32759,40.729860,-73.993026,Manhattan,BROADWAY,Broadway Line,Astor Place,SB,2025,12,2025-12-01,After congestion pricing,Weekday,Evening (20-23),264.29,1057.2,327,80,5,1
32759_40.729860_-73.993026_SB,32759,40.729860,-73.993026,Manhattan,BROADWAY,Broadway Line,Astor Place,SB,2025,12,2025-12-01,After congestion pricing,Weekday,Midday (10-15),207.11,828.4,265,120,5,1
32759_40.729860_-73.993026_SB,32759,40.729860,-73.993026,Manhattan,BROADWAY,Broadway Line,Astor Place,SB,2025,12,2025-12-01,After congestion pricing,Weekday,Overnight (00-05),92.40,369.6,237,120,5,1
32759_40.729860_-73.993026_SB,32759,40.729860,-73.993026,Manhattan,BROADWAY,Broadway Line,Astor Place,SB,2025,12,2025-12-01,After congestion pricing,Weekday,PM peak (16-19),262.64,1050.5,320,80,5,1
30283_40.689674_-73.966127_WB,30283,40.689674,-73.966127,Brooklyn,DEKALB AVENUE,Washington Avenue,Hall Street,WB,2025,12,2025-12-01,After congestion pricing,Weekday,AM peak (06-09),94.48,377.9,136,112,7,1
30283_40.689674_-73.966127_WB,30283,40.689674,-73.966127,Brooklyn,DEKALB AVENUE,Washington Avenue,Hall Street,WB,2025,12,2025-12-01,After congestion pricing,Weekend,AM peak (06-09),74.78,299.1,133,32,2,1
30283_40.689674_-73.966127_WB,30283,40.689674,-73.966127,Brooklyn,DEKALB AVENUE,Washington Avenue,Hall Street,WB,2025,12,2025-12-01,After congestion pricing,Weekday,Evening (20-23),78.65,314.6,111,112,7,1
30283_40.689674_-73.966127_WB,30283,40.689674,-73.966127,Brooklyn,DEKALB AVENUE,Washington Avenue,Hall Street,WB,2025,12,2025-12-01,After congestion pricing,Weekend,Evening (20-23),89.09,356.4,121,32,2,1
30283_40.689674_-73.966127_WB,30283,40.689674,-73.966127,Brooklyn,DEKALB AVENUE,Washington Avenue,Hall Street,WB,2025,12,2025-12-01,After congestion pricing,Weekday,Midday (10-15),120.70,482.8,145,168,7,1
30283_40.689674_-73.966127_WB,30283,40.689674,-73.966127,Brooklyn,DEKALB AVENUE,Washington Avenue,Hall Street,WB,2025,12,2025-12-01,After congestion pricing,Weekend,Midday (10-15),114.42,457.7,138,48,2,1
30283_40.689674_-73.966127_WB,30283,40.689674,-73.966127,Brooklyn,DEKALB AVENUE,Washington Avenue,Hall Street,WB,2025,12,2025-12-01,After congestion pricing,Weekday,Overnight (00-05),22.26,89.0,71,168,7,1
30283_40.689674_-73.966127_WB,30283,40.689674,-73.966127,Brooklyn,DEKALB AVENUE,Washington Avenue,Hall Street,WB,2025,12,2025-12-01,After congestion pricing,Weekend,Overnight (00-05),25.44,101.8,52,48,2,1
30283_40.689674_-73.966127_WB,30283,40.689674,-73.966127,Brooklyn,DEKALB AVENUE,Washington Avenue,Hall Street,WB,2025,12,2025-12-01,After congestion pricing,Weekday,PM peak (16-19),125.43,501.7,148,112,7,1
30283_40.689674_-73.966127_WB,30283,40.689674,-73.966127,Brooklyn,DEKALB AVENUE,Washington Avenue,Hall Street,WB,2025,12,2025-12-01,After congestion pricing,Weekend,PM peak (16-19),118.19,472.8,136,32,2,1
111532_40.804983_-73.925215_EB,111532,40.804983,-73.925215,Bronx,EAST 132 STREET,Dead End,Dead end,EB,2025,12,2025-12-01,After congestion pricing,Weekday,AM peak (06-09),292.99,1172.0,379,80,5,1
111532_40.804983_-73.925215_EB,111532,40.804983,-73.925215,Bronx,EAST 132 STREET,Dead End,Dead end,EB,2025,12,2025-12-01,After congestion pricing,Weekend,AM peak (06-09),181.50,726.0,283,64,4,1
111532_40.804983_-73.925215_EB,111532,40.804983,-73.925215,Bronx,EAST 132 STREET,Dead End,Dead end,EB,2025,12,2025-12-01,After congestion pricing,Weekday,Evening (20-23),294.19,1176.8,378,80,5,1
111532_40.804983_-73.925215_EB,111532,40.804983,-73.925215,Bronx,EAST 132 STREET,Dead End,Dead end,EB,2025,12,2025-12-01,After congestion pricing,Weekend,Evening (20-23),271.36,1085.4,342,64,4,1
111532_40.804983_-73.925215_EB,111532,40.804983,-73.925215,Bronx,EAST 132 STREET,Dead End,Dead end,EB,2025,12,2025-12-01,After congestion pricing,Weekday,Midday (10-15),307.98,1231.9,448,120,5,1
111532_40.804983_-73.925215_EB,111532,40.804983,-73.925215,Bronx,EAST 132 STREET,Dead End,Dead end,EB,2025,12,2025-12-01,After congestion pricing,Weekend,Midday (10-15),271.66,1086.6,434,96,4,1
111532_40.804983_-73.925215_EB,111532,40.804983,-73.925215,Bronx,EAST 132 STREET,Dead End,Dead end,EB,2025,12,2025-12-01,After congestion pricing,Weekday,Overnight (00-05),148.59,594.4,303,120,5,1
111532_40.804983_-73.925215_EB,111532,40.804983,-73.925215,Bronx,EAST 132 STREET,Dead End,Dead end,EB,2025,12,2025-12-01,After congestion pricing,Weekend,Overnight (00-05),172.72,690.9,327,96,4,1
111532_40.804983_-73.925215_EB,111532,40.804983,-73.925215,Bronx,EAST 132 STREET,Dead End,Dead end,EB,2025,12,2025-12-01,After congestion pricing,Weekday,PM peak (16-19),398.74,1595.0,466,80,5,1
111532_40.804983_-73.925215_EB,111532,40.804983,-73.925215,Bronx,EAST 132 STREET,Dead End,Dead end,EB,2025,12,2025-12-01,After congestion pricing,Weekend,PM peak (16-19),322.08,1288.3,425,64,4,1
276694_40.806511_-73.924849_NB,276694,40.806511,-73.924849,Bronx,MDE NB ENTRANCE WILLIS AVENUE BR,Bruckner Boulevard,Dead end,NB,2025,12,2025-12-01,After congestion pricing,Weekday,AM peak (06-09),308.02,1232.1,391,80,5,1
276694_40.806511_-73.924849_NB,276694,40.806511,-73.924849,Bronx,MDE NB ENTRANCE WILLIS AVENUE BR,Bruckner Boulevard,Dead end,NB,2025,12,2025-12-01,After congestion pricing,Weekend,AM peak (06-09),220.72,882.9,346,64,4,1
276694_40.806511_-73.924849_NB,276694,40.806511,-73.924849,Bronx,MDE NB ENTRANCE WILLIS AVENUE BR,Bruckner Boulevard,Dead end,NB,2025,12,2025-12-01,After congestion pricing,Weekday,Evening (20-23),367.95,1471.8,430,80,5,1
276694_40.806511_-73.924849_NB,276694,40.806511,-73.924849,Bronx,MDE NB ENTRANCE WILLIS AVENUE BR,Bruckner Boulevard,Dead end,NB,2025,12,2025-12-01,After congestion pricing,Weekend,Evening (20-23),337.42,1349.7,419,64,4,1
276694_40.806511_-73.924849_NB,276694,40.806511,-73.924849,Bronx,MDE NB ENTRANCE WILLIS AVENUE BR,Bruckner Boulevard,Dead end,NB,2025,12,2025-12-01,After congestion pricing,Weekday,Midday (10-15),272.86,1091.4,329,120,5,1
276694_40.806511_-73.924849_NB,276694,40.806511,-73.924849,Bronx,MDE NB ENTRANCE WILLIS AVENUE BR,Bruckner Boulevard,Dead end,NB,2025,12,2025-12-01,After congestion pricing,Weekend,Midday (10-15),310.98,1243.9,396,96,4,1
276694_40.806511_-73.924849_NB,276694,40.806511,-73.924849,Bronx,MDE NB ENTRANCE WILLIS AVENUE BR,Bruckner Boulevard,Dead end,NB,2025,12,2025-12-01,After congestion pricing,Weekday,Overnight (00-05),145.13,580.5,326,120,5,1
276694_40.806511_-73.924849_NB,276694,40.806511,-73.924849,Bronx,MDE NB ENTRANCE WILLIS AVENUE BR,Bruckner Boulevard,Dead end,NB,2025,12,2025-12-01,After congestion pricing,Weekend,Overnight (00-05),206.40,825.6,434,96,4,1
276694_40.806511_-73.924849_NB,276694,40.806511,-73.924849,Bronx,MDE NB ENTRANCE WILLIS AVENUE BR,Bruckner Boulevard,Dead end,NB,2025,12,2025-12-01,After congestion pricing,Weekday,PM peak (16-19),304.77,1219.1,394,80,5,1
276694_40.806511_-73.924849_NB,276694,40.806511,-73.924849,Bronx,MDE NB ENTRANCE WILLIS AVENUE BR,Bruckner Boulevard,Dead end,NB,2025,12,2025-12-01,After congestion pricing,Weekend,PM peak (16-19),327.53,1310.1,375,64,4,1
177943_40.833547_-73.861482_NB,177943,40.833547,-73.861482,Bronx,VIRGINIA AVENUE,Hugh J Grant Circle,Cross Bronx Expressway,NB,2025,12,2025-12-01,After congestion pricing,Weekday,AM peak (06-09),155.97,623.9,236,80,5,1
177943_40.833547_-73.861482_NB,177943,40.833547,-73.861482,Bronx,VIRGINIA AVENUE,Hugh J Grant Circle,Cross Bronx Expressway,NB,2025,12,2025-12-01,After congestion pricing,Weekday,Evening (20-23),43.02,172.1,81,80,5,1
177943_40.833547_-73.861482_NB,177943,40.833547,-73.861482,Bronx,VIRGINIA AVENUE,Hugh J Grant Circle,Cross Bronx Expressway,NB,2025,12,2025-12-01,After congestion pricing,Weekday,Midday (10-15),94.24,377.0,161,120,5,1
177943_40.833547_-73.861482_NB,177943,40.833547,-73.861482,Bronx,VIRGINIA AVENUE,Hugh J Grant Circle,Cross Bronx Expressway,NB,2025,12,2025-12-01,After congestion pricing,Weekday,Overnight (00-05),16.91,67.6,45,120,5,1
177943_40.833547_-73.861482_NB,177943,40.833547,-73.861482,Bronx,VIRGINIA AVENUE,Hugh J Grant Circle,Cross Bronx Expressway,NB,2025,12,2025-12-01,After congestion pricing,Weekday,PM peak (16-19),102.33,409.3,166,80,5,1
122281_40.833339_-73.860091_WB,122281,40.833339,-73.860091,Bronx,WESTCHESTER AVENUE,Hugh J Grant Circle,Hugh J Grant Circle,WB,2025,12,2025-12-01,After congestion pricing,Weekday,AM peak (06-09),201.20,804.8,291,80,5,1
122281_40.833339_-73.860091_WB,122281,40.833339,-73.860091,Bronx,WESTCHESTER AVENUE,Hugh J Grant Circle,Hugh J Grant Circle,WB,2025,12,2025-12-01,After congestion pricing,Weekend,AM peak (06-09),64.41,257.6,114,32,2,1
122281_40.833339_-73.860091_WB,122281,40.833339,-73.860091,Bronx,WESTCHESTER AVENUE,Hugh J Grant Circle,Hugh J Grant Circle,WB,2025,12,2025-12-01,After congestion pricing,Weekday,Evening (20-23),73.26,293.1,137,80,5,1
122281_40.833339_-73.860091_WB,122281,40.833339,-73.860091,Bronx,WESTCHESTER AVENUE,Hugh J Grant Circle,Hugh J Grant Circle,WB,2025,12,2025-12-01,After congestion pricing,Weekend,Evening (20-23),84.00,336.0,124,32,2,1
122281_40.833339_-73.860091_WB,122281,40.833339,-73.860091,Bronx,WESTCHESTER AVENUE,Hugh J Grant Circle,Hugh J Grant Circle,WB,2025,12,2025-12-01,After congestion pricing,Weekday,Midday (10-15),157.26,629.0,218,120,5,1
122281_40.833339_-73.860091_WB,122281,40.833339,-73.860091,Bronx,WESTCHESTER AVENUE,Hugh J Grant Circle,Hugh J Grant Circle,WB,2025,12,2025-12-01,After congestion pricing,Weekend,Midday (10-15),132.06,528.2,189,48,2,1
122281_40.833339_-73.860091_WB,122281,40.833339,-73.860091,Bronx,WESTCHESTER AVENUE,Hugh J Grant Circle,Hugh J Grant Circle,WB,2025,12,2025-12-01,After congestion pricing,Weekday,Overnight (00-05),27.57,110.3,108,120,5,1
122281_40.833339_-73.860091_WB,122281,40.833339,-73.860091,Bronx,WESTCHESTER AVENUE,Hugh J Grant Circle,Hugh J Grant Circle,WB,2025,12,2025-12-01,After congestion pricing,Weekend,Overnight (00-05),38.15,152.6,71,48,2,1
122281_40.833339_-73.860091_WB,122281,40.833339,-73.860091,Bronx,WESTCHESTER AVENUE,Hugh J Grant Circle,Hugh J Grant Circle,WB,2025,12,2025-12-01,After congestion pricing,Weekday,PM peak (16-19),171.81,687.2,236,80,5,1
122281_40.833339_-73.860091_WB,122281,40.833339,-73.860091,Bronx,WESTCHESTER AVENUE,Hugh J Grant Circle,Hugh J Grant Circle,WB,2025,12,2025-12-01,After congestion pricing,Weekend,PM peak (16-19),146.22,584.9,208,32,2,1
