{
  "type": "FeatureCollection",
  "features": [
    {
      "type": "Feature",
      "geometry": {
        "type": "Point",
        "coordinates": [
          -73.930003,
          40.714386
        ]
      },
      "properties": {
        "source_id": "dot_automated_traffic_counts_archive_20260915",
        "measure_id": "dot_monthly_sampled_traffic_volume",
        "segment_id": 152523,
        "borough": "Brooklyn",
        "direction": "WB",
        "month": "2024-01",
        "mean_observed_15_min_volume": 42.885417,
        "max_observed_15_min_volume": 146,
        "observation_count": 864,
        "observed_days": 9,
        "count_sessions": 1,
        "street": "METROPOLITAN AVENUE",
        "from_street": "Dead end",
        "to_street": "Varick Avenue"
      }
    },
    {
      "type": "Feature",
      "geometry": {
        "type": "Point",
        "coordinates": [
          -73.877549,
          40.736923
        ]
      },
      "properties": {
        "source_id": "dot_automated_traffic_counts_archive_20260915",
        "measure_id": "dot_monthly_sampled_traffic_volume",
        "segment_id": 253492,
        "borough": "Queens",
        "direction": "NB",
        "month": "2024-01",
        "mean_observed_15_min_volume": 61.329861,
        "max_observed_15_min_volume": 120,
        "observation_count": 864,
        "observed_days": 9,
        "count_sessions": 1,
        "street": "BROADWAY",
        "from_street": "Queens Boulevard Line",
        "to_street": "Queens Boulevard"
      }
    },
    {
      "type": "Feature",
      "geometry": {
        "type": "Point",
        "coordinates": [
          -73.877442,
          40.737096
        ]
      },
      "properties": {
        "source_id": "dot_automated_traffic_counts_archive_20260915",
        "measure_id": "dot_monthly_sampled_traffic_volume",
        "segment_id": 253492,
        "borough": "Queens",
        "direction": "SB",
        "month": "2024-01",
        "mean_observed_15_min_volume": 55.443287,
        "max_observed_15_min_volume": 90,
        "observation_count": 864,
        "observed_days": 9,
        "count_sessions": 1,
        "street": "BROADWAY",
        "from_street": "Queens Boulevard",
        "to_street": "Queens Boulevard Line"
      }
    },
    {
      "type": "Feature",
      "geometry": {
        "type": "Point",
        "coordinates": [
          -73.803301,
          40.68866
        ]
      },
      "properties": {
        "source_id": "dot_automated_traffic_counts_archive_20260915",
        "measure_id": "dot_monthly_sampled_traffic_volume",
        "segment_id": 57162,
        "borough": "Queens",
        "direction": "EB",
        "month": "2024-01",
        "mean_observed_15_min_volume": 23.078125,
        "max_observed_15_min_volume": 78,
        "observation_count": 1344,
        "observed_days": 14,
        "count_sessions": 1,
        "street": "109 AVENUE",
        "from_street": "143 Street",
        "to_street": "Pinegrove Street"
      }
    },
    {
      "type": "Feature",
      "geometry": {
        "type": "Point",
        "coordinates": [
          -73.803301,
          40.68866
        ]
      },
      "properties": {
        "source_id": "dot_automated_traffic_counts_archive_20260915",
        "measure_id": "dot_monthly_sampled_traffic_volume",
        "segment_id": 57162,
        "borough": "Queens",
        "direction": "WB",
        "month": "2024-01",
        "mean_observed_15_min_volume": 13.443452,
        "max_observed_15_min_volume": 31,
        "observation_count": 1344,
        "observed_days": 14,
        "count_sessions": 1,
        "street": "109 AVENUE",
        "from_street": "143 Street",
        "to_street": "Pinegrove Street"
      }
    },
    {
      "type": "Feature",
      "geometry": {
        "type": "Point",
        "coordinates": [
          -73.908655,
          40.813146
        ]
      },
      "properties": {
        "source_id": "dot_automated_traffic_counts_archive_20260915",
        "measure_id": "dot_monthly_sampled_traffic_volume",
        "segment_id": 70542,
        "borough": "Bronx",
        "direction": "EB",
        "month": "2024-01",
        "mean_observed_15_min_volume": 37.895833,
        "max_observed_15_min_volume": 104,
        "observation_count": 192,
        "observed_days": 2,
        "count_sessions": 1,
        "street": "EAST 149 STREET",
        "from_street": "Jackson Avenue",
        "to_street": "Concord Avenue"
      }
    },
    {
      "type": "Feature",
      "geometry": {
        "type": "Point",
        "coordinates": [
          -73.908655,
          40.813146
        ]
      },
      "properties": {
        "source_id": "dot_automated_traffic_counts_archive_20260915",
        "measure_id": "dot_monthly_sampled_traffic_volume",
        "segment_id": 70542,
        "borough": "Bronx",
        "direction": "WB",
        "month": "2024-01",
        "mean_observed_15_min_volume": 64.385417,
        "max_observed_15_min_volume": 149,
        "observation_count": 192,
        "observed_days": 2,
        "count_sessions": 1,
        "street": "EAST 149 STREET",
        "from_street": "Jackson Avenue",
        "to_street": "Concord Avenue"
      }
    },
    {
      "type": "Feature",
      "geometry": {
        "type": "Point",
        "coordinates": [
          -73.91145,
          40.871351
        ]
      },
      "properties": {
        "source_id": "dot_automated_traffic_counts_archive_20260915",
        "measure_id": "dot_monthly_sampled_traffic_volume",
        "segment_id": 73023,
        "borough": "Manhattan",
        "direction": "SB",
        "month": "2024-01",
        "mean_observed_15_min_volume": 17.613095,
        "max_observed_15_min_volume": 145,
        "observation_count": 672,
        "observed_days": 7,
        "count_sessions": 1,
        "street": "9 AVENUE",
        "from_street": "West 219 Street",
        "to_street": "West 220 Street"
      }
    },
    {
      "type": "Feature",
      "geometry": {
        "type": "Point",
        "coordinates": [
          -73.891296,
          40.728275
        ]
      },
      "properties": {
        "source_id": "dot_automated_traffic_counts_archive_20260915",
        "measure_id": "dot_monthly_sampled_traffic_volume",
        "segment_id": 74363,
        "borough": "Queens",
        "direction": "EB",
        "month": "2024-01",
        "mean_observed_15_min_volume": 52.439815,
        "max_observed_15_min_volume": 142,
        "observation_count": 864,
        "observed_days": 9,
        "count_sessions": 1,
        "street": "GRAND AVENUE",
        "from_street": "72 Street",
        "to_street": "Mazeau Street"
      }
    },
    {
      "type": "Feature",
      "geometry": {
        "type": "Point",
        "coordinates": [
          -73.795069,
          40.69813
        ]
      },
      "properties": {
        "source_id": "dot_automated_traffic_counts_archive_20260915",
        "measure_id": "dot_monthly_sampled_traffic_volume",
        "segment_id": 9000515,
        "borough": "Queens",
        "direction": "NB",
        "month": "2024-01",
        "mean_observed_15_min_volume": 40.392857,
        "max_observed_15_min_volume": 129,
        "observation_count": 1344,
        "observed_days": 14,
        "count_sessions": 1,
        "street": "160 STREET",
        "from_street": "Dead End",
        "to_street": "Dead end"
      }
    },
    {
      "type": "Feature",
      "geometry": {
        "type": "Point",
        "coordinates": [
          -73.795069,
          40.69813
        ]
      },
      "properties": {
        "source_id": "dot_automated_traffic_counts_archive_20260915",
        "measure_id": "dot_monthly_sampled_traffic_volume",
        "segment_id": 9000515,
        "borough": "Queens",
        "direction": "SB",
        "month": "2024-01",
        "mean_observed_15_min_volume": 14.529762,
        "max_observed_15_min_volume": 43,
        "observation_count": 1344,
        "observed_days": 14,
        "count_sessions": 1,
        "street": "160 STREET",
        "from_street": "Dead End",
        "to_street": "Dead end"
      }
    },
    {
      "type": "Feature",
      "geometry": {
        "type": "Point",
        "coordinates": [
          -73.967518,
          40.752288
        ]
      },
      "properties": {
        "source_id": "dot_automated_traffic_counts_archive_20260915",
        "measure_id": "dot_monthly_sampled_traffic_volume",
        "segment_id": 145850,
        "borough": "Manhattan",
        "direction": "NB",
        "month": "2024-02",
        "mean_observed_15_min_volume": 48.904762,
        "max_observed_15_min_volume": 100,
        "observation_count": 672,
        "observed_days": 7,
        "count_sessions": 1,
        "street": "1 AVENUE",
        "from_street": "East 47 Street",
        "to_street": "Dead end"
      }
    },
    {
      "type": "Feature",
      "geometry": {
        "type": "Point",
        "coordinates": [
          -73.991461,
          40.709863
        ]
      },
      "properties": {
        "source_id": "dot_automated_traffic_counts_archive_20260915",
        "measure_id": "dot_monthly_sampled_traffic_volume",
        "segment_id": 162681,
        "borough": "Manhattan",
        "direction": "EB",
        "month": "2024-02",
        "mean_observed_15_min_volume": 46.825231,
        "max_observed_15_min_volume": 89,
        "observation_count": 864,
        "observed_days": 9,
        "count_sessions": 1,
        "street": "SOUTH STREET",
        "from_street": "Pike Slip",
        "to_street": "Rutgers Slip"
      }
    },
    {
      "type": "Feature",
      "geometry": {
        "type": "Point",
        "coordinates": [
          -73.991461,
          40.709863
        ]
      },
      "properties": {
        "source_id": "dot_automated_traffic_counts_archive_20260915",
        "measure_id": "dot_monthly_sampled_traffic_volume",
        "segment_id": 162681,
        "borough": "Manhattan",
        "direction": "WB",
        "month": "2024-02",
        "mean_observed_15_min_volume": 33.440972,
        "max_observed_15_min_volume": 102,
        "observation_count": 864,
        "observed_days": 9,
        "count_sessions": 1,
        "street": "SOUTH STREET",
        "from_street": "Pike Slip",
        "to_street": "Rutgers Slip"
      }
    },
    {
      "type": "Feature",
      "geometry": {
        "type": "Point",
        "coordinates": [
          -73.950651,
          40.79748
        ]
      },
      "properties": {
        "source_id": "dot_automated_traffic_counts_archive_20260915",
        "measure_id": "dot_monthly_sampled_traffic_volume",
        "segment_id": 166137,
        "borough": "Manhattan",
        "direction": "EB",
        "month": "2024-02",
        "mean_observed_15_min_volume": 39.989583,
        "max_observed_15_min_volume": 91,
        "observation_count": 576,
        "observed_days": 6,
        "count_sessions": 1,
        "street": "CENTRAL PARK NORTH",
        "from_street": "Frawley Circle",
        "to_street": "Central Park Lenox Avenue Appr"
      }
    },
    {
      "type": "Feature",
      "geometry": {
        "type": "Point",
        "coordinates": [
          -73.950651,
          40.79748
        ]
      },
      "properties": {
        "source_id": "dot_automated_traffic_counts_archive_20260915",
        "measure_id": "dot_monthly_sampled_traffic_volume",
        "segment_id": 166137,
        "borough": "Manhattan",
        "direction": "WB",
        "month": "2024-02",
        "mean_observed_15_min_volume": 23.696181,
        "max_observed_15_min_volume": 72,
        "observation_count": 576,
        "observed_days": 6,
        "count_sessions": 1,
        "street": "CENTRAL PARK NORTH",
        "from_street": "Frawley Circle",
        "to_street": "Central Park Lenox Avenue Appr"
      }
    },
    {
      "type": "Feature",
      "geometry": {
        "type": "Point",
        "coordinates": [
          -73.952214,
          40.803485
        ]
      },
      "properties": {
        "source_id": "dot_automated_traffic_counts_archive_20260915",
        "measure_id": "dot_monthly_sampled_traffic_volume",
        "segment_id": 190295,
        "borough": "Manhattan",
        "direction": "NB",
        "month": "2024-02",
        "mean_observed_15_min_volume": 58.560932,
        "max_observed_15_min_volume": 214,
        "observation_count": 558,
        "observed_days": 6,
        "count_sessions": 1,
        "street": "ADAM C POWELL BOULEVARD",
        "from_street": "Dead End",
        "to_street": "West 117 Street"
      }
    },
    {
      "type": "Feature",
      "geometry": {
        "type": "Point",
        "coordinates": [
          -73.952214,
          40.803485
        ]
      },
      "properties": {
        "source_id": "dot_automated_traffic_counts_archive_20260915",
        "measure_id": "dot_monthly_sampled_traffic_volume",
        "segment_id": 190295,
        "borough": "Manhattan",
        "direction": "SB",
        "month": "2024-02",
        "mean_observed_15_min_volume": 58.321181,
        "max_observed_15_min_volume": 191,
        "observation_count": 576,
        "observed_days": 6,
        "count_sessions": 1,
        "street": "ADAM C POWELL BOULEVARD",
        "from_street": "Dead End",
        "to_street": "West 117 Street"
      }
    },
    {
      "type": "Feature",
      "geometry": {
        "type": "Point",
        "coordinates": [
          -73.945251,
          40.630545
        ]
      },
      "properties": {
        "source_id": "dot_automated_traffic_counts_archive_20260915",
        "measure_id": "dot_monthly_sampled_traffic_volume",
        "segment_id": 27660,
        "borough": "Brooklyn",
        "direction": "NB",
        "month": "2024-02",
        "mean_observed_15_min_volume": 128.986607,
        "max_observed_15_min_volume": 256,
        "observation_count": 672,
        "observed_days": 7,
        "count_sessions": 1,
        "street": "FLATBUSH AVENUE",
        "from_street": "East 32 Street",
        "to_street": "Aurelia Court"
      }
    },
    {
      "type": "Feature",
      "geometry": {
        "type": "Point",
        "coordinates": [
          -73.945251,
          40.630545
        ]
      },
      "properties": {
        "source_id": "dot_automated_traffic_counts_archive_20260915",
        "measure_id": "dot_monthly_sampled_traffic_volume",
        "segment_id": 27660,
        "borough": "Brooklyn",
        "direction": "SB",
        "month": "2024-02",
        "mean_observed_15_min_volume": 99.075893,
        "max_observed_15_min_volume": 175,
        "observation_count": 672,
        "observed_days": 7,
        "count_sessions": 1,
        "street": "FLATBUSH AVENUE",
        "from_street": "East 32 Street",
        "to_street": "Aurelia Court"
      }
    },
    {
      "type": "Feature",
      "geometry": {
        "type": "Point",
        "coordinates": [
          -73.892855,
          40.860233
        ]
      },
      "properties": {
        "source_id": "dot_automated_traffic_counts_archive_20260915",
        "measure_id": "dot_monthly_sampled_traffic_volume",
        "segment_id": 80035,
        "borough": "Bronx",
        "direction": "NB",
        "month": "2024-02",
        "mean_observed_15_min_volume": 69.746528,
        "max_observed_15_min_volume": 120,
        "observation_count": 576,
        "observed_days": 6,
        "count_sessions": 1,
        "street": "WEBSTER AVENUE",
        "from_street": "East 188 Street",
        "to_street": "East 189 Street"
      }
    },
    {
      "type": "Feature",
      "geometry": {
        "type": "Point",
        "coordinates": [
          -73.988708,
          40.674234
        ]
      },
      "properties": {
        "source_id": "dot_automated_traffic_counts_archive_20260915",
        "measure_id": "dot_monthly_sampled_traffic_volume",
        "segment_id": 105839,
        "borough": "Brooklyn",
        "direction": "SB",
        "month": "2024-03",
        "mean_observed_15_min_volume": 94.836478,
        "max_observed_15_min_volume": 167,
        "observation_count": 159,
        "observed_days": 2,
        "count_sessions": 1,
        "street": "3 AVENUE",
        "from_street": "3 Street",
        "to_street": "Dead end"
      }
    },
    {
      "type": "Feature",
      "geometry": {
        "type": "Point",
        "coordinates": [
          -73.804755,
          40.685212
        ]
      },
      "properties": {
        "source_id": "dot_automated_traffic_counts_archive_20260915",
        "measure_id": "dot_monthly_sampled_traffic_volume",
        "segment_id": 112812,
        "borough": "Queens",
        "direction": "EB",
        "month": "2024-03",
        "mean_observed_15_min_volume": 32.010417,
        "max_observed_15_min_volume": 57,
        "observation_count": 192,
        "observed_days": 2,
        "count_sessions": 1,
        "street": "111 AVENUE",
        "from_street": "139 Street",
        "to_street": "140 Street"
      }
    },
    {
      "type": "Feature",
      "geometry": {
        "type": "Point",
        "coordinates": [
          -73.804755,
          40.685212
        ]
      },
      "properties": {
        "source_id": "dot_automated_traffic_counts_archive_20260915",
        "measure_id": "dot_monthly_sampled_traffic_volume",
        "segment_id": 112812,
        "borough": "Queens",
        "direction": "WB",
        "month": "2024-03",
        "mean_observed_15_min_volume": 21.0625,
        "max_observed_15_min_volume": 60,
        "observation_count": 192,
        "observed_days": 2,
        "count_sessions": 1,
        "street": "111 AVENUE",
        "from_street": "139 Street",
        "to_street": "140 Street"
      }
    },
    {
      "type": "Feature",
      "geometry": {
        "type": "Point",
        "coordinates": [
          -74.174951,
          40.557878
        ]
      },
      "properties": {
        "source_id": "dot_automated_traffic_counts_archive_20260915",
        "measure_id": "dot_monthly_sampled_traffic_volume",
        "segment_id": 126531,
        "borough": "Staten Island",
        "direction": "SB",
        "month": "2024-03",
        "mean_observed_15_min_volume": 37.177083,
        "max_observed_15_min_volume": 96,
        "observation_count": 96,
        "observed_days": 1,
        "count_sessions": 1,
        "street": "DRUMGOOLE ROAD WEST",
        "from_street": "Alley",
        "to_street": "Dorval Avenue"
      }
    },
    {
      "type": "Feature",
      "geometry": {
        "type": "Point",
        "coordinates": [
          -73.823935,
          40.887684
        ]
      },
      "properties": {
        "source_id": "dot_automated_traffic_counts_archive_20260915",
        "measure_id": "dot_monthly_sampled_traffic_volume",
        "segment_id": 146575,
        "borough": "Bronx",
        "direction": "NB",
        "month": "2024-03",
        "mean_observed_15_min_volume": 103.237624,
        "max_observed_15_min_volume": 233,
        "observation_count": 202,
        "observed_days": 3,
        "count_sessions": 1,
        "street": "EASTCHESTER BRIDGE",
        "from_street": "Boston Road",
        "to_street": "Dead end"
      }
    },
    {
      "type": "Feature",
      "geometry": {
        "type": "Point",
        "coordinates": [
          -73.819624,
          40.890287
        ]
      },
      "properties": {
        "source_id": "dot_automated_traffic_counts_archive_20260915",
        "measure_id": "dot_monthly_sampled_traffic_volume",
        "segment_id": 146686,
        "borough": "Bronx",
        "direction": "SB",
        "month": "2024-03",
        "mean_observed_15_min_volume": 114.069823,
        "max_observed_15_min_volume": 275,
        "observation_count": 1246,
        "observed_days": 14,
        "count_sessions": 1,
        "street": "BOSTON ROAD",
        "from_street": "Dead End",
        "to_street": "Dead end"
      }
    },
    {
      "type": "Feature",
      "geometry": {
        "type": "Point",
        "coordinates": [
          -74.092181,
          40.568642
        ]
      },
      "properties": {
        "source_id": "dot_automated_traffic_counts_archive_20260915",
        "measure_id": "dot_monthly_sampled_traffic_volume",
        "segment_id": 152800,
        "borough": "Staten Island",
        "direction": "NB",
        "month": "2024-03",
        "mean_observed_15_min_volume": 21.534722,
        "max_observed_15_min_volume": 108,
        "observation_count": 288,
        "observed_days": 3,
        "count_sessions": 1,
        "street": "FR CAPODANNO BOULEVARD",
        "from_street": "Dead End",
        "to_street": "Bike Path"
      }
    },
    {
      "type": "Feature",
      "geometry": {
        "type": "Point",
        "coordinates": [
          -73.991809,
          40.719556
        ]
      },
      "properties": {
        "source_id": "dot_automated_traffic_counts_archive_20260915",
        "measure_id": "dot_monthly_sampled_traffic_volume",
        "segment_id": 158913,
        "borough": "Manhattan",
        "direction": "EB",
        "month": "2024-03",
        "mean_observed_15_min_volume": 196.447917,
        "max_observed_15_min_volume": 287,
        "observation_count": 96,
        "observed_days": 1,
        "count_sessions": 1,
        "street": "DELANCEY STREET",
        "from_street": "Forsyth Street",
        "to_street": "Eldridge Street"
      }
    },
    {
      "type": "Feature",
      "geometry": {
        "type": "Point",
        "coordinates": [
          -73.950651,
          40.79748
        ]
      },
      "properties": {
        "source_id": "dot_automated_traffic_counts_archive_20260915",
        "measure_id": "dot_monthly_sampled_traffic_volume",
        "segment_id": 166137,
        "borough": "Manhattan",
        "direction": "EB",
        "month": "2024-03",
        "mean_observed_15_min_volume": 41.8125,
        "max_observed_15_min_volume": 83,
        "observation_count": 96,
        "observed_days": 1,
        "count_sessions": 1,
        "street": "CENTRAL PARK NORTH",
        "from_street": "Frawley Circle",
        "to_street": "Central Park Lenox Avenue Appr"
      }
    },
    {
      "type": "Feature",
      "geometry": {
        "type": "Point",
        "coordinates": [
          -73.950651,
          40.79748
        ]
      },
      "properties": {
        "source_id": "dot_automated_traffic_counts_archive_20260915",
        "measure_id": "dot_monthly_sampled_traffic_volume",
        "segment_id": 166137,
        "borough": "Manhattan",
        "direction": "WB",
        "month": "2024-03",
        "mean_observed_15_min_volume": 29.5,
        "max_observed_15_min_volume": 71,
        "observation_count": 96,
        "observed_days": 1,
        "count_sessions": 1,
        "street": "CENTRAL PARK NORTH",
        "from_street": "Frawley Circle",
        "to_street": "Central Park Lenox Avenue Appr"
      }
    },
    {
      "type": "Feature",
      "geometry": {
        "type": "Point",
        "coordinates": [
          -73.952214,
          40.803485
        ]
      },
      "properties": {
        "source_id": "dot_automated_traffic_counts_archive_20260915",
        "measure_id": "dot_monthly_sampled_traffic_volume",
        "segment_id": 190295,
        "borough": "Manhattan",
        "direction": "NB",
        "month": "2024-03",
        "mean_observed_15_min_volume": 79.042553,
        "max_observed_15_min_volume": 210,
        "observation_count": 94,
        "observed_days": 1,
        "count_sessions": 1,
        "street": "ADAM C POWELL BOULEVARD",
        "from_street": "Dead End",
        "to_street": "West 117 Street"
      }
    },
    {
      "type": "Feature",
      "geometry": {
        "type": "Point",
        "coordinates": [
          -73.952214,
          40.803485
        ]
      },
      "properties": {
        "source_id": "dot_automated_traffic_counts_archive_20260915",
        "measure_id": "dot_monthly_sampled_traffic_volume",
        "segment_id": 190295,
        "borough": "Manhattan",
        "direction": "SB",
        "month": "2024-03",
        "mean_observed_15_min_volume": 70.697917,
        "max_observed_15_min_volume": 185,
        "observation_count": 96,
        "observed_days": 1,
        "count_sessions": 1,
        "street": "ADAM C POWELL BOULEVARD",
        "from_street": "Dead End",
        "to_street": "West 117 Street"
      }
    },
    {
      "type": "Feature",
      "geometry": {
        "type": "Point",
        "coordinates": [
          -73.987489,
          40.641348
        ]
      },
      "properties": {
        "source_id": "dot_automated_traffic_counts_archive_20260915",
        "measure_id": "dot_monthly_sampled_traffic_volume",
        "segment_id": 21327,
        "borough": "Brooklyn",
        "direction": "EB",
        "month": "2024-03",
        "mean_observed_15_min_volume": 35.4375,
        "max_observed_15_min_volume": 67,
        "observation_count": 96,
        "observed_days": 1,
        "count_sessions": 1,
        "street": "39 STREET",
        "from_street": "12 Avenue",
        "to_street": "13 Avenue"
      }
    },
    {
      "type": "Feature",
      "geometry": {
        "type": "Point",
        "coordinates": [
          -73.873649,
          40.669134
        ]
      },
      "properties": {
        "source_id": "dot_automated_traffic_counts_archive_20260915",
        "measure_id": "dot_monthly_sampled_traffic_volume",
        "segment_id": 223574,
        "borough": "Brooklyn",
        "direction": "NB",
        "month": "2024-03",
        "mean_observed_15_min_volume": 55.5625,
        "max_observed_15_min_volume": 104,
        "observation_count": 96,
        "observed_days": 1,
        "count_sessions": 1,
        "street": "FOUNTAIN AVENUE",
        "from_street": "Pedestrian Path",
        "to_street": "Dead end"
      }
    },
    {
      "type": "Feature",
      "geometry": {
        "type": "Point",
        "coordinates": [
          -73.873649,
          40.669134
        ]
      },
      "properties": {
        "source_id": "dot_automated_traffic_counts_archive_20260915",
        "measure_id": "dot_monthly_sampled_traffic_volume",
        "segment_id": 223574,
        "borough": "Brooklyn",
        "direction": "SB",
        "month": "2024-03",
        "mean_observed_15_min_volume": 58.96875,
        "max_observed_15_min_volume": 115,
        "observation_count": 96,
        "observed_days": 1,
        "count_sessions": 1,
        "street": "FOUNTAIN AVENUE",
        "from_street": "Pedestrian Path",
        "to_street": "Dead end"
      }
    },
    {
      "type": "Feature",
      "geometry": {
        "type": "Point",
        "coordinates": [
          -73.979841,
          40.677327
        ]
      },
      "properties": {
        "source_id": "dot_automated_traffic_counts_archive_20260915",
        "measure_id": "dot_monthly_sampled_traffic_volume",
        "segment_id": 22901,
        "borough": "Brooklyn",
        "direction": "SB",
        "month": "2024-03",
        "mean_observed_15_min_volume": 41.05,
        "max_observed_15_min_volume": 81,
        "observation_count": 480,
        "observed_days": 5,
        "count_sessions": 1,
        "street": "5 AVENUE",
        "from_street": "De Graw Street",
        "to_street": "Berkeley Place"
      }
    },
    {
      "type": "Feature",
      "geometry": {
        "type": "Point",
        "coordinates": [
          -73.999233,
          40.712252
        ]
      },
      "properties": {
        "source_id": "dot_automated_traffic_counts_archive_20260915",
        "measure_id": "dot_monthly_sampled_traffic_volume",
        "segment_id": 23752,
        "borough": "Manhattan",
        "direction": "NB",
        "month": "2024-03",
        "mean_observed_15_min_volume": 74.96875,
        "max_observed_15_min_volume": 124,
        "observation_count": 192,
        "observed_days": 2,
        "count_sessions": 1,
        "street": "ST JAMES PLACE",
        "from_street": "Madison Street",
        "to_street": "James Street"
      }
    },
    {
      "type": "Feature",
      "geometry": {
        "type": "Point",
        "coordinates": [
          -73.999233,
          40.712252
        ]
      },
      "properties": {
        "source_id": "dot_automated_traffic_counts_archive_20260915",
        "measure_id": "dot_monthly_sampled_traffic_volume",
        "segment_id": 23752,
        "borough": "Manhattan",
        "direction": "SB",
        "month": "2024-03",
        "mean_observed_15_min_volume": 65.234375,
        "max_observed_15_min_volume": 104,
        "observation_count": 192,
        "observed_days": 2,
        "count_sessions": 1,
        "street": "ST JAMES PLACE",
        "from_street": "Madison Street",
        "to_street": "James Street"
      }
    },
    {
      "type": "Feature",
      "geometry": {
        "type": "Point",
        "coordinates": [
          -73.969896,
          40.64881
        ]
      },
      "properties": {
        "source_id": "dot_automated_traffic_counts_archive_20260915",
        "measure_id": "dot_monthly_sampled_traffic_volume",
        "segment_id": 250523,
        "borough": "Brooklyn",
        "direction": "WB",
        "month": "2024-03",
        "mean_observed_15_min_volume": 47.965774,
        "max_observed_15_min_volume": 118,
        "observation_count": 672,
        "observed_days": 7,
        "count_sessions": 1,
        "street": "CATON AVENUE",
        "from_street": "Bike Path",
        "to_street": "Stratford Road"
      }
    },
    {
      "type": "Feature",
      "geometry": {
        "type": "Point",
        "coordinates": [
          -73.963689,
          40.624929
        ]
      },
      "properties": {
        "source_id": "dot_automated_traffic_counts_archive_20260915",
        "measure_id": "dot_monthly_sampled_traffic_volume",
        "segment_id": 27017,
        "borough": "Brooklyn",
        "direction": "WB",
        "month": "2024-03",
        "mean_observed_15_min_volume": 65.28125,
        "max_observed_15_min_volume": 108,
        "observation_count": 96,
        "observed_days": 1,
        "count_sessions": 1,
        "street": "AVENUE J",
        "from_street": "East 12 Street",
        "to_street": "East 13 Street"
      }
    },
    {
      "type": "Feature",
      "geometry": {
        "type": "Point",
        "coordinates": [
          -73.954701,
          40.713471
        ]
      },
      "properties": {
        "source_id": "dot_automated_traffic_counts_archive_20260915",
        "measure_id": "dot_monthly_sampled_traffic_volume",
        "segment_id": 30993,
        "borough": "Brooklyn",
        "direction": "SB",
        "month": "2024-03",
        "mean_observed_15_min_volume": 173.232639,
        "max_observed_15_min_volume": 309,
        "observation_count": 288,
        "observed_days": 3,
        "count_sessions": 1,
        "street": "MARCY AVENUE",
        "from_street": "Bqe Wb Entrance Metropolitan Ave",
        "to_street": "Metropolitan Avenue"
      }
    },
    {
      "type": "Feature",
      "geometry": {
        "type": "Point",
        "coordinates": [
          -73.95367,
          40.712848
        ]
      },
      "properties": {
        "source_id": "dot_automated_traffic_counts_archive_20260915",
        "measure_id": "dot_monthly_sampled_traffic_volume",
        "segment_id": 31098,
        "borough": "Brooklyn",
        "direction": "NB",
        "month": "2024-03",
        "mean_observed_15_min_volume": 147.960938,
        "max_observed_15_min_volume": 271,
        "observation_count": 384,
        "observed_days": 4,
        "count_sessions": 1,
        "street": "RODNEY STREET",
        "from_street": "Brooklyn Queens Expwy Et 32 Eb",
        "to_street": "Ainslie Street"
      }
    },
    {
      "type": "Feature",
      "geometry": {
        "type": "Point",
        "coordinates": [
          -73.990529,
          40.734732
        ]
      },
      "properties": {
        "source_id": "dot_automated_traffic_counts_archive_20260915",
        "measure_id": "dot_monthly_sampled_traffic_volume",
        "segment_id": 32807,
        "borough": "Manhattan",
        "direction": "WB",
        "month": "2024-03",
        "mean_observed_15_min_volume": 12.885417,
        "max_observed_15_min_volume": 25,
        "observation_count": 96,
        "observed_days": 1,
        "count_sessions": 1,
        "street": "EAST 14 STREET",
        "from_street": "14 Street/canarsie Line",
        "to_street": "14 Street/canarsie Line"
      }
    },
    {
      "type": "Feature",
      "geometry": {
        "type": "Point",
        "coordinates": [
          -73.908136,
          40.69771
        ]
      },
      "properties": {
        "source_id": "dot_automated_traffic_counts_archive_20260915",
        "measure_id": "dot_monthly_sampled_traffic_volume",
        "segment_id": 45387,
        "borough": "Brooklyn",
        "direction": "NB",
        "month": "2024-03",
        "mean_observed_15_min_volume": 19.896631,
        "max_observed_15_min_volume": 61,
        "observation_count": 1306,
        "observed_days": 14,
        "count_sessions": 1,
        "street": "CORNELIA STREET",
        "from_street": "14 Street/canarsie Line",
        "to_street": "Dead End"
      }
    },
    {
      "type": "Feature",
      "geometry": {
        "type": "Point",
        "coordinates": [
          -73.867912,
          40.673367
        ]
      },
      "properties": {
        "source_id": "dot_automated_traffic_counts_archive_20260915",
        "measure_id": "dot_monthly_sampled_traffic_volume",
        "segment_id": 50660,
        "borough": "Brooklyn",
        "direction": "EB",
        "month": "2024-03",
        "mean_observed_15_min_volume": 36.068452,
        "max_observed_15_min_volume": 72,
        "observation_count": 672,
        "observed_days": 7,
        "count_sessions": 1,
        "street": "SUTTER AVENUE",
        "from_street": "Hemlock Street",
        "to_street": "Autumn Avenue"
      }
    },
    {
      "type": "Feature",
      "geometry": {
        "type": "Point",
        "coordinates": [
          -73.867912,
          40.673367
        ]
      },
      "properties": {
        "source_id": "dot_automated_traffic_counts_archive_20260915",
        "measure_id": "dot_monthly_sampled_traffic_volume",
        "segment_id": 50660,
        "borough": "Brooklyn",
        "direction": "WB",
        "month": "2024-03",
        "mean_observed_15_min_volume": 46.309524,
        "max_observed_15_min_volume": 106,
        "observation_count": 672,
        "observed_days": 7,
        "count_sessions": 1,
        "street": "SUTTER AVENUE",
        "from_street": "Hemlock Street",
        "to_street": "Autumn Avenue"
      }
    },
    {
      "type": "Feature",
      "geometry": {
        "type": "Point",
        "coordinates": [
          -73.936921,
          40.724559
        ]
      },
      "properties": {
        "source_id": "dot_automated_traffic_counts_archive_20260915",
        "measure_id": "dot_monthly_sampled_traffic_volume",
        "segment_id": 66035,
        "borough": "Brooklyn",
        "direction": "WB",
        "month": "2024-03",
        "mean_observed_15_min_volume": 179.421875,
        "max_observed_15_min_volume": 277,
        "observation_count": 384,
        "observed_days": 4,
        "count_sessions": 1,
        "street": "BROOKLYN QUEENS EXPWY ET 34 WB",
        "from_street": "Porter Avenue",
        "to_street": "Apollo Street"
      }
    },
    {
      "type": "Feature",
      "geometry": {
        "type": "Point",
        "coordinates": [
          -73.926107,
          40.735767
        ]
      },
      "properties": {
        "source_id": "dot_automated_traffic_counts_archive_20260915",
        "measure_id": "dot_monthly_sampled_traffic_volume",
        "segment_id": 66377,
        "borough": "Queens",
        "direction": "EB",
        "month": "2024-03",
        "mean_observed_15_min_volume": 574.716146,
        "max_observed_15_min_volume": 882,
        "observation_count": 384,
        "observed_days": 4,
        "count_sessions": 1,
        "street": "BORDEN AVENUE",
        "from_street": "Long Island Expwy Et 17 E-w Eb",
        "to_street": "Long Island Expwy Et 17 E-w Eb"
      }
    },
    {
      "type": "Feature",
      "geometry": {
        "type": "Point",
        "coordinates": [
          -73.935528,
          40.828436
        ]
      },
      "properties": {
        "source_id": "dot_automated_traffic_counts_archive_20260915",
        "measure_id": "dot_monthly_sampled_traffic_volume",
        "segment_id": 71025,
        "borough": "Manhattan",
        "direction": "EB",
        "month": "2024-03",
        "mean_observed_15_min_volume": 122.094907,
        "max_observed_15_min_volume": 217,
        "observation_count": 864,
        "observed_days": 9,
        "count_sessions": 1,
        "street": "WEST 155 STREET",
        "from_street": "Harlem River Drive Service Rd W",
        "to_street": "Frederick Douglass Boulevard"
      }
    },
    {
      "type": "Feature",
      "geometry": {
        "type": "Point",
        "coordinates": [
          -73.935528,
          40.828436
        ]
      },
      "properties": {
        "source_id": "dot_automated_traffic_counts_archive_20260915",
        "measure_id": "dot_monthly_sampled_traffic_volume",
        "segment_id": 71025,
        "borough": "Manhattan",
        "direction": "WB",
        "month": "2024-03",
        "mean_observed_15_min_volume": 153.407407,
        "max_observed_15_min_volume": 255,
        "observation_count": 864,
        "observed_days": 9,
        "count_sessions": 1,
        "street": "WEST 155 STREET",
        "from_street": "Harlem River Drive Service Rd W",
        "to_street": "Frederick Douglass Boulevard"
      }
    },
    {
      "type": "Feature",
      "geometry": {
        "type": "Point",
        "coordinates": [
          -73.894396,
          40.724117
        ]
      },
      "properties": {
        "source_id": "dot_automated_traffic_counts_archive_20260915",
        "measure_id": "dot_monthly_sampled_traffic_volume",
        "segment_id": 74151,
        "borough": "Queens",
        "direction": "SB",
        "month": "2024-03",
        "mean_observed_15_min_volume": 84.545139,
        "max_observed_15_min_volume": 165,
        "observation_count": 288,
        "observed_days": 3,
        "count_sessions": 1,
        "street": "69 STREET",
        "from_street": "58 Avenue",
        "to_street": "58 Road"
      }
    },
    {
      "type": "Feature",
      "geometry": {
        "type": "Point",
        "coordinates": [
          -73.87638,
          40.750582
        ]
      },
      "properties": {
        "source_id": "dot_automated_traffic_counts_archive_20260915",
        "measure_id": "dot_monthly_sampled_traffic_volume",
        "segment_id": 76594,
        "borough": "Queens",
        "direction": "EB",
        "month": "2024-03",
        "mean_observed_15_min_volume": 37.55506,
        "max_observed_15_min_volume": 73,
        "observation_count": 672,
        "observed_days": 7,
        "count_sessions": 1,
        "street": "37 AVENUE",
        "from_street": "90 Street",
        "to_street": "91 Street"
      }
    },
    {
      "type": "Feature",
      "geometry": {
        "type": "Point",
        "coordinates": [
          -73.87638,
          40.750582
        ]
      },
      "properties": {
        "source_id": "dot_automated_traffic_counts_archive_20260915",
        "measure_id": "dot_monthly_sampled_traffic_volume",
        "segment_id": 76594,
        "borough": "Queens",
        "direction": "WB",
        "month": "2024-03",
        "mean_observed_15_min_volume": 30.327381,
        "max_observed_15_min_volume": 58,
        "observation_count": 672,
        "observed_days": 7,
        "count_sessions": 1,
        "street": "37 AVENUE",
        "from_street": "90 Street",
        "to_street": "91 Street"
      }
    },
    {
      "type": "Feature",
      "geometry": {
        "type": "Point",
        "coordinates": [
          -73.892855,
          40.860233
        ]
      },
      "properties": {
        "source_id": "dot_automated_traffic_counts_archive_20260915",
        "measure_id": "dot_monthly_sampled_traffic_volume",
        "segment_id": 80035,
        "borough": "Bronx",
        "direction": "NB",
        "month": "2024-03",
        "mean_observed_15_min_volume": 71.739583,
        "max_observed_15_min_volume": 116,
        "observation_count": 96,
        "observed_days": 1,
        "count_sessions": 1,
        "street": "WEBSTER AVENUE",
        "from_street": "East 188 Street",
        "to_street": "East 189 Street"
      }
    },
    {
      "type": "Feature",
      "geometry": {
        "type": "Point",
        "coordinates": [
          -73.861206,
          40.758965
        ]
      },
      "properties": {
        "source_id": "dot_automated_traffic_counts_archive_20260915",
        "measure_id": "dot_monthly_sampled_traffic_volume",
        "segment_id": 83469,
        "borough": "Queens",
        "direction": "NB",
        "month": "2024-03",
        "mean_observed_15_min_volume": 43.734375,
        "max_observed_15_min_volume": 87,
        "observation_count": 192,
        "observed_days": 2,
        "count_sessions": 1,
        "street": "108 STREET",
        "from_street": "32 Avenue",
        "to_street": "Northern Boulevard"
      }
    },
    {
      "type": "Feature",
      "geometry": {
        "type": "Point",
        "coordinates": [
          -73.861206,
          40.758965
        ]
      },
      "properties": {
        "source_id": "dot_automated_traffic_counts_archive_20260915",
        "measure_id": "dot_monthly_sampled_traffic_volume",
        "segment_id": 83469,
        "borough": "Queens",
        "direction": "SB",
        "month": "2024-03",
        "mean_observed_15_min_volume": 34.828125,
        "max_observed_15_min_volume": 68,
        "observation_count": 192,
        "observed_days": 2,
        "count_sessions": 1,
        "street": "108 STREET",
        "from_street": "32 Avenue",
        "to_street": "Northern Boulevard"
      }
    },
    {
      "type": "Feature",
      "geometry": {
        "type": "Point",
        "coordinates": [
          -73.840954,
          40.855311
        ]
      },
      "properties": {
        "source_id": "dot_automated_traffic_counts_archive_20260915",
        "measure_id": "dot_monthly_sampled_traffic_volume",
        "segment_id": 88574,
        "borough": "Bronx",
        "direction": "NB",
        "month": "2024-03",
        "mean_observed_15_min_volume": 56.375,
        "max_observed_15_min_volume": 172,
        "observation_count": 672,
        "observed_days": 7,
        "count_sessions": 1,
        "street": "STILLWELL AVENUE",
        "from_street": "Mc Donald Street",
        "to_street": "Rhinelander Avenue"
      }
    },
    {
      "type": "Feature",
      "geometry": {
        "type": "Point",
        "coordinates": [
          -73.840954,
          40.855311
        ]
      },
      "properties": {
        "source_id": "dot_automated_traffic_counts_archive_20260915",
        "measure_id": "dot_monthly_sampled_traffic_volume",
        "segment_id": 88574,
        "borough": "Bronx",
        "direction": "SB",
        "month": "2024-03",
        "mean_observed_15_min_volume": 8.154762,
        "max_observed_15_min_volume": 33,
        "observation_count": 672,
        "observed_days": 7,
        "count_sessions": 1,
        "street": "STILLWELL AVENUE",
        "from_street": "Mc Donald Street",
        "to_street": "Rhinelander Avenue"
      }
    },
    {
      "type": "Feature",
      "geometry": {
        "type": "Point",
        "coordinates": [
          -73.849722,
          40.90454
        ]
      },
      "properties": {
        "source_id": "dot_automated_traffic_counts_archive_20260915",
        "measure_id": "dot_monthly_sampled_traffic_volume",
        "segment_id": 89398,
        "borough": "Bronx",
        "direction": "NB",
        "month": "2024-03",
        "mean_observed_15_min_volume": 42.422619,
        "max_observed_15_min_volume": 86,
        "observation_count": 672,
        "observed_days": 7,
        "count_sessions": 1,
        "street": "WHITE PLAINS ROAD",
        "from_street": "St Ouen Street",
        "to_street": "Penfield Street"
      }
    },
    {
      "type": "Feature",
      "geometry": {
        "type": "Point",
        "coordinates": [
          -73.849722,
          40.90454
        ]
      },
      "properties": {
        "source_id": "dot_automated_traffic_counts_archive_20260915",
        "measure_id": "dot_monthly_sampled_traffic_volume",
        "segment_id": 89398,
        "borough": "Bronx",
        "direction": "SB",
        "month": "2024-03",
        "mean_observed_15_min_volume": 58.084821,
        "max_observed_15_min_volume": 115,
        "observation_count": 672,
        "observed_days": 7,
        "count_sessions": 1,
        "street": "WHITE PLAINS ROAD",
        "from_street": "St Ouen Street",
        "to_street": "Penfield Street"
      }
    },
    {
      "type": "Feature",
      "geometry": {
        "type": "Point",
        "coordinates": [
          -73.866146,
          40.857273
        ]
      },
      "properties": {
        "source_id": "dot_automated_traffic_counts_archive_20260915",
        "measure_id": "dot_monthly_sampled_traffic_volume",
        "segment_id": 9008825,
        "borough": "Bronx",
        "direction": "EB",
        "month": "2024-03",
        "mean_observed_15_min_volume": 191.428571,
        "max_observed_15_min_volume": 362,
        "observation_count": 672,
        "observed_days": 7,
        "count_sessions": 1,
        "street": "PELHAM PARKWAY",
        "from_street": "Dead end",
        "to_street": "White Plains Road"
      }
    },
    {
      "type": "Feature",
      "geometry": {
        "type": "Point",
        "coordinates": [
          -74.002898,
          40.70851
        ]
      },
      "properties": {
        "source_id": "dot_automated_traffic_counts_archive_20260915",
        "measure_id": "dot_monthly_sampled_traffic_volume",
        "segment_id": 9008995,
        "borough": "Manhattan",
        "direction": "EB",
        "month": "2024-03",
        "mean_observed_15_min_volume": 106.723958,
        "max_observed_15_min_volume": 174,
        "observation_count": 384,
        "observed_days": 4,
        "count_sessions": 1,
        "street": "PEARL STREET",
        "from_street": "Beekman Street",
        "to_street": "Dead end"
      }
    },
    {
      "type": "Feature",
      "geometry": {
        "type": "Point",
        "coordinates": [
          -74.002898,
          40.70851
        ]
      },
      "properties": {
        "source_id": "dot_automated_traffic_counts_archive_20260915",
        "measure_id": "dot_monthly_sampled_traffic_volume",
        "segment_id": 9008995,
        "borough": "Manhattan",
        "direction": "WB",
        "month": "2024-03",
        "mean_observed_15_min_volume": 106.882813,
        "max_observed_15_min_volume": 192,
        "observation_count": 384,
        "observed_days": 4,
        "count_sessions": 1,
        "street": "PEARL STREET",
        "from_street": "Beekman Street",
        "to_street": "Dead end"
      }
    },
    {
      "type": "Feature",
      "geometry": {
        "type": "Point",
        "coordinates": [
          -73.844314,
          40.734042
        ]
      },
      "properties": {
        "source_id": "dot_automated_traffic_counts_archive_20260915",
        "measure_id": "dot_monthly_sampled_traffic_volume",
        "segment_id": 9012150,
        "borough": "Queens",
        "direction": "SB",
        "month": "2024-03",
        "mean_observed_15_min_volume": 1073.627368,
        "max_observed_15_min_volume": 1650,
        "observation_count": 475,
        "observed_days": 3,
        "count_sessions": 1,
        "street": "GRAND CENTRAL PARKWAY",
        "from_street": "64 Avenue Pedestrian Overpass",
        "to_street": "Dead end"
      }
    },
    {
      "type": "Feature",
      "geometry": {
        "type": "Point",
        "coordinates": [
          -73.843941,
          40.733777
        ]
      },
      "properties": {
        "source_id": "dot_automated_traffic_counts_archive_20260915",
        "measure_id": "dot_monthly_sampled_traffic_volume",
        "segment_id": 9012153,
        "borough": "Queens",
        "direction": "NB",
        "month": "2024-03",
        "mean_observed_15_min_volume": 1050.866667,
        "max_observed_15_min_volume": 2187,
        "observation_count": 480,
        "observed_days": 3,
        "count_sessions": 1,
        "street": "GRAND CENTRAL PARKWAY",
        "from_street": "Dead End",
        "to_street": "Dead end"
      }
    },
    {
      "type": "Feature",
      "geometry": {
        "type": "Point",
        "coordinates": [
          -73.815611,
          40.862335
        ]
      },
      "properties": {
        "source_id": "dot_automated_traffic_counts_archive_20260915",
        "measure_id": "dot_monthly_sampled_traffic_volume",
        "segment_id": 95433,
        "borough": "Bronx",
        "direction": "SB",
        "month": "2024-03",
        "mean_observed_15_min_volume": 97.114583,
        "max_observed_15_min_volume": 269,
        "observation_count": 96,
        "observed_days": 2,
        "count_sessions": 1,
        "street": "PELHAM BRIDGE",
        "from_street": "Eastchester Bay Shoreline",
        "to_street": "Dead end"
      }
    },
    {
      "type": "Feature",
      "geometry": {
        "type": "Point",
        "coordinates": [
          -73.988708,
          40.674234
        ]
      },
      "properties": {
        "source_id": "dot_automated_traffic_counts_archive_20260915",
        "measure_id": "dot_monthly_sampled_traffic_volume",
        "segment_id": 105839,
        "borough": "Brooklyn",
        "direction": "NB",
        "month": "2024-04",
        "mean_observed_15_min_volume": 105.229754,
        "max_observed_15_min_volume": 267,
        "observation_count": 1136,
        "observed_days": 13,
        "count_sessions": 1,
        "street": "3 AVENUE",
        "from_street": "3 Street",
        "to_street": "Dead end"
      }
    },
    {
      "type": "Feature",
      "geometry": {
        "type": "Point",
        "coordinates": [
          -73.988708,
          40.674234
        ]
      },
      "properties": {
        "source_id": "dot_automated_traffic_counts_archive_20260915",
        "measure_id": "dot_monthly_sampled_traffic_volume",
        "segment_id": 105839,
        "borough": "Brooklyn",
        "direction": "SB",
        "month": "2024-04",
        "mean_observed_15_min_volume": 80.979609,
        "max_observed_15_min_volume": 186,
        "observation_count": 1177,
        "observed_days": 13,
        "count_sessions": 1,
        "street": "3 AVENUE",
        "from_street": "3 Street",
        "to_street": "Dead end"
      }
    },
    {
      "type": "Feature",
      "geometry": {
        "type": "Point",
        "coordinates": [
          -73.975557,
          40.797383
        ]
      },
      "properties": {
        "source_id": "dot_automated_traffic_counts_archive_20260915",
        "measure_id": "dot_monthly_sampled_traffic_volume",
        "segment_id": 223885,
        "borough": "Manhattan",
        "direction": "NB",
        "month": "2024-04",
        "mean_observed_15_min_volume": 669.916667,
        "max_observed_15_min_volume": 1269,
        "observation_count": 192,
        "observed_days": 2,
        "count_sessions": 1,
        "street": "HENRY HUDSON PARKWAY",
        "from_street": "Henry Hudson Py Nb En W 96 St",
        "to_street": "Dead end"
      }
    },
    {
      "type": "Feature",
      "geometry": {
        "type": "Point",
        "coordinates": [
          -73.901718,
          40.693021
        ]
      },
      "properties": {
        "source_id": "dot_automated_traffic_counts_archive_20260915",
        "measure_id": "dot_monthly_sampled_traffic_volume",
        "segment_id": 256338,
        "borough": "Queens",
        "direction": "SB",
        "month": "2024-04",
        "mean_observed_15_min_volume": 61.197295,
        "max_observed_15_min_volume": 133,
        "observation_count": 1257,
        "observed_days": 14,
        "count_sessions": 1,
        "street": "COOPER AVENUE",
        "from_street": "14 Street/canarsie Line",
        "to_street": "Dead End"
      }
    },
    {
      "type": "Feature",
      "geometry": {
        "type": "Point",
        "coordinates": [
          -73.908136,
          40.69771
        ]
      },
      "properties": {
        "source_id": "dot_automated_traffic_counts_archive_20260915",
        "measure_id": "dot_monthly_sampled_traffic_volume",
        "segment_id": 45387,
        "borough": "Brooklyn",
        "direction": "NB",
        "month": "2024-04",
        "mean_observed_15_min_volume": 11.365854,
        "max_observed_15_min_volume": 30,
        "observation_count": 41,
        "observed_days": 1,
        "count_sessions": 1,
        "street": "CORNELIA STREET",
        "from_street": "14 Street/canarsie Line",
        "to_street": "Dead End"
      }
    },
    {
      "type": "Feature",
      "geometry": {
        "type": "Point",
        "coordinates": [
          -73.902892,
          40.692313
        ]
      },
      "properties": {
        "source_id": "dot_automated_traffic_counts_archive_20260915",
        "measure_id": "dot_monthly_sampled_traffic_volume",
        "segment_id": 48499,
        "borough": "Brooklyn",
        "direction": "NB",
        "month": "2024-04",
        "mean_observed_15_min_volume": 8,
        "max_observed_15_min_volume": 16,
        "observation_count": 2,
        "observed_days": 1,
        "count_sessions": 1,
        "street": "COOPER STREET",
        "from_street": "Knickerbocker Avenue",
        "to_street": "Cooper Avenue"
      }
    },
    {
      "type": "Feature",
      "geometry": {
        "type": "Point",
        "coordinates": [
          -73.903766,
          40.692619
        ]
      },
      "properties": {
        "source_id": "dot_automated_traffic_counts_archive_20260915",
        "measure_id": "dot_monthly_sampled_traffic_volume",
        "segment_id": 48507,
        "borough": "Brooklyn",
        "direction": "NB",
        "month": "2024-04",
        "mean_observed_15_min_volume": 30.67914,
        "max_observed_15_min_volume": 109,
        "observation_count": 1256,
        "observed_days": 14,
        "count_sessions": 1,
        "street": "DECATUR STREET",
        "from_street": "Knickerbocker Avenue",
        "to_street": "Irving Avenue"
      }
    },
    {
      "type": "Feature",
      "geometry": {
        "type": "Point",
        "coordinates": [
          -73.870294,
          40.825353
        ]
      },
      "properties": {
        "source_id": "dot_automated_traffic_counts_archive_20260915",
        "measure_id": "dot_monthly_sampled_traffic_volume",
        "segment_id": 9006518,
        "borough": "Bronx",
        "direction": "NB",
        "month": "2024-04",
        "mean_observed_15_min_volume": 84.797619,
        "max_observed_15_min_volume": 200,
        "observation_count": 672,
        "observed_days": 7,
        "count_sessions": 1,
        "street": "SOUNDVIEW AVENUE",
        "from_street": "Dead End",
        "to_street": "Dead end"
      }
    },
    {
      "type": "Feature",
      "geometry": {
        "type": "Point",
        "coordinates": [
          -73.870294,
          40.825353
        ]
      },
      "properties": {
        "source_id": "dot_automated_traffic_counts_archive_20260915",
        "measure_id": "dot_monthly_sampled_traffic_volume",
        "segment_id": 9006518,
        "borough": "Bronx",
        "direction": "SB",
        "month": "2024-04",
        "mean_observed_15_min_volume": 3.199405,
        "max_observed_15_min_volume": 10,
        "observation_count": 672,
        "observed_days": 7,
        "count_sessions": 1,
        "street": "SOUNDVIEW AVENUE",
        "from_street": "Dead End",
        "to_street": "Dead end"
      }
    },
    {
      "type": "Feature",
      "geometry": {
        "type": "Point",
        "coordinates": [
          -73.79335,
          40.85625
        ]
      },
      "properties": {
        "source_id": "dot_automated_traffic_counts_archive_20260915",
        "measure_id": "dot_monthly_sampled_traffic_volume",
        "segment_id": 99721,
        "borough": "Bronx",
        "direction": "EB",
        "month": "2024-04",
        "mean_observed_15_min_volume": 95.121813,
        "max_observed_15_min_volume": 273,
        "observation_count": 353,
        "observed_days": 4,
        "count_sessions": 1,
        "street": "CITY IS BRIDGE",
        "from_street": "City Island Avenue",
        "to_street": "Dead end"
      }
    },
    {
      "type": "Feature",
      "geometry": {
        "type": "Point",
        "coordinates": [
          -73.79335,
          40.85625
        ]
      },
      "properties": {
        "source_id": "dot_automated_traffic_counts_archive_20260915",
        "measure_id": "dot_monthly_sampled_traffic_volume",
        "segment_id": 99721,
        "borough": "Bronx",
        "direction": "WB",
        "month": "2024-04",
        "mean_observed_15_min_volume": 95.665722,
        "max_observed_15_min_volume": 283,
        "observation_count": 353,
        "observed_days": 4,
        "count_sessions": 1,
        "street": "CITY IS BRIDGE",
        "from_street": "City Island Avenue",
        "to_street": "Dead end"
      }
    },
    {
      "type": "Feature",
      "geometry": {
        "type": "Point",
        "coordinates": [
          -73.99081,
          40.694851
        ]
      },
      "properties": {
        "source_id": "dot_automated_traffic_counts_archive_20260915",
        "measure_id": "dot_monthly_sampled_traffic_volume",
        "segment_id": 148375,
        "borough": "Brooklyn",
        "direction": "NB",
        "month": "2024-05",
        "mean_observed_15_min_volume": 30.061012,
        "max_observed_15_min_volume": 64,
        "observation_count": 672,
        "observed_days": 7,
        "count_sessions": 1,
        "street": "CADMAN PLAZA WEST",
        "from_street": "Johnson Street",
        "to_street": "Pierrepont Street"
      }
    },
    {
      "type": "Feature",
      "geometry": {
        "type": "Point",
        "coordinates": [
          -73.922605,
          40.654294
        ]
      },
      "properties": {
        "source_id": "dot_automated_traffic_counts_archive_20260915",
        "measure_id": "dot_monthly_sampled_traffic_volume",
        "segment_id": 167253,
        "borough": "Brooklyn",
        "direction": "EB",
        "month": "2024-05",
        "mean_observed_15_min_volume": 82.175,
        "max_observed_15_min_volume": 165,
        "observation_count": 480,
        "observed_days": 5,
        "count_sessions": 1,
        "street": "LINDEN BOULEVARD",
        "from_street": "East 58 Street",
        "to_street": "Kings Highway"
      }
    },
    {
      "type": "Feature",
      "geometry": {
        "type": "Point",
        "coordinates": [
          -73.922605,
          40.654294
        ]
      },
      "properties": {
        "source_id": "dot_automated_traffic_counts_archive_20260915",
        "measure_id": "dot_monthly_sampled_traffic_volume",
        "segment_id": 167253,
        "borough": "Brooklyn",
        "direction": "WB",
        "month": "2024-05",
        "mean_observed_15_min_volume": 67.508333,
        "max_observed_15_min_volume": 140,
        "observation_count": 480,
        "observed_days": 5,
        "count_sessions": 1,
        "street": "LINDEN BOULEVARD",
        "from_street": "East 58 Street",
        "to_street": "Kings Highway"
      }
    },
    {
      "type": "Feature",
      "geometry": {
        "type": "Point",
        "coordinates": [
          -73.984271,
          40.639122
        ]
      },
      "properties": {
        "source_id": "dot_automated_traffic_counts_archive_20260915",
        "measure_id": "dot_monthly_sampled_traffic_volume",
        "segment_id": 21371,
        "borough": "Brooklyn",
        "direction": "NB",
        "month": "2024-05",
        "mean_observed_15_min_volume": 70.482639,
        "max_observed_15_min_volume": 143,
        "observation_count": 864,
        "observed_days": 9,
        "count_sessions": 1,
        "street": "14 AVENUE",
        "from_street": "40 Street",
        "to_street": "39 Street"
      }
    },
    {
      "type": "Feature",
      "geometry": {
        "type": "Point",
        "coordinates": [
          -73.997117,
          40.679841
        ]
      },
      "properties": {
        "source_id": "dot_automated_traffic_counts_archive_20260915",
        "measure_id": "dot_monthly_sampled_traffic_volume",
        "segment_id": 22388,
        "borough": "Brooklyn",
        "direction": "SB",
        "month": "2024-05",
        "mean_observed_15_min_volume": 66.9375,
        "max_observed_15_min_volume": 140,
        "observation_count": 672,
        "observed_days": 7,
        "count_sessions": 1,
        "street": "COURT STREET",
        "from_street": "1 Place",
        "to_street": "2 Place"
      }
    },
    {
      "type": "Feature",
      "geometry": {
        "type": "Point",
        "coordinates": [
          -73.975557,
          40.797383
        ]
      },
      "properties": {
        "source_id": "dot_automated_traffic_counts_archive_20260915",
        "measure_id": "dot_monthly_sampled_traffic_volume",
        "segment_id": 223885,
        "borough": "Manhattan",
        "direction": "NB",
        "month": "2024-05",
        "mean_observed_15_min_volume": 658.59375,
        "max_observed_15_min_volume": 1205,
        "observation_count": 480,
        "observed_days": 5,
        "count_sessions": 1,
        "street": "HENRY HUDSON PARKWAY",
        "from_street": "Henry Hudson Py Nb En W 96 St",
        "to_street": "Dead end"
      }
    },
    {
      "type": "Feature",
      "geometry": {
        "type": "Point",
        "coordinates": [
          -73.990176,
          40.676127
        ]
      },
      "properties": {
        "source_id": "dot_automated_traffic_counts_archive_20260915",
        "measure_id": "dot_monthly_sampled_traffic_volume",
        "segment_id": 22514,
        "borough": "Brooklyn",
        "direction": "EB",
        "month": "2024-05",
        "mean_observed_15_min_volume": 38.83268,
        "max_observed_15_min_volume": 101,
        "observation_count": 765,
        "observed_days": 9,
        "count_sessions": 1,
        "street": "3 STREET BRIDGE",
        "from_street": "3 Street",
        "to_street": "3 Street"
      }
    },
    {
      "type": "Feature",
      "geometry": {
        "type": "Point",
        "coordinates": [
          -73.990176,
          40.676127
        ]
      },
      "properties": {
        "source_id": "dot_automated_traffic_counts_archive_20260915",
        "measure_id": "dot_monthly_sampled_traffic_volume",
        "segment_id": 22514,
        "borough": "Brooklyn",
        "direction": "WB",
        "month": "2024-05",
        "mean_observed_15_min_volume": 61.239216,
        "max_observed_15_min_volume": 184,
        "observation_count": 765,
        "observed_days": 9,
        "count_sessions": 1,
        "street": "3 STREET BRIDGE",
        "from_street": "3 Street",
        "to_street": "3 Street"
      }
    },
    {
      "type": "Feature",
      "geometry": {
        "type": "Point",
        "coordinates": [
          -73.988303,
          40.679458
        ]
      },
      "properties": {
        "source_id": "dot_automated_traffic_counts_archive_20260915",
        "measure_id": "dot_monthly_sampled_traffic_volume",
        "segment_id": 22652,
        "borough": "Brooklyn",
        "direction": "EB",
        "month": "2024-05",
        "mean_observed_15_min_volume": 36.903127,
        "max_observed_15_min_volume": 104,
        "observation_count": 1311,
        "observed_days": 14,
        "count_sessions": 1,
        "street": "UNION ST BRIDGE",
        "from_street": "Gowanus Canal Shoreline",
        "to_street": "Gowanus Canal Shoreline"
      }
    },
    {
      "type": "Feature",
      "geometry": {
        "type": "Point",
        "coordinates": [
          -73.938908,
          40.653289
        ]
      },
      "properties": {
        "source_id": "dot_automated_traffic_counts_archive_20260915",
        "measure_id": "dot_monthly_sampled_traffic_volume",
        "segment_id": 41867,
        "borough": "Brooklyn",
        "direction": "EB",
        "month": "2024-05",
        "mean_observed_15_min_volume": 69.615741,
        "max_observed_15_min_volume": 136,
        "observation_count": 864,
        "observed_days": 9,
        "count_sessions": 1,
        "street": "LINDEN BOULEVARD",
        "from_street": "East 42 Street",
        "to_street": "Albany Avenue"
      }
    },
    {
      "type": "Feature",
      "geometry": {
        "type": "Point",
        "coordinates": [
          -73.938908,
          40.653289
        ]
      },
      "properties": {
        "source_id": "dot_automated_traffic_counts_archive_20260915",
        "measure_id": "dot_monthly_sampled_traffic_volume",
        "segment_id": 41867,
        "borough": "Brooklyn",
        "direction": "WB",
        "month": "2024-05",
        "mean_observed_15_min_volume": 71.476852,
        "max_observed_15_min_volume": 185,
        "observation_count": 864,
        "observed_days": 9,
        "count_sessions": 1,
        "street": "LINDEN BOULEVARD",
        "from_street": "East 42 Street",
        "to_street": "Albany Avenue"
      }
    },
    {
      "type": "Feature",
      "geometry": {
        "type": "Point",
        "coordinates": [
          -73.930975,
          40.653782
        ]
      },
      "properties": {
        "source_id": "dot_automated_traffic_counts_archive_20260915",
        "measure_id": "dot_monthly_sampled_traffic_volume",
        "segment_id": 42089,
        "borough": "Brooklyn",
        "direction": "EB",
        "month": "2024-05",
        "mean_observed_15_min_volume": 68.498843,
        "max_observed_15_min_volume": 121,
        "observation_count": 864,
        "observed_days": 9,
        "count_sessions": 1,
        "street": "LINDEN BOULEVARD",
        "from_street": "East 49 Street",
        "to_street": "Utica Avenue"
      }
    },
    {
      "type": "Feature",
      "geometry": {
        "type": "Point",
        "coordinates": [
          -73.930975,
          40.653782
        ]
      },
      "properties": {
        "source_id": "dot_automated_traffic_counts_archive_20260915",
        "measure_id": "dot_monthly_sampled_traffic_volume",
        "segment_id": 42089,
        "borough": "Brooklyn",
        "direction": "WB",
        "month": "2024-05",
        "mean_observed_15_min_volume": 74.040509,
        "max_observed_15_min_volume": 156,
        "observation_count": 864,
        "observed_days": 9,
        "count_sessions": 1,
        "street": "LINDEN BOULEVARD",
        "from_street": "East 49 Street",
        "to_street": "Utica Avenue"
      }
    },
    {
      "type": "Feature",
      "geometry": {
        "type": "Point",
        "coordinates": [
          -73.913918,
          40.656694
        ]
      },
      "properties": {
        "source_id": "dot_automated_traffic_counts_archive_20260915",
        "measure_id": "dot_monthly_sampled_traffic_volume",
        "segment_id": 42646,
        "borough": "Brooklyn",
        "direction": "SB",
        "month": "2024-05",
        "mean_observed_15_min_volume": 30.712963,
        "max_observed_15_min_volume": 59,
        "observation_count": 864,
        "observed_days": 9,
        "count_sessions": 1,
        "street": "CHURCH AVENUE",
        "from_street": "Rockaway Parkway",
        "to_street": "East 98 Street"
      }
    },
    {
      "type": "Feature",
      "geometry": {
        "type": "Point",
        "coordinates": [
          -73.911739,
          40.701175
        ]
      },
      "properties": {
        "source_id": "dot_automated_traffic_counts_archive_20260915",
        "measure_id": "dot_monthly_sampled_traffic_volume",
        "segment_id": 45262,
        "borough": "Brooklyn",
        "direction": "NB",
        "month": "2024-05",
        "mean_observed_15_min_volume": 44.370861,
        "max_observed_15_min_volume": 88,
        "observation_count": 151,
        "observed_days": 2,
        "count_sessions": 1,
        "street": "LINDEN STREET",
        "from_street": "14 Street/canarsie Line",
        "to_street": "St Nicholas Avenue"
      }
    },
    {
      "type": "Feature",
      "geometry": {
        "type": "Point",
        "coordinates": [
          -73.79335,
          40.85625
        ]
      },
      "properties": {
        "source_id": "dot_automated_traffic_counts_archive_20260915",
        "measure_id": "dot_monthly_sampled_traffic_volume",
        "segment_id": 99721,
        "borough": "Bronx",
        "direction": "EB",
        "month": "2024-05",
        "mean_observed_15_min_volume": 79.325167,
        "max_observed_15_min_volume": 227,
        "observation_count": 898,
        "observed_days": 10,
        "count_sessions": 1,
        "street": "CITY IS BRIDGE",
        "from_street": "City Island Avenue",
        "to_street": "Dead end"
      }
    },
    {
      "type": "Feature",
      "geometry": {
        "type": "Point",
        "coordinates": [
          -73.79335,
          40.85625
        ]
      },
      "properties": {
        "source_id": "dot_automated_traffic_counts_archive_20260915",
        "measure_id": "dot_monthly_sampled_traffic_volume",
        "segment_id": 99721,
        "borough": "Bronx",
        "direction": "WB",
        "month": "2024-05",
        "mean_observed_15_min_volume": 79.822024,
        "max_observed_15_min_volume": 211,
        "observation_count": 899,
        "observed_days": 10,
        "count_sessions": 1,
        "street": "CITY IS BRIDGE",
        "from_street": "City Island Avenue",
        "to_street": "Dead end"
      }
    },
    {
      "type": "Feature",
      "geometry": {
        "type": "Point",
        "coordinates": [
          -73.825344,
          40.776233
        ]
      },
      "properties": {
        "source_id": "dot_automated_traffic_counts_archive_20260915",
        "measure_id": "dot_monthly_sampled_traffic_volume",
        "segment_id": 116891,
        "borough": "Queens",
        "direction": "EB",
        "month": "2024-06",
        "mean_observed_15_min_volume": 55.717262,
        "max_observed_15_min_volume": 156,
        "observation_count": 672,
        "observed_days": 7,
        "count_sessions": 1,
        "street": "WILLETS POINT BOULEVARD",
        "from_street": "143 Street",
        "to_street": "144 Street"
      }
    },
    {
      "type": "Feature",
      "geometry": {
        "type": "Point",
        "coordinates": [
          -73.809215,
          40.720515
        ]
      },
      "properties": {
        "source_id": "dot_automated_traffic_counts_archive_20260915",
        "measure_id": "dot_monthly_sampled_traffic_volume",
        "segment_id": 179027,
        "borough": "Queens",
        "direction": "SB",
        "month": "2024-06",
        "mean_observed_15_min_volume": 48.11756,
        "max_observed_15_min_volume": 103,
        "observation_count": 672,
        "observed_days": 7,
        "count_sessions": 1,
        "street": "PARSONS BOULEVARD",
        "from_street": "79 Avenue",
        "to_street": "Union Turnpike"
      }
    },
    {
      "type": "Feature",
      "geometry": {
        "type": "Point",
        "coordinates": [
          -73.808782,
          40.719027
        ]
      },
      "properties": {
        "source_id": "dot_automated_traffic_counts_archive_20260915",
        "measure_id": "dot_monthly_sampled_traffic_volume",
        "segment_id": 179030,
        "borough": "Queens",
        "direction": "NB",
        "month": "2024-06",
        "mean_observed_15_min_volume": 47.297619,
        "max_observed_15_min_volume": 98,
        "observation_count": 672,
        "observed_days": 7,
        "count_sessions": 1,
        "street": "PARSONS BOULEVARD",
        "from_street": "Goethals Avenue",
        "to_street": "Union Turnpike"
      }
    },
    {
      "type": "Feature",
      "geometry": {
        "type": "Point",
        "coordinates": [
          -73.860102,
          40.674482
        ]
      },
      "properties": {
        "source_id": "dot_automated_traffic_counts_archive_20260915",
        "measure_id": "dot_monthly_sampled_traffic_volume",
        "segment_id": 196368,
        "borough": "Queens",
        "direction": "EB",
        "month": "2024-06",
        "mean_observed_15_min_volume": 81.290179,
        "max_observed_15_min_volume": 161,
        "observation_count": 672,
        "observed_days": 7,
        "count_sessions": 1,
        "street": "SUTTER AVENUE",
        "from_street": "Dead End",
        "to_street": "North Conduit Avenue"
      }
    },
    {
      "type": "Feature",
      "geometry": {
        "type": "Point",
        "coordinates": [
          -73.988303,
          40.679458
        ]
      },
      "properties": {
        "source_id": "dot_automated_traffic_counts_archive_20260915",
        "measure_id": "dot_monthly_sampled_traffic_volume",
        "segment_id": 22652,
        "borough": "Brooklyn",
        "direction": "EB",
        "month": "2024-06",
        "mean_observed_15_min_volume": 40.511416,
        "max_observed_15_min_volume": 114,
        "observation_count": 219,
        "observed_days": 3,
        "count_sessions": 1,
        "street": "UNION ST BRIDGE",
        "from_street": "Gowanus Canal Shoreline",
        "to_street": "Gowanus Canal Shoreline"
      }
    },
    {
      "type": "Feature",
      "geometry": {
        "type": "Point",
        "coordinates": [
          -73.977138,
          40.683616
        ]
      },
      "properties": {
        "source_id": "dot_automated_traffic_counts_archive_20260915",
        "measure_id": "dot_monthly_sampled_traffic_volume",
        "segment_id": 28962,
        "borough": "Brooklyn",
        "direction": "NB",
        "month": "2024-06",
        "mean_observed_15_min_volume": 193.511905,
        "max_observed_15_min_volume": 335,
        "observation_count": 672,
        "observed_days": 7,
        "count_sessions": 1,
        "street": "FLATBUSH AVENUE",
        "from_street": "Atlantic Avenue",
        "to_street": "Eastern Parkway Line"
      }
    },
    {
      "type": "Feature",
      "geometry": {
        "type": "Point",
        "coordinates": [
          -73.977138,
          40.683616
        ]
      },
      "properties": {
        "source_id": "dot_automated_traffic_counts_archive_20260915",
        "measure_id": "dot_monthly_sampled_traffic_volume",
        "segment_id": 28962,
        "borough": "Brooklyn",
        "direction": "SB",
        "month": "2024-06",
        "mean_observed_15_min_volume": 182.372024,
        "max_observed_15_min_volume": 288,
        "observation_count": 672,
        "observed_days": 7,
        "count_sessions": 1,
        "street": "FLATBUSH AVENUE",
        "from_street": "Atlantic Avenue",
        "to_street": "Eastern Parkway Line"
      }
    },
    {
      "type": "Feature",
      "geometry": {
        "type": "Point",
        "coordinates": [
          -73.931223,
          40.714291
        ]
      },
      "properties": {
        "source_id": "dot_automated_traffic_counts_archive_20260915",
        "measure_id": "dot_monthly_sampled_traffic_volume",
        "segment_id": 44643,
        "borough": "Brooklyn",
        "direction": "EB",
        "month": "2024-06",
        "mean_observed_15_min_volume": 164.577381,
        "max_observed_15_min_volume": 306,
        "observation_count": 672,
        "observed_days": 7,
        "count_sessions": 1,
        "street": "METROPOLITAN AVENUE BRIDGE",
        "from_street": "English Kills Shoreline",
        "to_street": "English Kills Shoreline"
      }
    },
    {
      "type": "Feature",
      "geometry": {
        "type": "Point",
        "coordinates": [
          -73.931223,
          40.714291
        ]
      },
      "properties": {
        "source_id": "dot_automated_traffic_counts_archive_20260915",
        "measure_id": "dot_monthly_sampled_traffic_volume",
        "segment_id": 44643,
        "borough": "Brooklyn",
        "direction": "WB",
        "month": "2024-06",
        "mean_observed_15_min_volume": 195.096726,
        "max_observed_15_min_volume": 419,
        "observation_count": 672,
        "observed_days": 7,
        "count_sessions": 1,
        "street": "METROPOLITAN AVENUE BRIDGE",
        "from_street": "English Kills Shoreline",
        "to_street": "English Kills Shoreline"
      }
    },
    {
      "type": "Feature",
      "geometry": {
        "type": "Point",
        "coordinates": [
          -73.917157,
          40.706345
        ]
      },
      "properties": {
        "source_id": "dot_automated_traffic_counts_archive_20260915",
        "measure_id": "dot_monthly_sampled_traffic_volume",
        "segment_id": 45052,
        "borough": "Brooklyn",
        "direction": "NB",
        "month": "2024-06",
        "mean_observed_15_min_volume": 26.045858,
        "max_observed_15_min_volume": 63,
        "observation_count": 676,
        "observed_days": 8,
        "count_sessions": 1,
        "street": "DEKALB AVENUE",
        "from_street": "St Nicholas Avenue",
        "to_street": "Cypress Avenue"
      }
    },
    {
      "type": "Feature",
      "geometry": {
        "type": "Point",
        "coordinates": [
          -73.916777,
          40.706716
        ]
      },
      "properties": {
        "source_id": "dot_automated_traffic_counts_archive_20260915",
        "measure_id": "dot_monthly_sampled_traffic_volume",
        "segment_id": 45171,
        "borough": "Queens",
        "direction": "SB",
        "month": "2024-06",
        "mean_observed_15_min_volume": 25.004152,
        "max_observed_15_min_volume": 64,
        "observation_count": 1445,
        "observed_days": 16,
        "count_sessions": 1,
        "street": "DE KALB AVENUE",
        "from_street": "Seneca Avenue",
        "to_street": "Cypress Avenue"
      }
    },
    {
      "type": "Feature",
      "geometry": {
        "type": "Point",
        "coordinates": [
          -73.911739,
          40.701175
        ]
      },
      "properties": {
        "source_id": "dot_automated_traffic_counts_archive_20260915",
        "measure_id": "dot_monthly_sampled_traffic_volume",
        "segment_id": 45262,
        "borough": "Brooklyn",
        "direction": "NB",
        "month": "2024-06",
        "mean_observed_15_min_volume": 33.210795,
        "max_observed_15_min_volume": 85,
        "observation_count": 1371,
        "observed_days": 15,
        "count_sessions": 1,
        "street": "LINDEN STREET",
        "from_street": "14 Street/canarsie Line",
        "to_street": "St Nicholas Avenue"
      }
    },
    {
      "type": "Feature",
      "geometry": {
        "type": "Point",
        "coordinates": [
          -73.86129,
          40.674307
        ]
      },
      "properties": {
        "source_id": "dot_automated_traffic_counts_archive_20260915",
        "measure_id": "dot_monthly_sampled_traffic_volume",
        "segment_id": 50963,
        "borough": "Brooklyn",
        "direction": "WB",
        "month": "2024-06",
        "mean_observed_15_min_volume": 54.590774,
        "max_observed_15_min_volume": 121,
        "observation_count": 672,
        "observed_days": 7,
        "count_sessions": 1,
        "street": "SUTTER AVENUE",
        "from_street": "South Conduit Avenue",
        "to_street": "Dead end"
      }
    },
    {
      "type": "Feature",
      "geometry": {
        "type": "Point",
        "coordinates": [
          -73.897047,
          40.754331
        ]
      },
      "properties": {
        "source_id": "dot_automated_traffic_counts_archive_20260915",
        "measure_id": "dot_monthly_sampled_traffic_volume",
        "segment_id": 75814,
        "borough": "Queens",
        "direction": "EB",
        "month": "2024-06",
        "mean_observed_15_min_volume": 124.71875,
        "max_observed_15_min_volume": 245,
        "observation_count": 672,
        "observed_days": 7,
        "count_sessions": 1,
        "street": "NORTHERN BOULEVARD",
        "from_street": "69 Street",
        "to_street": "70 Street"
      }
    },
    {
      "type": "Feature",
      "geometry": {
        "type": "Point",
        "coordinates": [
          -73.897047,
          40.754331
        ]
      },
      "properties": {
        "source_id": "dot_automated_traffic_counts_archive_20260915",
        "measure_id": "dot_monthly_sampled_traffic_volume",
        "segment_id": 75814,
        "borough": "Queens",
        "direction": "WB",
        "month": "2024-06",
        "mean_observed_15_min_volume": 115.563988,
        "max_observed_15_min_volume": 211,
        "observation_count": 672,
        "observed_days": 7,
        "count_sessions": 1,
        "street": "NORTHERN BOULEVARD",
        "from_street": "69 Street",
        "to_street": "70 Street"
      }
    },
    {
      "type": "Feature",
      "geometry": {
        "type": "Point",
        "coordinates": [
          -73.881189,
          40.835125
        ]
      },
      "properties": {
        "source_id": "dot_automated_traffic_counts_archive_20260915",
        "measure_id": "dot_monthly_sampled_traffic_volume",
        "segment_id": 9014587,
        "borough": "Bronx",
        "direction": "WB",
        "month": "2024-06",
        "mean_observed_15_min_volume": 100.567708,
        "max_observed_15_min_volume": 243,
        "observation_count": 384,
        "observed_days": 4,
        "count_sessions": 1,
        "street": "EAST 174 ST BRIDGE",
        "from_street": "Dead End",
        "to_street": "Bronx River Shoreline"
      }
    },
    {
      "type": "Feature",
      "geometry": {
        "type": "Point",
        "coordinates": [
          -73.816314,
          40.748058
        ]
      },
      "properties": {
        "source_id": "dot_automated_traffic_counts_archive_20260915",
        "measure_id": "dot_monthly_sampled_traffic_volume",
        "segment_id": 91575,
        "borough": "Queens",
        "direction": "SB",
        "month": "2024-06",
        "mean_observed_15_min_volume": 60.903935,
        "max_observed_15_min_volume": 109,
        "observation_count": 864,
        "observed_days": 9,
        "count_sessions": 1,
        "street": "KISSENA BOULEVARD",
        "from_street": "Negundo Avenue",
        "to_street": "Oak Avenue"
      }
    },
    {
      "type": "Feature",
      "geometry": {
        "type": "Point",
        "coordinates": [
          -73.815709,
          40.74752
        ]
      },
      "properties": {
        "source_id": "dot_automated_traffic_counts_archive_20260915",
        "measure_id": "dot_monthly_sampled_traffic_volume",
        "segment_id": 91580,
        "borough": "Queens",
        "direction": "NB",
        "month": "2024-06",
        "mean_observed_15_min_volume": 68.391204,
        "max_observed_15_min_volume": 129,
        "observation_count": 864,
        "observed_days": 9,
        "count_sessions": 1,
        "street": "KISSENA BOULEVARD",
        "from_street": "Poplar Avenue",
        "to_street": "Oak Avenue"
      }
    },
    {
      "type": "Feature",
      "geometry": {
        "type": "Point",
        "coordinates": [
          -73.824806,
          40.786715
        ]
      },
      "properties": {
        "source_id": "dot_automated_traffic_counts_archive_20260915",
        "measure_id": "dot_monthly_sampled_traffic_volume",
        "segment_id": 92357,
        "borough": "Queens",
        "direction": "EB",
        "month": "2024-06",
        "mean_observed_15_min_volume": 74.811343,
        "max_observed_15_min_volume": 146,
        "observation_count": 864,
        "observed_days": 9,
        "count_sessions": 1,
        "street": "14 AVENUE",
        "from_street": "143 Place",
        "to_street": "Whitestone Expressway Sr West"
      }
    },
    {
      "type": "Feature",
      "geometry": {
        "type": "Point",
        "coordinates": [
          -73.823687,
          40.786768
        ]
      },
      "properties": {
        "source_id": "dot_automated_traffic_counts_archive_20260915",
        "measure_id": "dot_monthly_sampled_traffic_volume",
        "segment_id": 92481,
        "borough": "Queens",
        "direction": "WB",
        "month": "2024-06",
        "mean_observed_15_min_volume": 101.334491,
        "max_observed_15_min_volume": 220,
        "observation_count": 864,
        "observed_days": 9,
        "count_sessions": 1,
        "street": "14 AVENUE",
        "from_street": "144 Place",
        "to_street": "Whitestone Expressway"
      }
    },
    {
      "type": "Feature",
      "geometry": {
        "type": "Point",
        "coordinates": [
          -73.748427,
          40.733335
        ]
      },
      "properties": {
        "source_id": "dot_automated_traffic_counts_archive_20260915",
        "measure_id": "dot_monthly_sampled_traffic_volume",
        "segment_id": 100318,
        "borough": "Queens",
        "direction": "NB",
        "month": "2024-09",
        "mean_observed_15_min_volume": 2.360119,
        "max_observed_15_min_volume": 21,
        "observation_count": 672,
        "observed_days": 7,
        "count_sessions": 1,
        "street": "HARTLAND AVENUE",
        "from_street": "221 Street",
        "to_street": "Grand Central Parkway Sr North"
      }
    },
    {
      "type": "Feature",
      "geometry": {
        "type": "Point",
        "coordinates": [
          -73.748427,
          40.733335
        ]
      },
      "properties": {
        "source_id": "dot_automated_traffic_counts_archive_20260915",
        "measure_id": "dot_monthly_sampled_traffic_volume",
        "segment_id": 100318,
        "borough": "Queens",
        "direction": "SB",
        "month": "2024-09",
        "mean_observed_15_min_volume": 1.83631,
        "max_observed_15_min_volume": 12,
        "observation_count": 672,
        "observed_days": 7,
        "count_sessions": 1,
        "street": "HARTLAND AVENUE",
        "from_street": "221 Street",
        "to_street": "Grand Central Parkway Sr North"
      }
    },
    {
      "type": "Feature",
      "geometry": {
        "type": "Point",
        "coordinates": [
          -73.842432,
          40.868488
        ]
      },
      "properties": {
        "source_id": "dot_automated_traffic_counts_archive_20260915",
        "measure_id": "dot_monthly_sampled_traffic_volume",
        "segment_id": 178548,
        "borough": "Bronx",
        "direction": "EB",
        "month": "2024-09",
        "mean_observed_15_min_volume": 96.452546,
        "max_observed_15_min_volume": 204,
        "observation_count": 864,
        "observed_days": 9,
        "count_sessions": 1,
        "street": "EAST GUN HILL ROAD",
        "from_street": "Eastchester Road",
        "to_street": "Eastchester Road"
      }
    },
    {
      "type": "Feature",
      "geometry": {
        "type": "Point",
        "coordinates": [
          -73.842432,
          40.868488
        ]
      },
      "properties": {
        "source_id": "dot_automated_traffic_counts_archive_20260915",
        "measure_id": "dot_monthly_sampled_traffic_volume",
        "segment_id": 178548,
        "borough": "Bronx",
        "direction": "WB",
        "month": "2024-09",
        "mean_observed_15_min_volume": 84.510417,
        "max_observed_15_min_volume": 163,
        "observation_count": 864,
        "observed_days": 9,
        "count_sessions": 1,
        "street": "EAST GUN HILL ROAD",
        "from_street": "Eastchester Road",
        "to_street": "Eastchester Road"
      }
    },
    {
      "type": "Feature",
      "geometry": {
        "type": "Point",
        "coordinates": [
          -73.932936,
          40.795355
        ]
      },
      "properties": {
        "source_id": "dot_automated_traffic_counts_archive_20260915",
        "measure_id": "dot_monthly_sampled_traffic_volume",
        "segment_id": 68527,
        "borough": "Manhattan",
        "direction": "NB",
        "month": "2024-09",
        "mean_observed_15_min_volume": 15.157552,
        "max_observed_15_min_volume": 44,
        "observation_count": 768,
        "observed_days": 8,
        "count_sessions": 1,
        "street": "PLEASANT AVENUE",
        "from_street": "East 116 Street",
        "to_street": "East 117 Street"
      }
    },
    {
      "type": "Feature",
      "geometry": {
        "type": "Point",
        "coordinates": [
          -73.932936,
          40.795355
        ]
      },
      "properties": {
        "source_id": "dot_automated_traffic_counts_archive_20260915",
        "measure_id": "dot_monthly_sampled_traffic_volume",
        "segment_id": 68527,
        "borough": "Manhattan",
        "direction": "SB",
        "month": "2024-09",
        "mean_observed_15_min_volume": 38.730469,
        "max_observed_15_min_volume": 90,
        "observation_count": 768,
        "observed_days": 8,
        "count_sessions": 1,
        "street": "PLEASANT AVENUE",
        "from_street": "East 116 Street",
        "to_street": "East 117 Street"
      }
    },
    {
      "type": "Feature",
      "geometry": {
        "type": "Point",
        "coordinates": [
          -73.958256,
          40.759256
        ]
      },
      "properties": {
        "source_id": "dot_automated_traffic_counts_archive_20260915",
        "measure_id": "dot_monthly_sampled_traffic_volume",
        "segment_id": 136811,
        "borough": "Manhattan",
        "direction": "NB",
        "month": "2024-10",
        "mean_observed_15_min_volume": 690.347222,
        "max_observed_15_min_volume": 1102,
        "observation_count": 288,
        "observed_days": 3,
        "count_sessions": 1,
        "street": "F D R DRIVE",
        "from_street": "Astoria Line",
        "to_street": "Dead end"
      }
    },
    {
      "type": "Feature",
      "geometry": {
        "type": "Point",
        "coordinates": [
          -73.990749,
          40.707245
        ]
      },
      "properties": {
        "source_id": "dot_automated_traffic_counts_archive_20260915",
        "measure_id": "dot_monthly_sampled_traffic_volume",
        "segment_id": 249325,
        "borough": "Manhattan",
        "direction": "SB",
        "month": "2024-10",
        "mean_observed_15_min_volume": 365.364583,
        "max_observed_15_min_volume": 650,
        "observation_count": 192,
        "observed_days": 2,
        "count_sessions": 1,
        "street": "MANHATTAN BRIDGE",
        "from_street": "Manhattan Bridge Line",
        "to_street": "Manhattan Bridge Line"
      }
    },
    {
      "type": "Feature",
      "geometry": {
        "type": "Point",
        "coordinates": [
          -73.97945,
          40.715908
        ]
      },
      "properties": {
        "source_id": "dot_automated_traffic_counts_archive_20260915",
        "measure_id": "dot_monthly_sampled_traffic_volume",
        "segment_id": 252704,
        "borough": "Manhattan",
        "direction": "WB",
        "month": "2024-10",
        "mean_observed_15_min_volume": 435.177083,
        "max_observed_15_min_volume": 663,
        "observation_count": 288,
        "observed_days": 3,
        "count_sessions": 1,
        "street": "WILLIAMSBURG BR APPROACH",
        "from_street": "Dead end",
        "to_street": "Dead End"
      }
    },
    {
      "type": "Feature",
      "geometry": {
        "type": "Point",
        "coordinates": [
          -73.979569,
          40.715714
        ]
      },
      "properties": {
        "source_id": "dot_automated_traffic_counts_archive_20260915",
        "measure_id": "dot_monthly_sampled_traffic_volume",
        "segment_id": 252708,
        "borough": "Manhattan",
        "direction": "EB",
        "month": "2024-10",
        "mean_observed_15_min_volume": 481.350694,
        "max_observed_15_min_volume": 742,
        "observation_count": 288,
        "observed_days": 3,
        "count_sessions": 1,
        "street": "WILLIAMSBURG BR APPROACH",
        "from_street": "Dead End",
        "to_street": "Dead end"
      }
    },
    {
      "type": "Feature",
      "geometry": {
        "type": "Point",
        "coordinates": [
          -73.911066,
          40.873575
        ]
      },
      "properties": {
        "source_id": "dot_automated_traffic_counts_archive_20260915",
        "measure_id": "dot_monthly_sampled_traffic_volume",
        "segment_id": 270776,
        "borough": "Manhattan",
        "direction": "NB",
        "month": "2024-10",
        "mean_observed_15_min_volume": 133.529167,
        "max_observed_15_min_volume": 312,
        "observation_count": 480,
        "observed_days": 5,
        "count_sessions": 1,
        "street": "BROADWAY BRIDGE",
        "from_street": "Broadway",
        "to_street": "Harlem River Shoreline"
      }
    },
    {
      "type": "Feature",
      "geometry": {
        "type": "Point",
        "coordinates": [
          -73.911158,
          40.873671
        ]
      },
      "properties": {
        "source_id": "dot_automated_traffic_counts_archive_20260915",
        "measure_id": "dot_monthly_sampled_traffic_volume",
        "segment_id": 270779,
        "borough": "Manhattan",
        "direction": "SB",
        "month": "2024-10",
        "mean_observed_15_min_volume": 165.839844,
        "max_observed_15_min_volume": 400,
        "observation_count": 768,
        "observed_days": 8,
        "count_sessions": 1,
        "street": "BROADWAY BRIDGE",
        "from_street": "Broadway",
        "to_street": "Harlem River Shoreline"
      }
    },
    {
      "type": "Feature",
      "geometry": {
        "type": "Point",
        "coordinates": [
          -73.989757,
          40.772569
        ]
      },
      "properties": {
        "source_id": "dot_automated_traffic_counts_archive_20260915",
        "measure_id": "dot_monthly_sampled_traffic_volume",
        "segment_id": 34332,
        "borough": "Manhattan",
        "direction": "NB",
        "month": "2024-10",
        "mean_observed_15_min_volume": 62.243304,
        "max_observed_15_min_volume": 238,
        "observation_count": 1344,
        "observed_days": 14,
        "count_sessions": 1,
        "street": "WEST END AVENUE",
        "from_street": "West 60 Street",
        "to_street": "West 61 Street"
      }
    },
    {
      "type": "Feature",
      "geometry": {
        "type": "Point",
        "coordinates": [
          -73.989757,
          40.772569
        ]
      },
      "properties": {
        "source_id": "dot_automated_traffic_counts_archive_20260915",
        "measure_id": "dot_monthly_sampled_traffic_volume",
        "segment_id": 34332,
        "borough": "Manhattan",
        "direction": "SB",
        "month": "2024-10",
        "mean_observed_15_min_volume": 112.238636,
        "max_observed_15_min_volume": 206,
        "observation_count": 1056,
        "observed_days": 11,
        "count_sessions": 1,
        "street": "WEST END AVENUE",
        "from_street": "West 60 Street",
        "to_street": "West 61 Street"
      }
    },
    {
      "type": "Feature",
      "geometry": {
        "type": "Point",
        "coordinates": [
          -73.973145,
          40.74363
        ]
      },
      "properties": {
        "source_id": "dot_automated_traffic_counts_archive_20260915",
        "measure_id": "dot_monthly_sampled_traffic_volume",
        "segment_id": 35889,
        "borough": "Manhattan",
        "direction": "EB",
        "month": "2024-10",
        "mean_observed_15_min_volume": 139.135417,
        "max_observed_15_min_volume": 195,
        "observation_count": 96,
        "observed_days": 1,
        "count_sessions": 1,
        "street": "EAST 34 STREET",
        "from_street": "1 Avenue",
        "to_street": "F D R Drive"
      }
    },
    {
      "type": "Feature",
      "geometry": {
        "type": "Point",
        "coordinates": [
          -73.973145,
          40.74363
        ]
      },
      "properties": {
        "source_id": "dot_automated_traffic_counts_archive_20260915",
        "measure_id": "dot_monthly_sampled_traffic_volume",
        "segment_id": 35889,
        "borough": "Manhattan",
        "direction": "WB",
        "month": "2024-10",
        "mean_observed_15_min_volume": 76.145833,
        "max_observed_15_min_volume": 121,
        "observation_count": 96,
        "observed_days": 1,
        "count_sessions": 1,
        "street": "EAST 34 STREET",
        "from_street": "1 Avenue",
        "to_street": "F D R Drive"
      }
    },
    {
      "type": "Feature",
      "geometry": {
        "type": "Point",
        "coordinates": [
          -73.96403,
          40.75966
        ]
      },
      "properties": {
        "source_id": "dot_automated_traffic_counts_archive_20260915",
        "measure_id": "dot_monthly_sampled_traffic_volume",
        "segment_id": 36369,
        "borough": "Manhattan",
        "direction": "SB",
        "month": "2024-10",
        "mean_observed_15_min_volume": 38.204861,
        "max_observed_15_min_volume": 323,
        "observation_count": 288,
        "observed_days": 3,
        "count_sessions": 1,
        "street": "EAST 58 STREET",
        "from_street": "Ed Koch Queensboro Bridge Appr",
        "to_street": "2 Avenue"
      }
    },
    {
      "type": "Feature",
      "geometry": {
        "type": "Point",
        "coordinates": [
          -73.894534,
          40.664676
        ]
      },
      "properties": {
        "source_id": "dot_automated_traffic_counts_archive_20260915",
        "measure_id": "dot_monthly_sampled_traffic_volume",
        "segment_id": 47527,
        "borough": "Brooklyn",
        "direction": "WB",
        "month": "2024-10",
        "mean_observed_15_min_volume": 18.105903,
        "max_observed_15_min_volume": 67,
        "observation_count": 576,
        "observed_days": 6,
        "count_sessions": 1,
        "street": "LIVONIA AVENUE",
        "from_street": "New Lots Line",
        "to_street": "New Lots Line"
      }
    },
    {
      "type": "Feature",
      "geometry": {
        "type": "Point",
        "coordinates": [
          -73.893524,
          40.664831
        ]
      },
      "properties": {
        "source_id": "dot_automated_traffic_counts_archive_20260915",
        "measure_id": "dot_monthly_sampled_traffic_volume",
        "segment_id": 47529,
        "borough": "Brooklyn",
        "direction": "EB",
        "month": "2024-10",
        "mean_observed_15_min_volume": 17.694444,
        "max_observed_15_min_volume": 58,
        "observation_count": 576,
        "observed_days": 6,
        "count_sessions": 1,
        "street": "LIVONIA AVENUE",
        "from_street": "New Jersey Avenue",
        "to_street": "New Lots Line"
      }
    },
    {
      "type": "Feature",
      "geometry": {
        "type": "Point",
        "coordinates": [
          -73.914834,
          40.862745
        ]
      },
      "properties": {
        "source_id": "dot_automated_traffic_counts_archive_20260915",
        "measure_id": "dot_monthly_sampled_traffic_volume",
        "segment_id": 72887,
        "borough": "Manhattan",
        "direction": "EB",
        "month": "2024-10",
        "mean_observed_15_min_volume": 165.904762,
        "max_observed_15_min_volume": 306,
        "observation_count": 1344,
        "observed_days": 14,
        "count_sessions": 1,
        "street": "UNIVERSITY HEIGHTS BRIDGE",
        "from_street": "Harlem River Shoreline",
        "to_street": "Harlem River Shoreline"
      }
    },
    {
      "type": "Feature",
      "geometry": {
        "type": "Point",
        "coordinates": [
          -73.914834,
          40.862745
        ]
      },
      "properties": {
        "source_id": "dot_automated_traffic_counts_archive_20260915",
        "measure_id": "dot_monthly_sampled_traffic_volume",
        "segment_id": 72887,
        "borough": "Manhattan",
        "direction": "WB",
        "month": "2024-10",
        "mean_observed_15_min_volume": 211.389881,
        "max_observed_15_min_volume": 327,
        "observation_count": 1344,
        "observed_days": 14,
        "count_sessions": 1,
        "street": "UNIVERSITY HEIGHTS BRIDGE",
        "from_street": "Harlem River Shoreline",
        "to_street": "Harlem River Shoreline"
      }
    },
    {
      "type": "Feature",
      "geometry": {
        "type": "Point",
        "coordinates": [
          -73.990575,
          40.707433
        ]
      },
      "properties": {
        "source_id": "dot_automated_traffic_counts_archive_20260915",
        "measure_id": "dot_monthly_sampled_traffic_volume",
        "segment_id": 9009104,
        "borough": "Manhattan",
        "direction": "NB",
        "month": "2024-10",
        "mean_observed_15_min_volume": 175.770833,
        "max_observed_15_min_volume": 357,
        "observation_count": 192,
        "observed_days": 2,
        "count_sessions": 1,
        "street": "MANHATTAN BRIDGE",
        "from_street": "6 Avenue Line",
        "to_street": "6 Avenue Line"
      }
    },
    {
      "type": "Feature",
      "geometry": {
        "type": "Point",
        "coordinates": [
          -73.988825,
          40.693622
        ]
      },
      "properties": {
        "source_id": "dot_automated_traffic_counts_archive_20260915",
        "measure_id": "dot_monthly_sampled_traffic_volume",
        "segment_id": 145097,
        "borough": "Brooklyn",
        "direction": "SB",
        "month": "2024-11",
        "mean_observed_15_min_volume": 175.041667,
        "max_observed_15_min_volume": 273,
        "observation_count": 96,
        "observed_days": 1,
        "count_sessions": 1,
        "street": "ADAMS STREET",
        "from_street": "Connector",
        "to_street": "Dead end"
      }
    },
    {
      "type": "Feature",
      "geometry": {
        "type": "Point",
        "coordinates": [
          -73.988727,
          40.695523
        ]
      },
      "properties": {
        "source_id": "dot_automated_traffic_counts_archive_20260915",
        "measure_id": "dot_monthly_sampled_traffic_volume",
        "segment_id": 148076,
        "borough": "Brooklyn",
        "direction": "NB",
        "month": "2024-11",
        "mean_observed_15_min_volume": 148.302083,
        "max_observed_15_min_volume": 222,
        "observation_count": 96,
        "observed_days": 1,
        "count_sessions": 1,
        "street": "ADAMS STREET",
        "from_street": "Tillary Street",
        "to_street": "Johnson Street"
      }
    },
    {
      "type": "Feature",
      "geometry": {
        "type": "Point",
        "coordinates": [
          -73.894534,
          40.664676
        ]
      },
      "properties": {
        "source_id": "dot_automated_traffic_counts_archive_20260915",
        "measure_id": "dot_monthly_sampled_traffic_volume",
        "segment_id": 47527,
        "borough": "Brooklyn",
        "direction": "WB",
        "month": "2024-11",
        "mean_observed_15_min_volume": 20.010417,
        "max_observed_15_min_volume": 46,
        "observation_count": 96,
        "observed_days": 1,
        "count_sessions": 1,
        "street": "LIVONIA AVENUE",
        "from_street": "New Lots Line",
        "to_street": "New Lots Line"
      }
    },
    {
      "type": "Feature",
      "geometry": {
        "type": "Point",
        "coordinates": [
          -73.893898,
          40.66419
        ]
      },
      "properties": {
        "source_id": "dot_automated_traffic_counts_archive_20260915",
        "measure_id": "dot_monthly_sampled_traffic_volume",
        "segment_id": 47528,
        "borough": "Brooklyn",
        "direction": "NB",
        "month": "2024-11",
        "mean_observed_15_min_volume": 161.072917,
        "max_observed_15_min_volume": 232,
        "observation_count": 96,
        "observed_days": 1,
        "count_sessions": 1,
        "street": "PENNSYLVANIA AVENUE",
        "from_street": "Riverdale Avenue",
        "to_street": "Livonia Avenue"
      }
    },
    {
      "type": "Feature",
      "geometry": {
        "type": "Point",
        "coordinates": [
          -73.893524,
          40.664831
        ]
      },
      "properties": {
        "source_id": "dot_automated_traffic_counts_archive_20260915",
        "measure_id": "dot_monthly_sampled_traffic_volume",
        "segment_id": 47529,
        "borough": "Brooklyn",
        "direction": "EB",
        "month": "2024-11",
        "mean_observed_15_min_volume": 20.166667,
        "max_observed_15_min_volume": 57,
        "observation_count": 96,
        "observed_days": 1,
        "count_sessions": 1,
        "street": "LIVONIA AVENUE",
        "from_street": "New Jersey Avenue",
        "to_street": "New Lots Line"
      }
    },
    {
      "type": "Feature",
      "geometry": {
        "type": "Point",
        "coordinates": [
          -73.894251,
          40.665566
        ]
      },
      "properties": {
        "source_id": "dot_automated_traffic_counts_archive_20260915",
        "measure_id": "dot_monthly_sampled_traffic_volume",
        "segment_id": 47536,
        "borough": "Brooklyn",
        "direction": "SB",
        "month": "2024-11",
        "mean_observed_15_min_volume": 185.145833,
        "max_observed_15_min_volume": 289,
        "observation_count": 96,
        "observed_days": 1,
        "count_sessions": 1,
        "street": "PENNSYLVANIA AVENUE",
        "from_street": "Dumont Avenue",
        "to_street": "Livonia Avenue"
      }
    },
    {
      "type": "Feature",
      "geometry": {
        "type": "Point",
        "coordinates": [
          -73.933822,
          40.828101
        ]
      },
      "properties": {
        "source_id": "dot_automated_traffic_counts_archive_20260915",
        "measure_id": "dot_monthly_sampled_traffic_volume",
        "segment_id": 71036,
        "borough": "Manhattan",
        "direction": "EB",
        "month": "2024-11",
        "mean_observed_15_min_volume": 178.363839,
        "max_observed_15_min_volume": 306,
        "observation_count": 1344,
        "observed_days": 14,
        "count_sessions": 1,
        "street": "MACOMBS DAM BRIDGE",
        "from_street": "Harlem River Shoreline",
        "to_street": "Harlem River Shoreline"
      }
    },
    {
      "type": "Feature",
      "geometry": {
        "type": "Point",
        "coordinates": [
          -73.933822,
          40.828101
        ]
      },
      "properties": {
        "source_id": "dot_automated_traffic_counts_archive_20260915",
        "measure_id": "dot_monthly_sampled_traffic_volume",
        "segment_id": 71036,
        "borough": "Manhattan",
        "direction": "WB",
        "month": "2024-11",
        "mean_observed_15_min_volume": 210.111607,
        "max_observed_15_min_volume": 386,
        "observation_count": 1344,
        "observed_days": 14,
        "count_sessions": 1,
        "street": "MACOMBS DAM BRIDGE",
        "from_street": "Harlem River Shoreline",
        "to_street": "Harlem River Shoreline"
      }
    },
    {
      "type": "Feature",
      "geometry": {
        "type": "Point",
        "coordinates": [
          -73.978585,
          40.684077
        ]
      },
      "properties": {
        "source_id": "dot_automated_traffic_counts_archive_20260915",
        "measure_id": "dot_monthly_sampled_traffic_volume",
        "segment_id": 8102742,
        "borough": "Brooklyn",
        "direction": "NB",
        "month": "2024-11",
        "mean_observed_15_min_volume": 71.284722,
        "max_observed_15_min_volume": 137,
        "observation_count": 576,
        "observed_days": 6,
        "count_sessions": 1,
        "street": "4 AVENUE LINE",
        "from_street": "Dead End",
        "to_street": "Pacific Street"
      }
    },
    {
      "type": "Feature",
      "geometry": {
        "type": "Point",
        "coordinates": [
          -73.978585,
          40.684077
        ]
      },
      "properties": {
        "source_id": "dot_automated_traffic_counts_archive_20260915",
        "measure_id": "dot_monthly_sampled_traffic_volume",
        "segment_id": 8102742,
        "borough": "Brooklyn",
        "direction": "SB",
        "month": "2024-11",
        "mean_observed_15_min_volume": 64.633681,
        "max_observed_15_min_volume": 124,
        "observation_count": 576,
        "observed_days": 6,
        "count_sessions": 1,
        "street": "4 AVENUE LINE",
        "from_street": "Dead End",
        "to_street": "Pacific Street"
      }
    },
    {
      "type": "Feature",
      "geometry": {
        "type": "Point",
        "coordinates": [
          -73.833553,
          40.755962
        ]
      },
      "properties": {
        "source_id": "dot_automated_traffic_counts_archive_20260915",
        "measure_id": "dot_monthly_sampled_traffic_volume",
        "segment_id": 91041,
        "borough": "Queens",
        "direction": "NB",
        "month": "2024-11",
        "mean_observed_15_min_volume": 107.598958,
        "max_observed_15_min_volume": 211,
        "observation_count": 384,
        "observed_days": 4,
        "count_sessions": 1,
        "street": "COLLEGE POINT BOULEVARD",
        "from_street": "41 Avenue",
        "to_street": "41 Road"
      }
    },
    {
      "type": "Feature",
      "geometry": {
        "type": "Point",
        "coordinates": [
          -73.833553,
          40.755962
        ]
      },
      "properties": {
        "source_id": "dot_automated_traffic_counts_archive_20260915",
        "measure_id": "dot_monthly_sampled_traffic_volume",
        "segment_id": 91041,
        "borough": "Queens",
        "direction": "SB",
        "month": "2024-11",
        "mean_observed_15_min_volume": 132.536458,
        "max_observed_15_min_volume": 248,
        "observation_count": 384,
        "observed_days": 4,
        "count_sessions": 1,
        "street": "COLLEGE POINT BOULEVARD",
        "from_street": "41 Avenue",
        "to_street": "41 Road"
      }
    },
    {
      "type": "Feature",
      "geometry": {
        "type": "Point",
        "coordinates": [
          -73.788136,
          40.757883
        ]
      },
      "properties": {
        "source_id": "dot_automated_traffic_counts_archive_20260915",
        "measure_id": "dot_monthly_sampled_traffic_volume",
        "segment_id": 97314,
        "borough": "Queens",
        "direction": "EB",
        "month": "2024-11",
        "mean_observed_15_min_volume": 142.136574,
        "max_observed_15_min_volume": 357,
        "observation_count": 864,
        "observed_days": 9,
        "count_sessions": 1,
        "street": "NORTHERN BOULEVARD",
        "from_street": "193 Street",
        "to_street": "194 Street"
      }
    },
    {
      "type": "Feature",
      "geometry": {
        "type": "Point",
        "coordinates": [
          -73.788136,
          40.757883
        ]
      },
      "properties": {
        "source_id": "dot_automated_traffic_counts_archive_20260915",
        "measure_id": "dot_monthly_sampled_traffic_volume",
        "segment_id": 97314,
        "borough": "Queens",
        "direction": "WB",
        "month": "2024-11",
        "mean_observed_15_min_volume": 140.787037,
        "max_observed_15_min_volume": 383,
        "observation_count": 864,
        "observed_days": 9,
        "count_sessions": 1,
        "street": "NORTHERN BOULEVARD",
        "from_street": "193 Street",
        "to_street": "194 Street"
      }
    },
    {
      "type": "Feature",
      "geometry": {
        "type": "Point",
        "coordinates": [
          -73.788613,
          40.758664
        ]
      },
      "properties": {
        "source_id": "dot_automated_traffic_counts_archive_20260915",
        "measure_id": "dot_monthly_sampled_traffic_volume",
        "segment_id": 97328,
        "borough": "Queens",
        "direction": "NB",
        "month": "2024-11",
        "mean_observed_15_min_volume": 4.133102,
        "max_observed_15_min_volume": 23,
        "observation_count": 864,
        "observed_days": 9,
        "count_sessions": 1,
        "street": "193 STREET",
        "from_street": "42 Avenue",
        "to_street": "Northern Boulevard"
      }
    },
    {
      "type": "Feature",
      "geometry": {
        "type": "Point",
        "coordinates": [
          -73.788613,
          40.758664
        ]
      },
      "properties": {
        "source_id": "dot_automated_traffic_counts_archive_20260915",
        "measure_id": "dot_monthly_sampled_traffic_volume",
        "segment_id": 97328,
        "borough": "Queens",
        "direction": "SB",
        "month": "2024-11",
        "mean_observed_15_min_volume": 3.734954,
        "max_observed_15_min_volume": 24,
        "observation_count": 864,
        "observed_days": 9,
        "count_sessions": 1,
        "street": "193 STREET",
        "from_street": "42 Avenue",
        "to_street": "Northern Boulevard"
      }
    },
    {
      "type": "Feature",
      "geometry": {
        "type": "Point",
        "coordinates": [
          -73.976423,
          40.687115
        ]
      },
      "properties": {
        "source_id": "dot_automated_traffic_counts_archive_20260915",
        "measure_id": "dot_monthly_sampled_traffic_volume",
        "segment_id": 28987,
        "borough": "Brooklyn",
        "direction": "EB",
        "month": "2024-12",
        "mean_observed_15_min_volume": 62.83912,
        "max_observed_15_min_volume": 123,
        "observation_count": 864,
        "observed_days": 9,
        "count_sessions": 1,
        "street": "FULTON STREET",
        "from_street": "Ft Greene Place",
        "to_street": "Crosstown Line"
      }
    },
    {
      "type": "Feature",
      "geometry": {
        "type": "Point",
        "coordinates": [
          -73.951249,
          40.688777
        ]
      },
      "properties": {
        "source_id": "dot_automated_traffic_counts_archive_20260915",
        "measure_id": "dot_monthly_sampled_traffic_volume",
        "segment_id": 30999,
        "borough": "Brooklyn",
        "direction": "SB",
        "month": "2024-12",
        "mean_observed_15_min_volume": 124.185185,
        "max_observed_15_min_volume": 210,
        "observation_count": 864,
        "observed_days": 9,
        "count_sessions": 1,
        "street": "NOSTRAND AVENUE",
        "from_street": "Clifton Place",
        "to_street": "Greene Avenue"
      }
    },
    {
      "type": "Feature",
      "geometry": {
        "type": "Point",
        "coordinates": [
          -73.951773,
          40.691328
        ]
      },
      "properties": {
        "source_id": "dot_automated_traffic_counts_archive_20260915",
        "measure_id": "dot_monthly_sampled_traffic_volume",
        "segment_id": 31005,
        "borough": "Brooklyn",
        "direction": "WB",
        "month": "2024-12",
        "mean_observed_15_min_volume": 66.978009,
        "max_observed_15_min_volume": 120,
        "observation_count": 864,
        "observed_days": 9,
        "count_sessions": 1,
        "street": "DEKALB AVENUE",
        "from_street": "Walworth Street",
        "to_street": "Nostrand Avenue"
      }
    },
    {
      "type": "Feature",
      "geometry": {
        "type": "Point",
        "coordinates": [
          -73.94826,
          40.69062
        ]
      },
      "properties": {
        "source_id": "dot_automated_traffic_counts_archive_20260915",
        "measure_id": "dot_monthly_sampled_traffic_volume",
        "segment_id": 31164,
        "borough": "Brooklyn",
        "direction": "NB",
        "month": "2024-12",
        "mean_observed_15_min_volume": 81.178241,
        "max_observed_15_min_volume": 160,
        "observation_count": 864,
        "observed_days": 9,
        "count_sessions": 1,
        "street": "MARCY AVENUE",
        "from_street": "Lafayette Avenue",
        "to_street": "Kosciuszko Street"
      }
    },
    {
      "type": "Feature",
      "geometry": {
        "type": "Point",
        "coordinates": [
          -73.830939,
          40.726831
        ]
      },
      "properties": {
        "source_id": "dot_automated_traffic_counts_archive_20260915",
        "measure_id": "dot_monthly_sampled_traffic_volume",
        "segment_id": 107410,
        "borough": "Queens",
        "direction": "NB",
        "month": "2025-01",
        "mean_observed_15_min_volume": 46.130208,
        "max_observed_15_min_volume": 105,
        "observation_count": 192,
        "observed_days": 2,
        "count_sessions": 1,
        "street": "PARK DRIVE EAST",
        "from_street": "Jewel Avenue",
        "to_street": "Dead end"
      }
    },
    {
      "type": "Feature",
      "geometry": {
        "type": "Point",
        "coordinates": [
          -73.830939,
          40.726831
        ]
      },
      "properties": {
        "source_id": "dot_automated_traffic_counts_archive_20260915",
        "measure_id": "dot_monthly_sampled_traffic_volume",
        "segment_id": 107410,
        "borough": "Queens",
        "direction": "SB",
        "month": "2025-01",
        "mean_observed_15_min_volume": 56.880208,
        "max_observed_15_min_volume": 158,
        "observation_count": 192,
        "observed_days": 2,
        "count_sessions": 1,
        "street": "PARK DRIVE EAST",
        "from_street": "Jewel Avenue",
        "to_street": "Dead end"
      }
    },
    {
      "type": "Feature",
      "geometry": {
        "type": "Point",
        "coordinates": [
          -73.858582,
          40.670145
        ]
      },
      "properties": {
        "source_id": "dot_automated_traffic_counts_archive_20260915",
        "measure_id": "dot_monthly_sampled_traffic_volume",
        "segment_id": 157973,
        "borough": "Brooklyn",
        "direction": "WB",
        "month": "2025-01",
        "mean_observed_15_min_volume": 4.774306,
        "max_observed_15_min_volume": 16,
        "observation_count": 864,
        "observed_days": 9,
        "count_sessions": 1,
        "street": "CONNECTOR",
        "from_street": "Linden Boulevard",
        "to_street": "Linden Boulevard"
      }
    },
    {
      "type": "Feature",
      "geometry": {
        "type": "Point",
        "coordinates": [
          -73.867586,
          40.668689
        ]
      },
      "properties": {
        "source_id": "dot_automated_traffic_counts_archive_20260915",
        "measure_id": "dot_monthly_sampled_traffic_volume",
        "segment_id": 157990,
        "borough": "Brooklyn",
        "direction": "EB",
        "month": "2025-01",
        "mean_observed_15_min_volume": 2.564815,
        "max_observed_15_min_volume": 10,
        "observation_count": 864,
        "observed_days": 9,
        "count_sessions": 1,
        "street": "CONNECTOR",
        "from_street": "Linden Boulevard",
        "to_street": "Linden Boulevard"
      }
    },
    {
      "type": "Feature",
      "geometry": {
        "type": "Point",
        "coordinates": [
          -74.024248,
          40.639732
        ]
      },
      "properties": {
        "source_id": "dot_automated_traffic_counts_archive_20260915",
        "measure_id": "dot_monthly_sampled_traffic_volume",
        "segment_id": 161212,
        "borough": "Brooklyn",
        "direction": "WB",
        "month": "2025-01",
        "mean_observed_15_min_volume": 39.847222,
        "max_observed_15_min_volume": 92,
        "observation_count": 576,
        "observed_days": 6,
        "count_sessions": 1,
        "street": "65 STREET",
        "from_street": "Belt Parkway",
        "to_street": "3 Avenue"
      }
    },
    {
      "type": "Feature",
      "geometry": {
        "type": "Point",
        "coordinates": [
          -74.025818,
          40.638762
        ]
      },
      "properties": {
        "source_id": "dot_automated_traffic_counts_archive_20260915",
        "measure_id": "dot_monthly_sampled_traffic_volume",
        "segment_id": 17602,
        "borough": "Brooklyn",
        "direction": "EB",
        "month": "2025-01",
        "mean_observed_15_min_volume": 18.354167,
        "max_observed_15_min_volume": 68,
        "observation_count": 576,
        "observed_days": 6,
        "count_sessions": 1,
        "street": "WAKEMAN PLACE",
        "from_street": "Ridge Boulevard",
        "to_street": "3 Avenue"
      }
    },
    {
      "type": "Feature",
      "geometry": {
        "type": "Point",
        "coordinates": [
          -73.912463,
          40.871374
        ]
      },
      "properties": {
        "source_id": "dot_automated_traffic_counts_archive_20260915",
        "measure_id": "dot_monthly_sampled_traffic_volume",
        "segment_id": 270732,
        "borough": "Manhattan",
        "direction": "WB",
        "month": "2025-01",
        "mean_observed_15_min_volume": 5.654167,
        "max_observed_15_min_volume": 36,
        "observation_count": 480,
        "observed_days": 5,
        "count_sessions": 1,
        "street": "WEST 219 STREET",
        "from_street": "9 Avenue",
        "to_street": "Broadway"
      }
    },
    {
      "type": "Feature",
      "geometry": {
        "type": "Point",
        "coordinates": [
          -73.911968,
          40.87198
        ]
      },
      "properties": {
        "source_id": "dot_automated_traffic_counts_archive_20260915",
        "measure_id": "dot_monthly_sampled_traffic_volume",
        "segment_id": 270737,
        "borough": "Manhattan",
        "direction": "EB",
        "month": "2025-01",
        "mean_observed_15_min_volume": 21.08125,
        "max_observed_15_min_volume": 142,
        "observation_count": 480,
        "observed_days": 5,
        "count_sessions": 1,
        "street": "WEST 220 STREET",
        "from_street": "Broadway",
        "to_street": "9 Avenue"
      }
    },
    {
      "type": "Feature",
      "geometry": {
        "type": "Point",
        "coordinates": [
          -73.911923,
          40.870706
        ]
      },
      "properties": {
        "source_id": "dot_automated_traffic_counts_archive_20260915",
        "measure_id": "dot_monthly_sampled_traffic_volume",
        "segment_id": 73021,
        "borough": "Manhattan",
        "direction": "SB",
        "month": "2025-01",
        "mean_observed_15_min_volume": 13.854167,
        "max_observed_15_min_volume": 119,
        "observation_count": 672,
        "observed_days": 7,
        "count_sessions": 1,
        "street": "9 AVENUE",
        "from_street": "West 218 Street",
        "to_street": "West 219 Street"
      }
    },
    {
      "type": "Feature",
      "geometry": {
        "type": "Point",
        "coordinates": [
          -73.91145,
          40.871351
        ]
      },
      "properties": {
        "source_id": "dot_automated_traffic_counts_archive_20260915",
        "measure_id": "dot_monthly_sampled_traffic_volume",
        "segment_id": 73023,
        "borough": "Manhattan",
        "direction": "NB",
        "month": "2025-01",
        "mean_observed_15_min_volume": 7.39881,
        "max_observed_15_min_volume": 36,
        "observation_count": 672,
        "observed_days": 7,
        "count_sessions": 1,
        "street": "9 AVENUE",
        "from_street": "West 219 Street",
        "to_street": "West 220 Street"
      }
    },
    {
      "type": "Feature",
      "geometry": {
        "type": "Point",
        "coordinates": [
          -73.830939,
          40.726831
        ]
      },
      "properties": {
        "source_id": "dot_automated_traffic_counts_archive_20260915",
        "measure_id": "dot_monthly_sampled_traffic_volume",
        "segment_id": 107410,
        "borough": "Queens",
        "direction": "NB",
        "month": "2025-02",
        "mean_observed_15_min_volume": 46.295139,
        "max_observed_15_min_volume": 120,
        "observation_count": 1152,
        "observed_days": 12,
        "count_sessions": 1,
        "street": "PARK DRIVE EAST",
        "from_street": "Jewel Avenue",
        "to_street": "Dead end"
      }
    },
    {
      "type": "Feature",
      "geometry": {
        "type": "Point",
        "coordinates": [
          -73.830939,
          40.726831
        ]
      },
      "properties": {
        "source_id": "dot_automated_traffic_counts_archive_20260915",
        "measure_id": "dot_monthly_sampled_traffic_volume",
        "segment_id": 107410,
        "borough": "Queens",
        "direction": "SB",
        "month": "2025-02",
        "mean_observed_15_min_volume": 51.49566,
        "max_observed_15_min_volume": 172,
        "observation_count": 1152,
        "observed_days": 12,
        "count_sessions": 1,
        "street": "PARK DRIVE EAST",
        "from_street": "Jewel Avenue",
        "to_street": "Dead end"
      }
    },
    {
      "type": "Feature",
      "geometry": {
        "type": "Point",
        "coordinates": [
          -74.169588,
          40.566629
        ]
      },
      "properties": {
        "source_id": "dot_automated_traffic_counts_archive_20260915",
        "measure_id": "dot_monthly_sampled_traffic_volume",
        "segment_id": 149198,
        "borough": "Staten Island",
        "direction": "NB",
        "month": "2025-02",
        "mean_observed_15_min_volume": 283.174851,
        "max_observed_15_min_volume": 760,
        "observation_count": 1344,
        "observed_days": 14,
        "count_sessions": 1,
        "street": "FRESH KILLS BRIDGE",
        "from_street": "Richmond Avenue",
        "to_street": "Dead end"
      }
    },
    {
      "type": "Feature",
      "geometry": {
        "type": "Point",
        "coordinates": [
          -74.169754,
          40.56669
        ]
      },
      "properties": {
        "source_id": "dot_automated_traffic_counts_archive_20260915",
        "measure_id": "dot_monthly_sampled_traffic_volume",
        "segment_id": 155310,
        "borough": "Staten Island",
        "direction": "SB",
        "month": "2025-02",
        "mean_observed_15_min_volume": 247.799107,
        "max_observed_15_min_volume": 668,
        "observation_count": 1344,
        "observed_days": 14,
        "count_sessions": 1,
        "street": "FRESH KILLS BRIDGE",
        "from_street": "Richmond Avenue",
        "to_street": "Dead end"
      }
    },
    {
      "type": "Feature",
      "geometry": {
        "type": "Point",
        "coordinates": [
          -74.024248,
          40.639732
        ]
      },
      "properties": {
        "source_id": "dot_automated_traffic_counts_archive_20260915",
        "measure_id": "dot_monthly_sampled_traffic_volume",
        "segment_id": 161212,
        "borough": "Brooklyn",
        "direction": "WB",
        "month": "2025-02",
        "mean_observed_15_min_volume": 32.177083,
        "max_observed_15_min_volume": 62,
        "observation_count": 96,
        "observed_days": 1,
        "count_sessions": 1,
        "street": "65 STREET",
        "from_street": "Belt Parkway",
        "to_street": "3 Avenue"
      }
    },
    {
      "type": "Feature",
      "geometry": {
        "type": "Point",
        "coordinates": [
          -74.025818,
          40.638762
        ]
      },
      "properties": {
        "source_id": "dot_automated_traffic_counts_archive_20260915",
        "measure_id": "dot_monthly_sampled_traffic_volume",
        "segment_id": 17602,
        "borough": "Brooklyn",
        "direction": "EB",
        "month": "2025-02",
        "mean_observed_15_min_volume": 17.59375,
        "max_observed_15_min_volume": 35,
        "observation_count": 96,
        "observed_days": 1,
        "count_sessions": 1,
        "street": "WAKEMAN PLACE",
        "from_street": "Ridge Boulevard",
        "to_street": "3 Avenue"
      }
    },
    {
      "type": "Feature",
      "geometry": {
        "type": "Point",
        "coordinates": [
          -73.860102,
          40.674482
        ]
      },
      "properties": {
        "source_id": "dot_automated_traffic_counts_archive_20260915",
        "measure_id": "dot_monthly_sampled_traffic_volume",
        "segment_id": 196368,
        "borough": "Queens",
        "direction": "EB",
        "month": "2025-02",
        "mean_observed_15_min_volume": 76.391369,
        "max_observed_15_min_volume": 174,
        "observation_count": 1344,
        "observed_days": 14,
        "count_sessions": 1,
        "street": "SUTTER AVENUE",
        "from_street": "Dead End",
        "to_street": "North Conduit Avenue"
      }
    },
    {
      "type": "Feature",
      "geometry": {
        "type": "Point",
        "coordinates": [
          -73.982936,
          40.655934
        ]
      },
      "properties": {
        "source_id": "dot_automated_traffic_counts_archive_20260915",
        "measure_id": "dot_monthly_sampled_traffic_volume",
        "segment_id": 21408,
        "borough": "Brooklyn",
        "direction": "WB",
        "month": "2025-02",
        "mean_observed_15_min_volume": 68.133929,
        "max_observed_15_min_volume": 175,
        "observation_count": 672,
        "observed_days": 7,
        "count_sessions": 1,
        "street": "20 STREET",
        "from_street": "Prospect Park West",
        "to_street": "10 Avenue"
      }
    },
    {
      "type": "Feature",
      "geometry": {
        "type": "Point",
        "coordinates": [
          -73.97957,
          40.643472
        ]
      },
      "properties": {
        "source_id": "dot_automated_traffic_counts_archive_20260915",
        "measure_id": "dot_monthly_sampled_traffic_volume",
        "segment_id": 21490,
        "borough": "Brooklyn",
        "direction": "NB",
        "month": "2025-02",
        "mean_observed_15_min_volume": 36.517857,
        "max_observed_15_min_volume": 104,
        "observation_count": 672,
        "observed_days": 7,
        "count_sessions": 1,
        "street": "MC DONALD AVENUE",
        "from_street": "Albemarle Road",
        "to_street": "Church Avenue"
      }
    },
    {
      "type": "Feature",
      "geometry": {
        "type": "Point",
        "coordinates": [
          -73.97957,
          40.643472
        ]
      },
      "properties": {
        "source_id": "dot_automated_traffic_counts_archive_20260915",
        "measure_id": "dot_monthly_sampled_traffic_volume",
        "segment_id": 21490,
        "borough": "Brooklyn",
        "direction": "SB",
        "month": "2025-02",
        "mean_observed_15_min_volume": 36.940476,
        "max_observed_15_min_volume": 110,
        "observation_count": 672,
        "observed_days": 7,
        "count_sessions": 1,
        "street": "MC DONALD AVENUE",
        "from_street": "Albemarle Road",
        "to_street": "Church Avenue"
      }
    },
    {
      "type": "Feature",
      "geometry": {
        "type": "Point",
        "coordinates": [
          -73.980855,
          40.647234
        ]
      },
      "properties": {
        "source_id": "dot_automated_traffic_counts_archive_20260915",
        "measure_id": "dot_monthly_sampled_traffic_volume",
        "segment_id": 21495,
        "borough": "Brooklyn",
        "direction": "EB",
        "month": "2025-02",
        "mean_observed_15_min_volume": 129.126488,
        "max_observed_15_min_volume": 254,
        "observation_count": 672,
        "observed_days": 7,
        "count_sessions": 1,
        "street": "CATON AVENUE",
        "from_street": "Dahill Road",
        "to_street": "Mc Donald Avenue"
      }
    },
    {
      "type": "Feature",
      "geometry": {
        "type": "Point",
        "coordinates": [
          -73.86129,
          40.674307
        ]
      },
      "properties": {
        "source_id": "dot_automated_traffic_counts_archive_20260915",
        "measure_id": "dot_monthly_sampled_traffic_volume",
        "segment_id": 50963,
        "borough": "Brooklyn",
        "direction": "WB",
        "month": "2025-02",
        "mean_observed_15_min_volume": 50.485863,
        "max_observed_15_min_volume": 117,
        "observation_count": 1344,
        "observed_days": 14,
        "count_sessions": 1,
        "street": "SUTTER AVENUE",
        "from_street": "South Conduit Avenue",
        "to_street": "Dead end"
      }
    },
    {
      "type": "Feature",
      "geometry": {
        "type": "Point",
        "coordinates": [
          -73.842407,
          40.725888
        ]
      },
      "properties": {
        "source_id": "dot_automated_traffic_counts_archive_20260915",
        "measure_id": "dot_monthly_sampled_traffic_volume",
        "segment_id": 82603,
        "borough": "Queens",
        "direction": "EB",
        "month": "2025-02",
        "mean_observed_15_min_volume": 13.821023,
        "max_observed_15_min_volume": 70,
        "observation_count": 1056,
        "observed_days": 11,
        "count_sessions": 1,
        "street": "69 AVENUE",
        "from_street": "110 Street",
        "to_street": "112 Street"
      }
    },
    {
      "type": "Feature",
      "geometry": {
        "type": "Point",
        "coordinates": [
          -73.841883,
          40.725277
        ]
      },
      "properties": {
        "source_id": "dot_automated_traffic_counts_archive_20260915",
        "measure_id": "dot_monthly_sampled_traffic_volume",
        "segment_id": 82607,
        "borough": "Queens",
        "direction": "WB",
        "month": "2025-02",
        "mean_observed_15_min_volume": 122.502841,
        "max_observed_15_min_volume": 263,
        "observation_count": 1056,
        "observed_days": 11,
        "count_sessions": 1,
        "street": "69 ROAD",
        "from_street": "112 Street",
        "to_street": "110 Street"
      }
    },
    {
      "type": "Feature",
      "geometry": {
        "type": "Point",
        "coordinates": [
          -73.991605,
          40.689437
        ]
      },
      "properties": {
        "source_id": "dot_automated_traffic_counts_archive_20260915",
        "measure_id": "dot_monthly_sampled_traffic_volume",
        "segment_id": 115088,
        "borough": "Brooklyn",
        "direction": "WB",
        "month": "2025-03",
        "mean_observed_15_min_volume": 91.649306,
        "max_observed_15_min_volume": 176,
        "observation_count": 576,
        "observed_days": 6,
        "count_sessions": 1,
        "street": "ATLANTIC AVENUE",
        "from_street": "Court Street",
        "to_street": "Boerum Place"
      }
    },
    {
      "type": "Feature",
      "geometry": {
        "type": "Point",
        "coordinates": [
          -73.92904,
          40.727933
        ]
      },
      "properties": {
        "source_id": "dot_automated_traffic_counts_archive_20260915",
        "measure_id": "dot_monthly_sampled_traffic_volume",
        "segment_id": 144320,
        "borough": "Queens",
        "direction": "SB",
        "month": "2025-03",
        "mean_observed_15_min_volume": 957.722222,
        "max_observed_15_min_volume": 1583,
        "observation_count": 288,
        "observed_days": 3,
        "count_sessions": 1,
        "street": "KOSCIUSZKO BRIDGE",
        "from_street": "Dead End",
        "to_street": "Newtown Creek Shoreline"
      }
    },
    {
      "type": "Feature",
      "geometry": {
        "type": "Point",
        "coordinates": [
          -73.928935,
          40.727844
        ]
      },
      "properties": {
        "source_id": "dot_automated_traffic_counts_archive_20260915",
        "measure_id": "dot_monthly_sampled_traffic_volume",
        "segment_id": 153104,
        "borough": "Queens",
        "direction": "NB",
        "month": "2025-03",
        "mean_observed_15_min_volume": 1063.986111,
        "max_observed_15_min_volume": 1580,
        "observation_count": 288,
        "observed_days": 3,
        "count_sessions": 1,
        "street": "KOSCIUSZKO BRIDGE",
        "from_street": "Dead End",
        "to_street": "Newtown Creek Shoreline"
      }
    },
    {
      "type": "Feature",
      "geometry": {
        "type": "Point",
        "coordinates": [
          -73.996426,
          40.725261
        ]
      },
      "properties": {
        "source_id": "dot_automated_traffic_counts_archive_20260915",
        "measure_id": "dot_monthly_sampled_traffic_volume",
        "segment_id": 159016,
        "borough": "Manhattan",
        "direction": "EB",
        "month": "2025-03",
        "mean_observed_15_min_volume": 150.986979,
        "max_observed_15_min_volume": 269,
        "observation_count": 384,
        "observed_days": 4,
        "count_sessions": 1,
        "street": "EAST HOUSTON STREET",
        "from_street": "Broadway",
        "to_street": "Crosby Street"
      }
    },
    {
      "type": "Feature",
      "geometry": {
        "type": "Point",
        "coordinates": [
          -74.01814,
          40.642526
        ]
      },
      "properties": {
        "source_id": "dot_automated_traffic_counts_archive_20260915",
        "measure_id": "dot_monthly_sampled_traffic_volume",
        "segment_id": 161338,
        "borough": "Brooklyn",
        "direction": "EB",
        "month": "2025-03",
        "mean_observed_15_min_volume": 17.154167,
        "max_observed_15_min_volume": 46,
        "observation_count": 480,
        "observed_days": 5,
        "count_sessions": 1,
        "street": "58 STREET",
        "from_street": "3 Avenue",
        "to_street": "4 Avenue"
      }
    },
    {
      "type": "Feature",
      "geometry": {
        "type": "Point",
        "coordinates": [
          -73.972683,
          40.79503
        ]
      },
      "properties": {
        "source_id": "dot_automated_traffic_counts_archive_20260915",
        "measure_id": "dot_monthly_sampled_traffic_volume",
        "segment_id": 165958,
        "borough": "Manhattan",
        "direction": "EB",
        "month": "2025-03",
        "mean_observed_15_min_volume": 71.488095,
        "max_observed_15_min_volume": 140,
        "observation_count": 672,
        "observed_days": 7,
        "count_sessions": 1,
        "street": "WEST 96 STREET",
        "from_street": "Broadway",
        "to_street": "West End Avenue"
      }
    },
    {
      "type": "Feature",
      "geometry": {
        "type": "Point",
        "coordinates": [
          -73.972683,
          40.79503
        ]
      },
      "properties": {
        "source_id": "dot_automated_traffic_counts_archive_20260915",
        "measure_id": "dot_monthly_sampled_traffic_volume",
        "segment_id": 165958,
        "borough": "Manhattan",
        "direction": "WB",
        "month": "2025-03",
        "mean_observed_15_min_volume": 97.654762,
        "max_observed_15_min_volume": 173,
        "observation_count": 672,
        "observed_days": 7,
        "count_sessions": 1,
        "street": "WEST 96 STREET",
        "from_street": "Broadway",
        "to_street": "West End Avenue"
      }
    },
    {
      "type": "Feature",
      "geometry": {
        "type": "Point",
        "coordinates": [
          -73.982936,
          40.655934
        ]
      },
      "properties": {
        "source_id": "dot_automated_traffic_counts_archive_20260915",
        "measure_id": "dot_monthly_sampled_traffic_volume",
        "segment_id": 21408,
        "borough": "Brooklyn",
        "direction": "WB",
        "month": "2025-03",
        "mean_observed_15_min_volume": 64.434028,
        "max_observed_15_min_volume": 162,
        "observation_count": 288,
        "observed_days": 3,
        "count_sessions": 1,
        "street": "20 STREET",
        "from_street": "Prospect Park West",
        "to_street": "10 Avenue"
      }
    },
    {
      "type": "Feature",
      "geometry": {
        "type": "Point",
        "coordinates": [
          -73.97957,
          40.643472
        ]
      },
      "properties": {
        "source_id": "dot_automated_traffic_counts_archive_20260915",
        "measure_id": "dot_monthly_sampled_traffic_volume",
        "segment_id": 21490,
        "borough": "Brooklyn",
        "direction": "NB",
        "month": "2025-03",
        "mean_observed_15_min_volume": 32.194444,
        "max_observed_15_min_volume": 93,
        "observation_count": 288,
        "observed_days": 3,
        "count_sessions": 1,
        "street": "MC DONALD AVENUE",
        "from_street": "Albemarle Road",
        "to_street": "Church Avenue"
      }
    },
    {
      "type": "Feature",
      "geometry": {
        "type": "Point",
        "coordinates": [
          -73.97957,
          40.643472
        ]
      },
      "properties": {
        "source_id": "dot_automated_traffic_counts_archive_20260915",
        "measure_id": "dot_monthly_sampled_traffic_volume",
        "segment_id": 21490,
        "borough": "Brooklyn",
        "direction": "SB",
        "month": "2025-03",
        "mean_observed_15_min_volume": 30.732639,
        "max_observed_15_min_volume": 105,
        "observation_count": 288,
        "observed_days": 3,
        "count_sessions": 1,
        "street": "MC DONALD AVENUE",
        "from_street": "Albemarle Road",
        "to_street": "Church Avenue"
      }
    },
    {
      "type": "Feature",
      "geometry": {
        "type": "Point",
        "coordinates": [
          -73.980855,
          40.647234
        ]
      },
      "properties": {
        "source_id": "dot_automated_traffic_counts_archive_20260915",
        "measure_id": "dot_monthly_sampled_traffic_volume",
        "segment_id": 21495,
        "borough": "Brooklyn",
        "direction": "EB",
        "month": "2025-03",
        "mean_observed_15_min_volume": 119.840278,
        "max_observed_15_min_volume": 245,
        "observation_count": 288,
        "observed_days": 3,
        "count_sessions": 1,
        "street": "CATON AVENUE",
        "from_street": "Dahill Road",
        "to_street": "Mc Donald Avenue"
      }
    },
    {
      "type": "Feature",
      "geometry": {
        "type": "Point",
        "coordinates": [
          -73.954787,
          40.733398
        ]
      },
      "properties": {
        "source_id": "dot_automated_traffic_counts_archive_20260915",
        "measure_id": "dot_monthly_sampled_traffic_volume",
        "segment_id": 35158,
        "borough": "Brooklyn",
        "direction": "NB",
        "month": "2025-03",
        "mean_observed_15_min_volume": 34.28125,
        "max_observed_15_min_volume": 59,
        "observation_count": 96,
        "observed_days": 1,
        "count_sessions": 1,
        "street": "MANHATTAN AVENUE",
        "from_street": "Crosstown Line",
        "to_street": "Crosstown Line"
      }
    },
    {
      "type": "Feature",
      "geometry": {
        "type": "Point",
        "coordinates": [
          -73.94928,
          40.73104
        ]
      },
      "properties": {
        "source_id": "dot_automated_traffic_counts_archive_20260915",
        "measure_id": "dot_monthly_sampled_traffic_volume",
        "segment_id": 35516,
        "borough": "Brooklyn",
        "direction": "SB",
        "month": "2025-03",
        "mean_observed_15_min_volume": 47.0625,
        "max_observed_15_min_volume": 95,
        "observation_count": 96,
        "observed_days": 1,
        "count_sessions": 1,
        "street": "PROVOST STREET",
        "from_street": "Greenpoint Avenue",
        "to_street": "Kent Street"
      }
    },
    {
      "type": "Feature",
      "geometry": {
        "type": "Point",
        "coordinates": [
          -73.948969,
          40.730703
        ]
      },
      "properties": {
        "source_id": "dot_automated_traffic_counts_archive_20260915",
        "measure_id": "dot_monthly_sampled_traffic_volume",
        "segment_id": 35517,
        "borough": "Brooklyn",
        "direction": "EB",
        "month": "2025-03",
        "mean_observed_15_min_volume": 89.583333,
        "max_observed_15_min_volume": 182,
        "observation_count": 96,
        "observed_days": 1,
        "count_sessions": 1,
        "street": "GREENPOINT AVENUE",
        "from_street": "Provost Street",
        "to_street": "Jewel Street"
      }
    },
    {
      "type": "Feature",
      "geometry": {
        "type": "Point",
        "coordinates": [
          -73.96728,
          40.793198
        ]
      },
      "properties": {
        "source_id": "dot_automated_traffic_counts_archive_20260915",
        "measure_id": "dot_monthly_sampled_traffic_volume",
        "segment_id": 37427,
        "borough": "Manhattan",
        "direction": "SB",
        "month": "2025-03",
        "mean_observed_15_min_volume": 140.953869,
        "max_observed_15_min_volume": 283,
        "observation_count": 672,
        "observed_days": 7,
        "count_sessions": 1,
        "street": "COLUMBUS AVENUE",
        "from_street": "West 97 Street",
        "to_street": "West 96 Street"
      }
    },
    {
      "type": "Feature",
      "geometry": {
        "type": "Point",
        "coordinates": [
          -73.953886,
          40.787607
        ]
      },
      "properties": {
        "source_id": "dot_automated_traffic_counts_archive_20260915",
        "measure_id": "dot_monthly_sampled_traffic_volume",
        "segment_id": 37714,
        "borough": "Manhattan",
        "direction": "NB",
        "month": "2025-03",
        "mean_observed_15_min_volume": 187.566964,
        "max_observed_15_min_volume": 358,
        "observation_count": 672,
        "observed_days": 7,
        "count_sessions": 1,
        "street": "MADISON AVENUE",
        "from_street": "East 96 Street",
        "to_street": "East 97 Street"
      }
    },
    {
      "type": "Feature",
      "geometry": {
        "type": "Point",
        "coordinates": [
          -73.918805,
          40.742635
        ]
      },
      "properties": {
        "source_id": "dot_automated_traffic_counts_archive_20260915",
        "measure_id": "dot_monthly_sampled_traffic_volume",
        "segment_id": 66748,
        "borough": "Queens",
        "direction": "SB",
        "month": "2025-03",
        "mean_observed_15_min_volume": 12.010417,
        "max_observed_15_min_volume": 27,
        "observation_count": 576,
        "observed_days": 6,
        "count_sessions": 1,
        "street": "46 STREET",
        "from_street": "Queens Boulevard",
        "to_street": "Greenpoint Avenue"
      }
    },
    {
      "type": "Feature",
      "geometry": {
        "type": "Point",
        "coordinates": [
          -73.912389,
          40.748771
        ]
      },
      "properties": {
        "source_id": "dot_automated_traffic_counts_archive_20260915",
        "measure_id": "dot_monthly_sampled_traffic_volume",
        "segment_id": 68073,
        "borough": "Queens",
        "direction": "WB",
        "month": "2025-03",
        "mean_observed_15_min_volume": 7.691964,
        "max_observed_15_min_volume": 22,
        "observation_count": 672,
        "observed_days": 7,
        "count_sessions": 1,
        "street": "39 AVENUE",
        "from_street": "51 Street",
        "to_street": "52 Street"
      }
    },
    {
      "type": "Feature",
      "geometry": {
        "type": "Point",
        "coordinates": [
          -73.929261,
          40.808093
        ]
      },
      "properties": {
        "source_id": "dot_automated_traffic_counts_archive_20260915",
        "measure_id": "dot_monthly_sampled_traffic_volume",
        "segment_id": 69574,
        "borough": "Bronx",
        "direction": "NB",
        "month": "2025-03",
        "mean_observed_15_min_volume": 23.923611,
        "max_observed_15_min_volume": 59,
        "observation_count": 288,
        "observed_days": 3,
        "count_sessions": 1,
        "street": "LINCOLN AVENUE",
        "from_street": "3 Avenue Bridge",
        "to_street": "East 134 Street"
      }
    },
    {
      "type": "Feature",
      "geometry": {
        "type": "Point",
        "coordinates": [
          -73.929261,
          40.808093
        ]
      },
      "properties": {
        "source_id": "dot_automated_traffic_counts_archive_20260915",
        "measure_id": "dot_monthly_sampled_traffic_volume",
        "segment_id": 69574,
        "borough": "Bronx",
        "direction": "SB",
        "month": "2025-03",
        "mean_observed_15_min_volume": 32.065972,
        "max_observed_15_min_volume": 76,
        "observation_count": 288,
        "observed_days": 3,
        "count_sessions": 1,
        "street": "LINCOLN AVENUE",
        "from_street": "3 Avenue Bridge",
        "to_street": "East 134 Street"
      }
    },
    {
      "type": "Feature",
      "geometry": {
        "type": "Point",
        "coordinates": [
          -73.869909,
          40.74911
        ]
      },
      "properties": {
        "source_id": "dot_automated_traffic_counts_archive_20260915",
        "measure_id": "dot_monthly_sampled_traffic_volume",
        "segment_id": 83071,
        "borough": "Queens",
        "direction": "EB",
        "month": "2025-03",
        "mean_observed_15_min_volume": 65.334821,
        "max_observed_15_min_volume": 130,
        "observation_count": 672,
        "observed_days": 7,
        "count_sessions": 1,
        "street": "ROOSEVELT AVENUE",
        "from_street": "Flushing Line",
        "to_street": "Flushing Line"
      }
    },
    {
      "type": "Feature",
      "geometry": {
        "type": "Point",
        "coordinates": [
          -73.869909,
          40.74911
        ]
      },
      "properties": {
        "source_id": "dot_automated_traffic_counts_archive_20260915",
        "measure_id": "dot_monthly_sampled_traffic_volume",
        "segment_id": 83071,
        "borough": "Queens",
        "direction": "WB",
        "month": "2025-03",
        "mean_observed_15_min_volume": 58.543155,
        "max_observed_15_min_volume": 128,
        "observation_count": 672,
        "observed_days": 7,
        "count_sessions": 1,
        "street": "ROOSEVELT AVENUE",
        "from_street": "Flushing Line",
        "to_street": "Flushing Line"
      }
    },
    {
      "type": "Feature",
      "geometry": {
        "type": "Point",
        "coordinates": [
          -73.866146,
          40.857273
        ]
      },
      "properties": {
        "source_id": "dot_automated_traffic_counts_archive_20260915",
        "measure_id": "dot_monthly_sampled_traffic_volume",
        "segment_id": 9008825,
        "borough": "Bronx",
        "direction": "WB",
        "month": "2025-03",
        "mean_observed_15_min_volume": 191.428571,
        "max_observed_15_min_volume": 362,
        "observation_count": 672,
        "observed_days": 7,
        "count_sessions": 1,
        "street": "PELHAM PARKWAY",
        "from_street": "Dead end",
        "to_street": "White Plains Road"
      }
    },
    {
      "type": "Feature",
      "geometry": {
        "type": "Point",
        "coordinates": [
          -73.884173,
          40.822634
        ]
      },
      "properties": {
        "source_id": "dot_automated_traffic_counts_archive_20260915",
        "measure_id": "dot_monthly_sampled_traffic_volume",
        "segment_id": 9014571,
        "borough": "Bronx",
        "direction": "EB",
        "month": "2025-03",
        "mean_observed_15_min_volume": 86.614583,
        "max_observed_15_min_volume": 276,
        "observation_count": 288,
        "observed_days": 3,
        "count_sessions": 1,
        "street": "BRUCKNER BOULEVARD",
        "from_street": "Dead End",
        "to_street": "Bronx River Shoreline"
      }
    },
    {
      "type": "Feature",
      "geometry": {
        "type": "Point",
        "coordinates": [
          -73.794897,
          40.735783
        ]
      },
      "properties": {
        "source_id": "dot_automated_traffic_counts_archive_20260915",
        "measure_id": "dot_monthly_sampled_traffic_volume",
        "segment_id": 95992,
        "borough": "Queens",
        "direction": "NB",
        "month": "2025-03",
        "mean_observed_15_min_volume": 4.0625,
        "max_observed_15_min_volume": 43,
        "observation_count": 384,
        "observed_days": 4,
        "count_sessions": 1,
        "street": "FRESH MEADOW LANE",
        "from_street": "65 Avenue",
        "to_street": "Dead end"
      }
    },
    {
      "type": "Feature",
      "geometry": {
        "type": "Point",
        "coordinates": [
          -73.794897,
          40.735783
        ]
      },
      "properties": {
        "source_id": "dot_automated_traffic_counts_archive_20260915",
        "measure_id": "dot_monthly_sampled_traffic_volume",
        "segment_id": 95992,
        "borough": "Queens",
        "direction": "SB",
        "month": "2025-03",
        "mean_observed_15_min_volume": 14.908854,
        "max_observed_15_min_volume": 54,
        "observation_count": 384,
        "observed_days": 4,
        "count_sessions": 1,
        "street": "FRESH MEADOW LANE",
        "from_street": "65 Avenue",
        "to_street": "Dead end"
      }
    },
    {
      "type": "Feature",
      "geometry": {
        "type": "Point",
        "coordinates": [
          -73.843052,
          40.858841
        ]
      },
      "properties": {
        "source_id": "dot_automated_traffic_counts_archive_20260915",
        "measure_id": "dot_monthly_sampled_traffic_volume",
        "segment_id": 121191,
        "borough": "Bronx",
        "direction": "NB",
        "month": "2025-04",
        "mean_observed_15_min_volume": 71.113095,
        "max_observed_15_min_volume": 170,
        "observation_count": 672,
        "observed_days": 7,
        "count_sessions": 1,
        "street": "EASTCHESTER ROAD",
        "from_street": "Pelham Parkway North",
        "to_street": "Dead end"
      }
    },
    {
      "type": "Feature",
      "geometry": {
        "type": "Point",
        "coordinates": [
          -73.843052,
          40.858841
        ]
      },
      "properties": {
        "source_id": "dot_automated_traffic_counts_archive_20260915",
        "measure_id": "dot_monthly_sampled_traffic_volume",
        "segment_id": 121191,
        "borough": "Bronx",
        "direction": "SB",
        "month": "2025-04",
        "mean_observed_15_min_volume": 53.16369,
        "max_observed_15_min_volume": 107,
        "observation_count": 672,
        "observed_days": 7,
        "count_sessions": 1,
        "street": "EASTCHESTER ROAD",
        "from_street": "Pelham Parkway North",
        "to_street": "Dead end"
      }
    },
    {
      "type": "Feature",
      "geometry": {
        "type": "Point",
        "coordinates": [
          -73.946639,
          40.722823
        ]
      },
      "properties": {
        "source_id": "dot_automated_traffic_counts_archive_20260915",
        "measure_id": "dot_monthly_sampled_traffic_volume",
        "segment_id": 165324,
        "borough": "Brooklyn",
        "direction": "WB",
        "month": "2025-04",
        "mean_observed_15_min_volume": 47.1875,
        "max_observed_15_min_volume": 104,
        "observation_count": 672,
        "observed_days": 7,
        "count_sessions": 1,
        "street": "DRIGGS AVENUE",
        "from_street": "Newel Street",
        "to_street": "Mc Guinness Blvd South"
      }
    },
    {
      "type": "Feature",
      "geometry": {
        "type": "Point",
        "coordinates": [
          -73.773748,
          40.659708
        ]
      },
      "properties": {
        "source_id": "dot_automated_traffic_counts_archive_20260915",
        "measure_id": "dot_monthly_sampled_traffic_volume",
        "segment_id": 170971,
        "borough": "Queens",
        "direction": "NB",
        "month": "2025-04",
        "mean_observed_15_min_volume": 50.785417,
        "max_observed_15_min_volume": 222,
        "observation_count": 480,
        "observed_days": 5,
        "count_sessions": 1,
        "street": "FARMERS BOULEVARD",
        "from_street": "Dead End",
        "to_street": "Nassau Expressway"
      }
    },
    {
      "type": "Feature",
      "geometry": {
        "type": "Point",
        "coordinates": [
          -73.773748,
          40.659708
        ]
      },
      "properties": {
        "source_id": "dot_automated_traffic_counts_archive_20260915",
        "measure_id": "dot_monthly_sampled_traffic_volume",
        "segment_id": 170971,
        "borough": "Queens",
        "direction": "SB",
        "month": "2025-04",
        "mean_observed_15_min_volume": 39.08125,
        "max_observed_15_min_volume": 114,
        "observation_count": 480,
        "observed_days": 5,
        "count_sessions": 1,
        "street": "FARMERS BOULEVARD",
        "from_street": "Dead End",
        "to_street": "Nassau Expressway"
      }
    },
    {
      "type": "Feature",
      "geometry": {
        "type": "Point",
        "coordinates": [
          -73.944296,
          40.724393
        ]
      },
      "properties": {
        "source_id": "dot_automated_traffic_counts_archive_20260915",
        "measure_id": "dot_monthly_sampled_traffic_volume",
        "segment_id": 35645,
        "borough": "Brooklyn",
        "direction": "NB",
        "month": "2025-04",
        "mean_observed_15_min_volume": 26.575893,
        "max_observed_15_min_volume": 68,
        "observation_count": 672,
        "observed_days": 7,
        "count_sessions": 1,
        "street": "RUSSELL STREET",
        "from_street": "Driggs Avenue",
        "to_street": "Nassau Avenue"
      }
    },
    {
      "type": "Feature",
      "geometry": {
        "type": "Point",
        "coordinates": [
          -73.94211,
          40.722591
        ]
      },
      "properties": {
        "source_id": "dot_automated_traffic_counts_archive_20260915",
        "measure_id": "dot_monthly_sampled_traffic_volume",
        "segment_id": 65872,
        "borough": "Brooklyn",
        "direction": "SB",
        "month": "2025-04",
        "mean_observed_15_min_volume": 19.494048,
        "max_observed_15_min_volume": 57,
        "observation_count": 672,
        "observed_days": 7,
        "count_sessions": 1,
        "street": "MONITOR STREET",
        "from_street": "Engert Avenue",
        "to_street": "Driggs Avenue"
      }
    },
    {
      "type": "Feature",
      "geometry": {
        "type": "Point",
        "coordinates": [
          -73.925125,
          40.771959
        ]
      },
      "properties": {
        "source_id": "dot_automated_traffic_counts_archive_20260915",
        "measure_id": "dot_monthly_sampled_traffic_volume",
        "segment_id": 68627,
        "borough": "Queens",
        "direction": "EB",
        "month": "2025-04",
        "mean_observed_15_min_volume": 56.55787,
        "max_observed_15_min_volume": 104,
        "observation_count": 864,
        "observed_days": 9,
        "count_sessions": 1,
        "street": "ASTORIA BOULEVARD",
        "from_street": "22 Street",
        "to_street": "23 Street"
      }
    },
    {
      "type": "Feature",
      "geometry": {
        "type": "Point",
        "coordinates": [
          -73.925125,
          40.771959
        ]
      },
      "properties": {
        "source_id": "dot_automated_traffic_counts_archive_20260915",
        "measure_id": "dot_monthly_sampled_traffic_volume",
        "segment_id": 68627,
        "borough": "Queens",
        "direction": "WB",
        "month": "2025-04",
        "mean_observed_15_min_volume": 61.643519,
        "max_observed_15_min_volume": 117,
        "observation_count": 864,
        "observed_days": 9,
        "count_sessions": 1,
        "street": "ASTORIA BOULEVARD",
        "from_street": "22 Street",
        "to_street": "23 Street"
      }
    },
    {
      "type": "Feature",
      "geometry": {
        "type": "Point",
        "coordinates": [
          -73.929261,
          40.808093
        ]
      },
      "properties": {
        "source_id": "dot_automated_traffic_counts_archive_20260915",
        "measure_id": "dot_monthly_sampled_traffic_volume",
        "segment_id": 69574,
        "borough": "Bronx",
        "direction": "NB",
        "month": "2025-04",
        "mean_observed_15_min_volume": 28.179688,
        "max_observed_15_min_volume": 66,
        "observation_count": 384,
        "observed_days": 4,
        "count_sessions": 1,
        "street": "LINCOLN AVENUE",
        "from_street": "3 Avenue Bridge",
        "to_street": "East 134 Street"
      }
    },
    {
      "type": "Feature",
      "geometry": {
        "type": "Point",
        "coordinates": [
          -73.929261,
          40.808093
        ]
      },
      "properties": {
        "source_id": "dot_automated_traffic_counts_archive_20260915",
        "measure_id": "dot_monthly_sampled_traffic_volume",
        "segment_id": 69574,
        "borough": "Bronx",
        "direction": "SB",
        "month": "2025-04",
        "mean_observed_15_min_volume": 34.390625,
        "max_observed_15_min_volume": 86,
        "observation_count": 384,
        "observed_days": 4,
        "count_sessions": 1,
        "street": "LINCOLN AVENUE",
        "from_street": "3 Avenue Bridge",
        "to_street": "East 134 Street"
      }
    },
    {
      "type": "Feature",
      "geometry": {
        "type": "Point",
        "coordinates": [
          -73.928764,
          40.808256
        ]
      },
      "properties": {
        "source_id": "dot_automated_traffic_counts_archive_20260915",
        "measure_id": "dot_monthly_sampled_traffic_volume",
        "segment_id": 69577,
        "borough": "Bronx",
        "direction": "EB",
        "month": "2025-04",
        "mean_observed_15_min_volume": 8.607008,
        "max_observed_15_min_volume": 21,
        "observation_count": 1056,
        "observed_days": 11,
        "count_sessions": 1,
        "street": "EAST 134 STREET",
        "from_street": "Lincoln Avenue",
        "to_street": "Alexander Avenue"
      }
    },
    {
      "type": "Feature",
      "geometry": {
        "type": "Point",
        "coordinates": [
          -73.843243,
          40.846396
        ]
      },
      "properties": {
        "source_id": "dot_automated_traffic_counts_archive_20260915",
        "measure_id": "dot_monthly_sampled_traffic_volume",
        "segment_id": 87111,
        "borough": "Bronx",
        "direction": "EB",
        "month": "2025-04",
        "mean_observed_15_min_volume": 84.625,
        "max_observed_15_min_volume": 177,
        "observation_count": 288,
        "observed_days": 3,
        "count_sessions": 1,
        "street": "WATERS PLACE",
        "from_street": "Marconi Street",
        "to_street": "Eastchester Road"
      }
    },
    {
      "type": "Feature",
      "geometry": {
        "type": "Point",
        "coordinates": [
          -73.843243,
          40.846396
        ]
      },
      "properties": {
        "source_id": "dot_automated_traffic_counts_archive_20260915",
        "measure_id": "dot_monthly_sampled_traffic_volume",
        "segment_id": 87111,
        "borough": "Bronx",
        "direction": "WB",
        "month": "2025-04",
        "mean_observed_15_min_volume": 99.291667,
        "max_observed_15_min_volume": 199,
        "observation_count": 288,
        "observed_days": 3,
        "count_sessions": 1,
        "street": "WATERS PLACE",
        "from_street": "Marconi Street",
        "to_street": "Eastchester Road"
      }
    },
    {
      "type": "Feature",
      "geometry": {
        "type": "Point",
        "coordinates": [
          -73.92812,
          40.808856
        ]
      },
      "properties": {
        "source_id": "dot_automated_traffic_counts_archive_20260915",
        "measure_id": "dot_monthly_sampled_traffic_volume",
        "segment_id": 9004563,
        "borough": "Bronx",
        "direction": "WB",
        "month": "2025-04",
        "mean_observed_15_min_volume": 202.419271,
        "max_observed_15_min_volume": 325,
        "observation_count": 384,
        "observed_days": 4,
        "count_sessions": 1,
        "street": "EAST 135 STREET",
        "from_street": "Dead end",
        "to_street": "Lincoln Avenue"
      }
    },
    {
      "type": "Feature",
      "geometry": {
        "type": "Point",
        "coordinates": [
          -73.998875,
          40.694345
        ]
      },
      "properties": {
        "source_id": "dot_automated_traffic_counts_archive_20260915",
        "measure_id": "dot_monthly_sampled_traffic_volume",
        "segment_id": 142655,
        "borough": "Brooklyn",
        "direction": "NB",
        "month": "2025-05",
        "mean_observed_15_min_volume": 659.850694,
        "max_observed_15_min_volume": 928,
        "observation_count": 864,
        "observed_days": 9,
        "count_sessions": 1,
        "street": "BROOKLYN QUEENS EXPRESSWAY",
        "from_street": "Joralemon Street",
        "to_street": "Dead end"
      }
    },
    {
      "type": "Feature",
      "geometry": {
        "type": "Point",
        "coordinates": [
          -73.998974,
          40.694391
        ]
      },
      "properties": {
        "source_id": "dot_automated_traffic_counts_archive_20260915",
        "measure_id": "dot_monthly_sampled_traffic_volume",
        "segment_id": 142657,
        "borough": "Brooklyn",
        "direction": "SB",
        "month": "2025-05",
        "mean_observed_15_min_volume": 684.494213,
        "max_observed_15_min_volume": 928,
        "observation_count": 864,
        "observed_days": 9,
        "count_sessions": 1,
        "street": "BROOKLYN QUEENS EXPRESSWAY",
        "from_street": "Dead end",
        "to_street": "Joralemon Street"
      }
    },
    {
      "type": "Feature",
      "geometry": {
        "type": "Point",
        "coordinates": [
          -73.988727,
          40.695527
        ]
      },
      "properties": {
        "source_id": "dot_automated_traffic_counts_archive_20260915",
        "measure_id": "dot_monthly_sampled_traffic_volume",
        "segment_id": 148076,
        "borough": "Brooklyn",
        "direction": "NB",
        "month": "2025-05",
        "mean_observed_15_min_volume": 103.059028,
        "max_observed_15_min_volume": 243,
        "observation_count": 288,
        "observed_days": 3,
        "count_sessions": 1,
        "street": "ADAMS STREET",
        "from_street": "Tillary Street",
        "to_street": "Johnson Street"
      }
    },
    {
      "type": "Feature",
      "geometry": {
        "type": "Point",
        "coordinates": [
          -73.988727,
          40.695527
        ]
      },
      "properties": {
        "source_id": "dot_automated_traffic_counts_archive_20260915",
        "measure_id": "dot_monthly_sampled_traffic_volume",
        "segment_id": 148076,
        "borough": "Brooklyn",
        "direction": "SB",
        "month": "2025-05",
        "mean_observed_15_min_volume": 196.555556,
        "max_observed_15_min_volume": 326,
        "observation_count": 288,
        "observed_days": 3,
        "count_sessions": 1,
        "street": "ADAMS STREET",
        "from_street": "Tillary Street",
        "to_street": "Johnson Street"
      }
    },
    {
      "type": "Feature",
      "geometry": {
        "type": "Point",
        "coordinates": [
          -73.773748,
          40.659708
        ]
      },
      "properties": {
        "source_id": "dot_automated_traffic_counts_archive_20260915",
        "measure_id": "dot_monthly_sampled_traffic_volume",
        "segment_id": 170971,
        "borough": "Queens",
        "direction": "NB",
        "month": "2025-05",
        "mean_observed_15_min_volume": 63.75,
        "max_observed_15_min_volume": 214,
        "observation_count": 192,
        "observed_days": 2,
        "count_sessions": 1,
        "street": "FARMERS BOULEVARD",
        "from_street": "Dead End",
        "to_street": "Nassau Expressway"
      }
    },
    {
      "type": "Feature",
      "geometry": {
        "type": "Point",
        "coordinates": [
          -73.773748,
          40.659708
        ]
      },
      "properties": {
        "source_id": "dot_automated_traffic_counts_archive_20260915",
        "measure_id": "dot_monthly_sampled_traffic_volume",
        "segment_id": 170971,
        "borough": "Queens",
        "direction": "SB",
        "month": "2025-05",
        "mean_observed_15_min_volume": 47.083333,
        "max_observed_15_min_volume": 116,
        "observation_count": 192,
        "observed_days": 2,
        "count_sessions": 1,
        "street": "FARMERS BOULEVARD",
        "from_street": "Dead End",
        "to_street": "Nassau Expressway"
      }
    },
    {
      "type": "Feature",
      "geometry": {
        "type": "Point",
        "coordinates": [
          -73.995561,
          40.66682
        ]
      },
      "properties": {
        "source_id": "dot_automated_traffic_counts_archive_20260915",
        "measure_id": "dot_monthly_sampled_traffic_volume",
        "segment_id": 195025,
        "borough": "Brooklyn",
        "direction": "EB",
        "month": "2025-05",
        "mean_observed_15_min_volume": 314.194444,
        "max_observed_15_min_volume": 642,
        "observation_count": 864,
        "observed_days": 9,
        "count_sessions": 1,
        "street": "GOWANUS EXPRESSWAY EXIT 24 WB",
        "from_street": "Gowanus Expwy Wb En Prospect Ave",
        "to_street": "3 Avenue"
      }
    },
    {
      "type": "Feature",
      "geometry": {
        "type": "Point",
        "coordinates": [
          -73.995561,
          40.66682
        ]
      },
      "properties": {
        "source_id": "dot_automated_traffic_counts_archive_20260915",
        "measure_id": "dot_monthly_sampled_traffic_volume",
        "segment_id": 195025,
        "borough": "Brooklyn",
        "direction": "WB",
        "month": "2025-05",
        "mean_observed_15_min_volume": 8.873843,
        "max_observed_15_min_volume": 159,
        "observation_count": 864,
        "observed_days": 9,
        "count_sessions": 1,
        "street": "GOWANUS EXPRESSWAY EXIT 24 WB",
        "from_street": "Gowanus Expwy Wb En Prospect Ave",
        "to_street": "3 Avenue"
      }
    },
    {
      "type": "Feature",
      "geometry": {
        "type": "Point",
        "coordinates": [
          -73.769643,
          40.595534
        ]
      },
      "properties": {
        "source_id": "dot_automated_traffic_counts_archive_20260915",
        "measure_id": "dot_monthly_sampled_traffic_volume",
        "segment_id": 57986,
        "borough": "Queens",
        "direction": "EB",
        "month": "2025-05",
        "mean_observed_15_min_volume": 16.510417,
        "max_observed_15_min_volume": 41,
        "observation_count": 96,
        "observed_days": 1,
        "count_sessions": 1,
        "street": "BEACH 37 STREET",
        "from_street": "Rockaway Beach Boulevard",
        "to_street": "Beach Channel Drive"
      }
    },
    {
      "type": "Feature",
      "geometry": {
        "type": "Point",
        "coordinates": [
          -73.907227,
          40.804047
        ]
      },
      "properties": {
        "source_id": "dot_automated_traffic_counts_archive_20260915",
        "measure_id": "dot_monthly_sampled_traffic_volume",
        "segment_id": 70493,
        "borough": "Bronx",
        "direction": "EB",
        "month": "2025-05",
        "mean_observed_15_min_volume": 28.321429,
        "max_observed_15_min_volume": 61,
        "observation_count": 672,
        "observed_days": 7,
        "count_sessions": 1,
        "street": "EAST 140 STREET",
        "from_street": "Amtrak-hellgate Line",
        "to_street": "Walnut Avenue"
      }
    },
    {
      "type": "Feature",
      "geometry": {
        "type": "Point",
        "coordinates": [
          -73.907743,
          40.805254
        ]
      },
      "properties": {
        "source_id": "dot_automated_traffic_counts_archive_20260915",
        "measure_id": "dot_monthly_sampled_traffic_volume",
        "segment_id": 70496,
        "borough": "Bronx",
        "direction": "WB",
        "month": "2025-05",
        "mean_observed_15_min_volume": 21.691964,
        "max_observed_15_min_volume": 70,
        "observation_count": 672,
        "observed_days": 7,
        "count_sessions": 1,
        "street": "EAST 141 STREET",
        "from_street": "Amtrak-hellgate Line",
        "to_street": "Walnut Avenue"
      }
    },
    {
      "type": "Feature",
      "geometry": {
        "type": "Point",
        "coordinates": [
          -73.906058,
          40.803362
        ]
      },
      "properties": {
        "source_id": "dot_automated_traffic_counts_archive_20260915",
        "measure_id": "dot_monthly_sampled_traffic_volume",
        "segment_id": 77174,
        "borough": "Bronx",
        "direction": "NB",
        "month": "2025-05",
        "mean_observed_15_min_volume": 2.748512,
        "max_observed_15_min_volume": 16,
        "observation_count": 672,
        "observed_days": 7,
        "count_sessions": 1,
        "street": "LOCUST AVENUE",
        "from_street": "East 139 Street",
        "to_street": "East 140 Street"
      }
    },
    {
      "type": "Feature",
      "geometry": {
        "type": "Point",
        "coordinates": [
          -73.906058,
          40.803362
        ]
      },
      "properties": {
        "source_id": "dot_automated_traffic_counts_archive_20260915",
        "measure_id": "dot_monthly_sampled_traffic_volume",
        "segment_id": 77174,
        "borough": "Bronx",
        "direction": "SB",
        "month": "2025-05",
        "mean_observed_15_min_volume": 3.883929,
        "max_observed_15_min_volume": 14,
        "observation_count": 672,
        "observed_days": 7,
        "count_sessions": 1,
        "street": "LOCUST AVENUE",
        "from_street": "East 139 Street",
        "to_street": "East 140 Street"
      }
    },
    {
      "type": "Feature",
      "geometry": {
        "type": "Point",
        "coordinates": [
          -73.843243,
          40.846396
        ]
      },
      "properties": {
        "source_id": "dot_automated_traffic_counts_archive_20260915",
        "measure_id": "dot_monthly_sampled_traffic_volume",
        "segment_id": 87111,
        "borough": "Bronx",
        "direction": "EB",
        "month": "2025-05",
        "mean_observed_15_min_volume": 85.541667,
        "max_observed_15_min_volume": 180,
        "observation_count": 192,
        "observed_days": 2,
        "count_sessions": 1,
        "street": "WATERS PLACE",
        "from_street": "Marconi Street",
        "to_street": "Eastchester Road"
      }
    },
    {
      "type": "Feature",
      "geometry": {
        "type": "Point",
        "coordinates": [
          -73.843243,
          40.846396
        ]
      },
      "properties": {
        "source_id": "dot_automated_traffic_counts_archive_20260915",
        "measure_id": "dot_monthly_sampled_traffic_volume",
        "segment_id": 87111,
        "borough": "Bronx",
        "direction": "WB",
        "month": "2025-05",
        "mean_observed_15_min_volume": 99.208333,
        "max_observed_15_min_volume": 193,
        "observation_count": 192,
        "observed_days": 2,
        "count_sessions": 1,
        "street": "WATERS PLACE",
        "from_street": "Marconi Street",
        "to_street": "Eastchester Road"
      }
    },
    {
      "type": "Feature",
      "geometry": {
        "type": "Point",
        "coordinates": [
          -73.988727,
          40.695527
        ]
      },
      "properties": {
        "source_id": "dot_automated_traffic_counts_archive_20260915",
        "measure_id": "dot_monthly_sampled_traffic_volume",
        "segment_id": 148076,
        "borough": "Brooklyn",
        "direction": "NB",
        "month": "2025-06",
        "mean_observed_15_min_volume": 100.867188,
        "max_observed_15_min_volume": 252,
        "observation_count": 384,
        "observed_days": 4,
        "count_sessions": 1,
        "street": "ADAMS STREET",
        "from_street": "Tillary Street",
        "to_street": "Johnson Street"
      }
    },
    {
      "type": "Feature",
      "geometry": {
        "type": "Point",
        "coordinates": [
          -73.988727,
          40.695527
        ]
      },
      "properties": {
        "source_id": "dot_automated_traffic_counts_archive_20260915",
        "measure_id": "dot_monthly_sampled_traffic_volume",
        "segment_id": 148076,
        "borough": "Brooklyn",
        "direction": "SB",
        "month": "2025-06",
        "mean_observed_15_min_volume": 202.71875,
        "max_observed_15_min_volume": 355,
        "observation_count": 384,
        "observed_days": 4,
        "count_sessions": 1,
        "street": "ADAMS STREET",
        "from_street": "Tillary Street",
        "to_street": "Johnson Street"
      }
    },
    {
      "type": "Feature",
      "geometry": {
        "type": "Point",
        "coordinates": [
          -73.99075,
          40.700495
        ]
      },
      "properties": {
        "source_id": "dot_automated_traffic_counts_archive_20260915",
        "measure_id": "dot_monthly_sampled_traffic_volume",
        "segment_id": 157951,
        "borough": "Brooklyn",
        "direction": "NB",
        "month": "2025-06",
        "mean_observed_15_min_volume": 377.770833,
        "max_observed_15_min_volume": 485,
        "observation_count": 96,
        "observed_days": 1,
        "count_sessions": 1,
        "street": "CADMAN PLAZA WEST",
        "from_street": "Old Fulton Street",
        "to_street": "Brooklyn Bridge Exit Ramp"
      }
    },
    {
      "type": "Feature",
      "geometry": {
        "type": "Point",
        "coordinates": [
          -73.99075,
          40.700495
        ]
      },
      "properties": {
        "source_id": "dot_automated_traffic_counts_archive_20260915",
        "measure_id": "dot_monthly_sampled_traffic_volume",
        "segment_id": 157951,
        "borough": "Brooklyn",
        "direction": "SB",
        "month": "2025-06",
        "mean_observed_15_min_volume": 18.614583,
        "max_observed_15_min_volume": 57,
        "observation_count": 96,
        "observed_days": 1,
        "count_sessions": 1,
        "street": "CADMAN PLAZA WEST",
        "from_street": "Old Fulton Street",
        "to_street": "Brooklyn Bridge Exit Ramp"
      }
    },
    {
      "type": "Feature",
      "geometry": {
        "type": "Point",
        "coordinates": [
          -74.030704,
          40.624337
        ]
      },
      "properties": {
        "source_id": "dot_automated_traffic_counts_archive_20260915",
        "measure_id": "dot_monthly_sampled_traffic_volume",
        "segment_id": 16937,
        "borough": "Brooklyn",
        "direction": "NB",
        "month": "2025-06",
        "mean_observed_15_min_volume": 42.270833,
        "max_observed_15_min_volume": 93,
        "observation_count": 288,
        "observed_days": 3,
        "count_sessions": 1,
        "street": "3 AVENUE",
        "from_street": "84 Street",
        "to_street": "85 Street"
      }
    },
    {
      "type": "Feature",
      "geometry": {
        "type": "Point",
        "coordinates": [
          -74.030704,
          40.624337
        ]
      },
      "properties": {
        "source_id": "dot_automated_traffic_counts_archive_20260915",
        "measure_id": "dot_monthly_sampled_traffic_volume",
        "segment_id": 16937,
        "borough": "Brooklyn",
        "direction": "SB",
        "month": "2025-06",
        "mean_observed_15_min_volume": 44.915509,
        "max_observed_15_min_volume": 101,
        "observation_count": 864,
        "observed_days": 9,
        "count_sessions": 1,
        "street": "3 AVENUE",
        "from_street": "84 Street",
        "to_street": "85 Street"
      }
    },
    {
      "type": "Feature",
      "geometry": {
        "type": "Point",
        "coordinates": [
          -73.993518,
          40.702536
        ]
      },
      "properties": {
        "source_id": "dot_automated_traffic_counts_archive_20260915",
        "measure_id": "dot_monthly_sampled_traffic_volume",
        "segment_id": 23924,
        "borough": "Brooklyn",
        "direction": "WB",
        "month": "2025-06",
        "mean_observed_15_min_volume": 52.71875,
        "max_observed_15_min_volume": 132,
        "observation_count": 480,
        "observed_days": 5,
        "count_sessions": 1,
        "street": "OLD FULTON STREET",
        "from_street": "Elizabeth Place",
        "to_street": "Front Street"
      }
    },
    {
      "type": "Feature",
      "geometry": {
        "type": "Point",
        "coordinates": [
          -73.971186,
          40.675427
        ]
      },
      "properties": {
        "source_id": "dot_automated_traffic_counts_archive_20260915",
        "measure_id": "dot_monthly_sampled_traffic_volume",
        "segment_id": 29141,
        "borough": "Brooklyn",
        "direction": "SB",
        "month": "2025-06",
        "mean_observed_15_min_volume": 177.041667,
        "max_observed_15_min_volume": 320,
        "observation_count": 96,
        "observed_days": 1,
        "count_sessions": 1,
        "street": "FLATBUSH AVENUE",
        "from_street": "8 Avenue",
        "to_street": "Eastern Parkway Line"
      }
    },
    {
      "type": "Feature",
      "geometry": {
        "type": "Point",
        "coordinates": [
          -73.978079,
          40.783484
        ]
      },
      "properties": {
        "source_id": "dot_automated_traffic_counts_archive_20260915",
        "measure_id": "dot_monthly_sampled_traffic_volume",
        "segment_id": 37101,
        "borough": "Manhattan",
        "direction": "NB",
        "month": "2025-06",
        "mean_observed_15_min_volume": 179.317708,
        "max_observed_15_min_volume": 343,
        "observation_count": 192,
        "observed_days": 2,
        "count_sessions": 1,
        "street": "AMSTERDAM AVENUE",
        "from_street": "West 79 Street",
        "to_street": "West 80 Street"
      }
    },
    {
      "type": "Feature",
      "geometry": {
        "type": "Point",
        "coordinates": [
          -73.975232,
          40.782292
        ]
      },
      "properties": {
        "source_id": "dot_automated_traffic_counts_archive_20260915",
        "measure_id": "dot_monthly_sampled_traffic_volume",
        "segment_id": 37204,
        "borough": "Manhattan",
        "direction": "SB",
        "month": "2025-06",
        "mean_observed_15_min_volume": 176.514881,
        "max_observed_15_min_volume": 322,
        "observation_count": 672,
        "observed_days": 7,
        "count_sessions": 1,
        "street": "COLUMBUS AVENUE",
        "from_street": "West 79 Street",
        "to_street": "West 80 Street"
      }
    },
    {
      "type": "Feature",
      "geometry": {
        "type": "Point",
        "coordinates": [
          -73.942751,
          40.663559
        ]
      },
      "properties": {
        "source_id": "dot_automated_traffic_counts_archive_20260915",
        "measure_id": "dot_monthly_sampled_traffic_volume",
        "segment_id": 42961,
        "borough": "Brooklyn",
        "direction": "NB",
        "month": "2025-06",
        "mean_observed_15_min_volume": 52.372768,
        "max_observed_15_min_volume": 111,
        "observation_count": 1344,
        "observed_days": 14,
        "count_sessions": 1,
        "street": "KINGSTON AVENUE",
        "from_street": "Lefferts Avenue",
        "to_street": "Empire Boulevard"
      }
    },
    {
      "type": "Feature",
      "geometry": {
        "type": "Point",
        "coordinates": [
          -73.867176,
          40.660453
        ]
      },
      "properties": {
        "source_id": "dot_automated_traffic_counts_archive_20260915",
        "measure_id": "dot_monthly_sampled_traffic_volume",
        "segment_id": 50251,
        "borough": "Brooklyn",
        "direction": "EB",
        "month": "2025-06",
        "mean_observed_15_min_volume": 47.353009,
        "max_observed_15_min_volume": 98,
        "observation_count": 864,
        "observed_days": 9,
        "count_sessions": 1,
        "street": "FLATLANDS AVENUE",
        "from_street": "Fountain Avenue",
        "to_street": "Crescent Street"
      }
    },
    {
      "type": "Feature",
      "geometry": {
        "type": "Point",
        "coordinates": [
          -73.867176,
          40.660453
        ]
      },
      "properties": {
        "source_id": "dot_automated_traffic_counts_archive_20260915",
        "measure_id": "dot_monthly_sampled_traffic_volume",
        "segment_id": 50251,
        "borough": "Brooklyn",
        "direction": "WB",
        "month": "2025-06",
        "mean_observed_15_min_volume": 37.236111,
        "max_observed_15_min_volume": 79,
        "observation_count": 864,
        "observed_days": 9,
        "count_sessions": 1,
        "street": "FLATLANDS AVENUE",
        "from_street": "Fountain Avenue",
        "to_street": "Crescent Street"
      }
    },
    {
      "type": "Feature",
      "geometry": {
        "type": "Point",
        "coordinates": [
          -73.772875,
          40.594673
        ]
      },
      "properties": {
        "source_id": "dot_automated_traffic_counts_archive_20260915",
        "measure_id": "dot_monthly_sampled_traffic_volume",
        "segment_id": 57927,
        "borough": "Queens",
        "direction": "NB",
        "month": "2025-06",
        "mean_observed_15_min_volume": 2.375,
        "max_observed_15_min_volume": 9,
        "observation_count": 96,
        "observed_days": 1,
        "count_sessions": 1,
        "street": "BEACH 41 STREET",
        "from_street": "Rockaway Beach Boulevard",
        "to_street": "Dead end"
      }
    },
    {
      "type": "Feature",
      "geometry": {
        "type": "Point",
        "coordinates": [
          -73.770511,
          40.5953
        ]
      },
      "properties": {
        "source_id": "dot_automated_traffic_counts_archive_20260915",
        "measure_id": "dot_monthly_sampled_traffic_volume",
        "segment_id": 57972,
        "borough": "Queens",
        "direction": "SB",
        "month": "2025-06",
        "mean_observed_15_min_volume": 6.864583,
        "max_observed_15_min_volume": 18,
        "observation_count": 96,
        "observed_days": 1,
        "count_sessions": 1,
        "street": "BEACH 38 STREET",
        "from_street": "Beach Channel Drive",
        "to_street": "Rockaway Beach Boulevard"
      }
    },
    {
      "type": "Feature",
      "geometry": {
        "type": "Point",
        "coordinates": [
          -73.769643,
          40.595534
        ]
      },
      "properties": {
        "source_id": "dot_automated_traffic_counts_archive_20260915",
        "measure_id": "dot_monthly_sampled_traffic_volume",
        "segment_id": 57986,
        "borough": "Queens",
        "direction": "EB",
        "month": "2025-06",
        "mean_observed_15_min_volume": 14.206597,
        "max_observed_15_min_volume": 43,
        "observation_count": 576,
        "observed_days": 6,
        "count_sessions": 1,
        "street": "BEACH 37 STREET",
        "from_street": "Rockaway Beach Boulevard",
        "to_street": "Beach Channel Drive"
      }
    },
    {
      "type": "Feature",
      "geometry": {
        "type": "Point",
        "coordinates": [
          -73.769643,
          40.595534
        ]
      },
      "properties": {
        "source_id": "dot_automated_traffic_counts_archive_20260915",
        "measure_id": "dot_monthly_sampled_traffic_volume",
        "segment_id": 57986,
        "borough": "Queens",
        "direction": "WB",
        "month": "2025-06",
        "mean_observed_15_min_volume": 12.125,
        "max_observed_15_min_volume": 29,
        "observation_count": 96,
        "observed_days": 1,
        "count_sessions": 1,
        "street": "BEACH 37 STREET",
        "from_street": "Rockaway Beach Boulevard",
        "to_street": "Beach Channel Drive"
      }
    },
    {
      "type": "Feature",
      "geometry": {
        "type": "Point",
        "coordinates": [
          -73.945309,
          40.721056
        ]
      },
      "properties": {
        "source_id": "dot_automated_traffic_counts_archive_20260915",
        "measure_id": "dot_monthly_sampled_traffic_volume",
        "segment_id": 157798,
        "borough": "Brooklyn",
        "direction": "SB",
        "month": "2025-07",
        "mean_observed_15_min_volume": 119.671875,
        "max_observed_15_min_volume": 215,
        "observation_count": 1344,
        "observed_days": 14,
        "count_sessions": 1,
        "street": "MC GUINNESS BLVD SOUTH",
        "from_street": "Newton Street",
        "to_street": "Bayard Street"
      }
    },
    {
      "type": "Feature",
      "geometry": {
        "type": "Point",
        "coordinates": [
          -73.945228,
          40.721151
        ]
      },
      "properties": {
        "source_id": "dot_automated_traffic_counts_archive_20260915",
        "measure_id": "dot_monthly_sampled_traffic_volume",
        "segment_id": 157886,
        "borough": "Brooklyn",
        "direction": "NB",
        "month": "2025-07",
        "mean_observed_15_min_volume": 110.249256,
        "max_observed_15_min_volume": 203,
        "observation_count": 1344,
        "observed_days": 14,
        "count_sessions": 1,
        "street": "MC GUINNESS BLVD SOUTH",
        "from_street": "Humboldt Street",
        "to_street": "Newton Street"
      }
    },
    {
      "type": "Feature",
      "geometry": {
        "type": "Point",
        "coordinates": [
          -73.967187,
          40.580898
        ]
      },
      "properties": {
        "source_id": "dot_automated_traffic_counts_archive_20260915",
        "measure_id": "dot_monthly_sampled_traffic_volume",
        "segment_id": 191118,
        "borough": "Brooklyn",
        "direction": "NB",
        "month": "2025-07",
        "mean_observed_15_min_volume": 14.688988,
        "max_observed_15_min_volume": 54,
        "observation_count": 672,
        "observed_days": 7,
        "count_sessions": 1,
        "street": "OCEAN PARKWAY",
        "from_street": "Dead End",
        "to_street": "Dead end"
      }
    },
    {
      "type": "Feature",
      "geometry": {
        "type": "Point",
        "coordinates": [
          -73.982072,
          40.579895
        ]
      },
      "properties": {
        "source_id": "dot_automated_traffic_counts_archive_20260915",
        "measure_id": "dot_monthly_sampled_traffic_volume",
        "segment_id": 19267,
        "borough": "Brooklyn",
        "direction": "SB",
        "month": "2025-07",
        "mean_observed_15_min_volume": 50.09375,
        "max_observed_15_min_volume": 131,
        "observation_count": 672,
        "observed_days": 7,
        "count_sessions": 1,
        "street": "STILLWELL AVENUE",
        "from_street": "Coney Island Creek Shoreline",
        "to_street": "Neptune Avenue"
      }
    },
    {
      "type": "Feature",
      "geometry": {
        "type": "Point",
        "coordinates": [
          -73.937558,
          40.680538
        ]
      },
      "properties": {
        "source_id": "dot_automated_traffic_counts_archive_20260915",
        "measure_id": "dot_monthly_sampled_traffic_volume",
        "segment_id": 108174,
        "borough": "Brooklyn",
        "direction": "SB",
        "month": "2025-09",
        "mean_observed_15_min_volume": 96.751488,
        "max_observed_15_min_volume": 191,
        "observation_count": 672,
        "observed_days": 7,
        "count_sessions": 1,
        "street": "MARCUS GARVEY BOULEVARD",
        "from_street": "Decatur Street",
        "to_street": "Fulton Street"
      }
    },
    {
      "type": "Feature",
      "geometry": {
        "type": "Point",
        "coordinates": [
          -73.967765,
          40.759935
        ]
      },
      "properties": {
        "source_id": "dot_automated_traffic_counts_archive_20260915",
        "measure_id": "dot_monthly_sampled_traffic_volume",
        "segment_id": 134999,
        "borough": "Manhattan",
        "direction": "NB",
        "month": "2025-09",
        "mean_observed_15_min_volume": 185.625,
        "max_observed_15_min_volume": 308,
        "observation_count": 672,
        "observed_days": 7,
        "count_sessions": 1,
        "street": "3 AVENUE",
        "from_street": "Dead End",
        "to_street": "East 57 Street"
      }
    },
    {
      "type": "Feature",
      "geometry": {
        "type": "Point",
        "coordinates": [
          -74.163525,
          40.607068
        ]
      },
      "properties": {
        "source_id": "dot_automated_traffic_counts_archive_20260915",
        "measure_id": "dot_monthly_sampled_traffic_volume",
        "segment_id": 193957,
        "borough": "Staten Island",
        "direction": "EB",
        "month": "2025-09",
        "mean_observed_15_min_volume": 51.747024,
        "max_observed_15_min_volume": 116,
        "observation_count": 672,
        "observed_days": 7,
        "count_sessions": 1,
        "street": "VICTORY BOULEVARD",
        "from_street": "Richmond Avenue",
        "to_street": "Jones Street"
      }
    },
    {
      "type": "Feature",
      "geometry": {
        "type": "Point",
        "coordinates": [
          -74.163525,
          40.607068
        ]
      },
      "properties": {
        "source_id": "dot_automated_traffic_counts_archive_20260915",
        "measure_id": "dot_monthly_sampled_traffic_volume",
        "segment_id": 193957,
        "borough": "Staten Island",
        "direction": "WB",
        "month": "2025-09",
        "mean_observed_15_min_volume": 68.465774,
        "max_observed_15_min_volume": 188,
        "observation_count": 672,
        "observed_days": 7,
        "count_sessions": 1,
        "street": "VICTORY BOULEVARD",
        "from_street": "Richmond Avenue",
        "to_street": "Jones Street"
      }
    },
    {
      "type": "Feature",
      "geometry": {
        "type": "Point",
        "coordinates": [
          -73.940547,
          40.680999
        ]
      },
      "properties": {
        "source_id": "dot_automated_traffic_counts_archive_20260915",
        "measure_id": "dot_monthly_sampled_traffic_volume",
        "segment_id": 43029,
        "borough": "Brooklyn",
        "direction": "NB",
        "month": "2025-09",
        "mean_observed_15_min_volume": 67.816964,
        "max_observed_15_min_volume": 136,
        "observation_count": 672,
        "observed_days": 7,
        "count_sessions": 1,
        "street": "THROOP AVENUE",
        "from_street": "Decatur Street",
        "to_street": "Mac Donough Street"
      }
    },
    {
      "type": "Feature",
      "geometry": {
        "type": "Point",
        "coordinates": [
          -73.89699,
          40.67628
        ]
      },
      "properties": {
        "source_id": "dot_automated_traffic_counts_archive_20260915",
        "measure_id": "dot_monthly_sampled_traffic_volume",
        "segment_id": 8102925,
        "borough": "Brooklyn",
        "direction": "SB",
        "month": "2025-09",
        "mean_observed_15_min_volume": 188.630952,
        "max_observed_15_min_volume": 344,
        "observation_count": 672,
        "observed_days": 7,
        "count_sessions": 1,
        "street": "FULTON STREET LINE",
        "from_street": "Fulton Street",
        "to_street": "Atlantic Avenue"
      }
    },
    {
      "type": "Feature",
      "geometry": {
        "type": "Point",
        "coordinates": [
          -73.861061,
          40.841631
        ]
      },
      "properties": {
        "source_id": "dot_automated_traffic_counts_archive_20260915",
        "measure_id": "dot_monthly_sampled_traffic_volume",
        "segment_id": 9008820,
        "borough": "Bronx",
        "direction": "EB",
        "month": "2025-09",
        "mean_observed_15_min_volume": 94.598214,
        "max_observed_15_min_volume": 238,
        "observation_count": 672,
        "observed_days": 7,
        "count_sessions": 1,
        "street": "EAST TREMONT AVENUE",
        "from_street": "Dead End",
        "to_street": "Dead end"
      }
    },
    {
      "type": "Feature",
      "geometry": {
        "type": "Point",
        "coordinates": [
          -73.861061,
          40.841631
        ]
      },
      "properties": {
        "source_id": "dot_automated_traffic_counts_archive_20260915",
        "measure_id": "dot_monthly_sampled_traffic_volume",
        "segment_id": 9008820,
        "borough": "Bronx",
        "direction": "WB",
        "month": "2025-09",
        "mean_observed_15_min_volume": 106.5,
        "max_observed_15_min_volume": 297,
        "observation_count": 672,
        "observed_days": 7,
        "count_sessions": 1,
        "street": "EAST TREMONT AVENUE",
        "from_street": "Dead End",
        "to_street": "Dead end"
      }
    },
    {
      "type": "Feature",
      "geometry": {
        "type": "Point",
        "coordinates": [
          -73.927994,
          40.842452
        ]
      },
      "properties": {
        "source_id": "dot_automated_traffic_counts_archive_20260915",
        "measure_id": "dot_monthly_sampled_traffic_volume",
        "segment_id": 139020,
        "borough": "Bronx",
        "direction": "NB",
        "month": "2025-10",
        "mean_observed_15_min_volume": 514.958333,
        "max_observed_15_min_volume": 748,
        "observation_count": 96,
        "observed_days": 1,
        "count_sessions": 1,
        "street": "MAJOR DEEGAN EXPRESSWAY",
        "from_street": "High Bridge",
        "to_street": "Major Deegan Expwy Et 7 N Sb"
      }
    },
    {
      "type": "Feature",
      "geometry": {
        "type": "Point",
        "coordinates": [
          -73.93246,
          40.737392
        ]
      },
      "properties": {
        "source_id": "dot_automated_traffic_counts_archive_20260915",
        "measure_id": "dot_monthly_sampled_traffic_volume",
        "segment_id": 143052,
        "borough": "Queens",
        "direction": "WB",
        "month": "2025-10",
        "mean_observed_15_min_volume": 267.5625,
        "max_observed_15_min_volume": 360,
        "observation_count": 96,
        "observed_days": 1,
        "count_sessions": 1,
        "street": "LONG ISLAND EXPWY ET 15 WB",
        "from_street": "Dead End",
        "to_street": "Borden Avenue"
      }
    },
    {
      "type": "Feature",
      "geometry": {
        "type": "Point",
        "coordinates": [
          -73.97945,
          40.715908
        ]
      },
      "properties": {
        "source_id": "dot_automated_traffic_counts_archive_20260915",
        "measure_id": "dot_monthly_sampled_traffic_volume",
        "segment_id": 252704,
        "borough": "Manhattan",
        "direction": "WB",
        "month": "2025-10",
        "mean_observed_15_min_volume": 424.857639,
        "max_observed_15_min_volume": 617,
        "observation_count": 288,
        "observed_days": 3,
        "count_sessions": 1,
        "street": "WILLIAMSBURG BR APPROACH",
        "from_street": "Dead end",
        "to_street": "Dead End"
      }
    },
    {
      "type": "Feature",
      "geometry": {
        "type": "Point",
        "coordinates": [
          -73.979569,
          40.715714
        ]
      },
      "properties": {
        "source_id": "dot_automated_traffic_counts_archive_20260915",
        "measure_id": "dot_monthly_sampled_traffic_volume",
        "segment_id": 252708,
        "borough": "Manhattan",
        "direction": "EB",
        "month": "2025-10",
        "mean_observed_15_min_volume": 458.270833,
        "max_observed_15_min_volume": 700,
        "observation_count": 288,
        "observed_days": 3,
        "count_sessions": 1,
        "street": "WILLIAMSBURG BR APPROACH",
        "from_street": "Dead End",
        "to_street": "Dead end"
      }
    },
    {
      "type": "Feature",
      "geometry": {
        "type": "Point",
        "coordinates": [
          -74.005591,
          40.726861
        ]
      },
      "properties": {
        "source_id": "dot_automated_traffic_counts_archive_20260915",
        "measure_id": "dot_monthly_sampled_traffic_volume",
        "segment_id": 31909,
        "borough": "Manhattan",
        "direction": "SB",
        "month": "2025-10",
        "mean_observed_15_min_volume": 261.910714,
        "max_observed_15_min_volume": 425,
        "observation_count": 672,
        "observed_days": 7,
        "count_sessions": 1,
        "street": "VARICK STREET",
        "from_street": "Broadway/ 7 Avenue Line",
        "to_street": "Broadway/ 7 Avenue Line"
      }
    },
    {
      "type": "Feature",
      "geometry": {
        "type": "Point",
        "coordinates": [
          -73.989757,
          40.772569
        ]
      },
      "properties": {
        "source_id": "dot_automated_traffic_counts_archive_20260915",
        "measure_id": "dot_monthly_sampled_traffic_volume",
        "segment_id": 34332,
        "borough": "Manhattan",
        "direction": "NB",
        "month": "2025-10",
        "mean_observed_15_min_volume": 53.997768,
        "max_observed_15_min_volume": 137,
        "observation_count": 1344,
        "observed_days": 14,
        "count_sessions": 1,
        "street": "WEST END AVENUE",
        "from_street": "West 60 Street",
        "to_street": "West 61 Street"
      }
    },
    {
      "type": "Feature",
      "geometry": {
        "type": "Point",
        "coordinates": [
          -73.989757,
          40.772569
        ]
      },
      "properties": {
        "source_id": "dot_automated_traffic_counts_archive_20260915",
        "measure_id": "dot_monthly_sampled_traffic_volume",
        "segment_id": 34332,
        "borough": "Manhattan",
        "direction": "SB",
        "month": "2025-10",
        "mean_observed_15_min_volume": 109.029647,
        "max_observed_15_min_volume": 210,
        "observation_count": 1248,
        "observed_days": 13,
        "count_sessions": 1,
        "street": "WEST END AVENUE",
        "from_street": "West 60 Street",
        "to_street": "West 61 Street"
      }
    },
    {
      "type": "Feature",
      "geometry": {
        "type": "Point",
        "coordinates": [
          -73.982923,
          40.785092
        ]
      },
      "properties": {
        "source_id": "dot_automated_traffic_counts_archive_20260915",
        "measure_id": "dot_monthly_sampled_traffic_volume",
        "segment_id": 34537,
        "borough": "Manhattan",
        "direction": "EB",
        "month": "2025-10",
        "mean_observed_15_min_volume": 110.03125,
        "max_observed_15_min_volume": 229,
        "observation_count": 96,
        "observed_days": 1,
        "count_sessions": 1,
        "street": "WEST 79 STREET",
        "from_street": "Henry Hudson Pkwy Nb Et 10 A",
        "to_street": "Henry Hudson Parkway Et 10 Nb"
      }
    },
    {
      "type": "Feature",
      "geometry": {
        "type": "Point",
        "coordinates": [
          -73.9511,
          40.741861
        ]
      },
      "properties": {
        "source_id": "dot_automated_traffic_counts_archive_20260915",
        "measure_id": "dot_monthly_sampled_traffic_volume",
        "segment_id": 35407,
        "borough": "Queens",
        "direction": "SB",
        "month": "2025-10",
        "mean_observed_15_min_volume": 58.34375,
        "max_observed_15_min_volume": 147,
        "observation_count": 96,
        "observed_days": 1,
        "count_sessions": 1,
        "street": "LIE WESTBOUND ENTRANCE 50 AVE",
        "from_street": "50 Avenue",
        "to_street": "Lie Westbound Entrance 21 St"
      }
    },
    {
      "type": "Feature",
      "geometry": {
        "type": "Point",
        "coordinates": [
          -73.96403,
          40.75966
        ]
      },
      "properties": {
        "source_id": "dot_automated_traffic_counts_archive_20260915",
        "measure_id": "dot_monthly_sampled_traffic_volume",
        "segment_id": 36369,
        "borough": "Manhattan",
        "direction": "NB",
        "month": "2025-10",
        "mean_observed_15_min_volume": 23.822917,
        "max_observed_15_min_volume": 225,
        "observation_count": 192,
        "observed_days": 2,
        "count_sessions": 1,
        "street": "EAST 58 STREET",
        "from_street": "Ed Koch Queensboro Bridge Appr",
        "to_street": "2 Avenue"
      }
    },
    {
      "type": "Feature",
      "geometry": {
        "type": "Point",
        "coordinates": [
          -73.96403,
          40.75966
        ]
      },
      "properties": {
        "source_id": "dot_automated_traffic_counts_archive_20260915",
        "measure_id": "dot_monthly_sampled_traffic_volume",
        "segment_id": 36369,
        "borough": "Manhattan",
        "direction": "SB",
        "month": "2025-10",
        "mean_observed_15_min_volume": 23.791667,
        "max_observed_15_min_volume": 225,
        "observation_count": 288,
        "observed_days": 3,
        "count_sessions": 1,
        "street": "EAST 58 STREET",
        "from_street": "Ed Koch Queensboro Bridge Appr",
        "to_street": "2 Avenue"
      }
    },
    {
      "type": "Feature",
      "geometry": {
        "type": "Point",
        "coordinates": [
          -73.936989,
          40.659087
        ]
      },
      "properties": {
        "source_id": "dot_automated_traffic_counts_archive_20260915",
        "measure_id": "dot_monthly_sampled_traffic_volume",
        "segment_id": 41897,
        "borough": "Brooklyn",
        "direction": "NB",
        "month": "2025-10",
        "mean_observed_15_min_volume": 62.052083,
        "max_observed_15_min_volume": 147,
        "observation_count": 672,
        "observed_days": 7,
        "count_sessions": 1,
        "street": "TROY AVENUE",
        "from_street": "Hawthorne Street",
        "to_street": "Fenimore Street"
      }
    },
    {
      "type": "Feature",
      "geometry": {
        "type": "Point",
        "coordinates": [
          -73.914834,
          40.862745
        ]
      },
      "properties": {
        "source_id": "dot_automated_traffic_counts_archive_20260915",
        "measure_id": "dot_monthly_sampled_traffic_volume",
        "segment_id": 72887,
        "borough": "Manhattan",
        "direction": "EB",
        "month": "2025-10",
        "mean_observed_15_min_volume": 163.580929,
        "max_observed_15_min_volume": 304,
        "observation_count": 1248,
        "observed_days": 13,
        "count_sessions": 1,
        "street": "UNIVERSITY HEIGHTS BRIDGE",
        "from_street": "Harlem River Shoreline",
        "to_street": "Harlem River Shoreline"
      }
    },
    {
      "type": "Feature",
      "geometry": {
        "type": "Point",
        "coordinates": [
          -73.914834,
          40.862745
        ]
      },
      "properties": {
        "source_id": "dot_automated_traffic_counts_archive_20260915",
        "measure_id": "dot_monthly_sampled_traffic_volume",
        "segment_id": 72887,
        "borough": "Manhattan",
        "direction": "WB",
        "month": "2025-10",
        "mean_observed_15_min_volume": 216.020833,
        "max_observed_15_min_volume": 371,
        "observation_count": 1248,
        "observed_days": 13,
        "count_sessions": 1,
        "street": "UNIVERSITY HEIGHTS BRIDGE",
        "from_street": "Harlem River Shoreline",
        "to_street": "Harlem River Shoreline"
      }
    },
    {
      "type": "Feature",
      "geometry": {
        "type": "Point",
        "coordinates": [
          -73.927994,
          40.842452
        ]
      },
      "properties": {
        "source_id": "dot_automated_traffic_counts_archive_20260915",
        "measure_id": "dot_monthly_sampled_traffic_volume",
        "segment_id": 139020,
        "borough": "Bronx",
        "direction": "NB",
        "month": "2025-11",
        "mean_observed_15_min_volume": 478.1625,
        "max_observed_15_min_volume": 760,
        "observation_count": 480,
        "observed_days": 5,
        "count_sessions": 1,
        "street": "MAJOR DEEGAN EXPRESSWAY",
        "from_street": "High Bridge",
        "to_street": "Major Deegan Expwy Et 7 N Sb"
      }
    },
    {
      "type": "Feature",
      "geometry": {
        "type": "Point",
        "coordinates": [
          -73.962949,
          40.760713
        ]
      },
      "properties": {
        "source_id": "dot_automated_traffic_counts_archive_20260915",
        "measure_id": "dot_monthly_sampled_traffic_volume",
        "segment_id": 140031,
        "borough": "Manhattan",
        "direction": "WB",
        "month": "2025-11",
        "mean_observed_15_min_volume": 112.458333,
        "max_observed_15_min_volume": 197,
        "observation_count": 96,
        "observed_days": 1,
        "count_sessions": 1,
        "street": "ED KOCH QUEENSBORO BRIDGE",
        "from_street": "Ed Koch Queensboro Bridge Exit",
        "to_street": "Dead end"
      }
    },
    {
      "type": "Feature",
      "geometry": {
        "type": "Point",
        "coordinates": [
          -73.928537,
          40.845589
        ]
      },
      "properties": {
        "source_id": "dot_automated_traffic_counts_archive_20260915",
        "measure_id": "dot_monthly_sampled_traffic_volume",
        "segment_id": 140062,
        "borough": "Manhattan",
        "direction": "WB",
        "month": "2025-11",
        "mean_observed_15_min_volume": 666.888889,
        "max_observed_15_min_volume": 1134,
        "observation_count": 288,
        "observed_days": 3,
        "count_sessions": 1,
        "street": "ALEXANDER HAMILTON BRIDGE",
        "from_street": "Dead End",
        "to_street": "Harlem River Shoreline"
      }
    },
    {
      "type": "Feature",
      "geometry": {
        "type": "Point",
        "coordinates": [
          -73.928581,
          40.845433
        ]
      },
      "properties": {
        "source_id": "dot_automated_traffic_counts_archive_20260915",
        "measure_id": "dot_monthly_sampled_traffic_volume",
        "segment_id": 140064,
        "borough": "Manhattan",
        "direction": "EB",
        "month": "2025-11",
        "mean_observed_15_min_volume": 780.524306,
        "max_observed_15_min_volume": 1274,
        "observation_count": 288,
        "observed_days": 3,
        "count_sessions": 1,
        "street": "ALEXANDER HAMILTON BRIDGE",
        "from_street": "Dead End",
        "to_street": "Harlem River Shoreline"
      }
    },
    {
      "type": "Feature",
      "geometry": {
        "type": "Point",
        "coordinates": [
          -73.93246,
          40.737392
        ]
      },
      "properties": {
        "source_id": "dot_automated_traffic_counts_archive_20260915",
        "measure_id": "dot_monthly_sampled_traffic_volume",
        "segment_id": 143052,
        "borough": "Queens",
        "direction": "WB",
        "month": "2025-11",
        "mean_observed_15_min_volume": 258.04375,
        "max_observed_15_min_volume": 387,
        "observation_count": 480,
        "observed_days": 5,
        "count_sessions": 1,
        "street": "LONG ISLAND EXPWY ET 15 WB",
        "from_street": "Dead End",
        "to_street": "Borden Avenue"
      }
    },
    {
      "type": "Feature",
      "geometry": {
        "type": "Point",
        "coordinates": [
          -73.952239,
          40.734302
        ]
      },
      "properties": {
        "source_id": "dot_automated_traffic_counts_archive_20260915",
        "measure_id": "dot_monthly_sampled_traffic_volume",
        "segment_id": 157930,
        "borough": "Brooklyn",
        "direction": "NB",
        "month": "2025-11",
        "mean_observed_15_min_volume": 170.772569,
        "max_observed_15_min_volume": 311,
        "observation_count": 576,
        "observed_days": 6,
        "count_sessions": 1,
        "street": "MC GUINNESS BOULEVARD",
        "from_street": "Green Street",
        "to_street": "Freeman Street"
      }
    },
    {
      "type": "Feature",
      "geometry": {
        "type": "Point",
        "coordinates": [
          -73.952437,
          40.734287
        ]
      },
      "properties": {
        "source_id": "dot_automated_traffic_counts_archive_20260915",
        "measure_id": "dot_monthly_sampled_traffic_volume",
        "segment_id": 158232,
        "borough": "Brooklyn",
        "direction": "SB",
        "month": "2025-11",
        "mean_observed_15_min_volume": 143.723958,
        "max_observed_15_min_volume": 281,
        "observation_count": 576,
        "observed_days": 6,
        "count_sessions": 1,
        "street": "MC GUINNESS BOULEVARD",
        "from_street": "Freeman Street",
        "to_street": "Green Street"
      }
    },
    {
      "type": "Feature",
      "geometry": {
        "type": "Point",
        "coordinates": [
          -73.963793,
          40.760674
        ]
      },
      "properties": {
        "source_id": "dot_automated_traffic_counts_archive_20260915",
        "measure_id": "dot_monthly_sampled_traffic_volume",
        "segment_id": 165609,
        "borough": "Manhattan",
        "direction": "EB",
        "month": "2025-11",
        "mean_observed_15_min_volume": 322.28125,
        "max_observed_15_min_volume": 466,
        "observation_count": 96,
        "observed_days": 1,
        "count_sessions": 1,
        "street": "ED KOCH QUEENSBORO BRIDGE APPR",
        "from_street": "2 Avenue",
        "to_street": "Dead end"
      }
    },
    {
      "type": "Feature",
      "geometry": {
        "type": "Point",
        "coordinates": [
          -73.861482,
          40.833547
        ]
      },
      "properties": {
        "source_id": "dot_automated_traffic_counts_archive_20260915",
        "measure_id": "dot_monthly_sampled_traffic_volume",
        "segment_id": 177943,
        "borough": "Bronx",
        "direction": "NB",
        "month": "2025-11",
        "mean_observed_15_min_volume": 52.130208,
        "max_observed_15_min_volume": 137,
        "observation_count": 192,
        "observed_days": 2,
        "count_sessions": 1,
        "street": "VIRGINIA AVENUE",
        "from_street": "Hugh J Grant Circle",
        "to_street": "Cross Bronx Expressway"
      }
    },
    {
      "type": "Feature",
      "geometry": {
        "type": "Point",
        "coordinates": [
          -73.993026,
          40.72986
        ]
      },
      "properties": {
        "source_id": "dot_automated_traffic_counts_archive_20260915",
        "measure_id": "dot_monthly_sampled_traffic_volume",
        "segment_id": 32759,
        "borough": "Manhattan",
        "direction": "SB",
        "month": "2025-11",
        "mean_observed_15_min_volume": 180.276042,
        "max_observed_15_min_volume": 294,
        "observation_count": 192,
        "observed_days": 2,
        "count_sessions": 1,
        "street": "BROADWAY",
        "from_street": "Broadway Line",
        "to_street": "Astor Place"
      }
    },
    {
      "type": "Feature",
      "geometry": {
        "type": "Point",
        "coordinates": [
          -73.992012,
          40.729951
        ]
      },
      "properties": {
        "source_id": "dot_automated_traffic_counts_archive_20260915",
        "measure_id": "dot_monthly_sampled_traffic_volume",
        "segment_id": 32762,
        "borough": "Manhattan",
        "direction": "EB",
        "month": "2025-11",
        "mean_observed_15_min_volume": 6.401042,
        "max_observed_15_min_volume": 15,
        "observation_count": 192,
        "observed_days": 2,
        "count_sessions": 1,
        "street": "ASTOR PLACE",
        "from_street": "Broadway",
        "to_street": "Lafayette Street"
      }
    },
    {
      "type": "Feature",
      "geometry": {
        "type": "Point",
        "coordinates": [
          -73.992012,
          40.729951
        ]
      },
      "properties": {
        "source_id": "dot_automated_traffic_counts_archive_20260915",
        "measure_id": "dot_monthly_sampled_traffic_volume",
        "segment_id": 32762,
        "borough": "Manhattan",
        "direction": "WB",
        "month": "2025-11",
        "mean_observed_15_min_volume": 11.395833,
        "max_observed_15_min_volume": 23,
        "observation_count": 192,
        "observed_days": 2,
        "count_sessions": 1,
        "street": "ASTOR PLACE",
        "from_street": "Broadway",
        "to_street": "Lafayette Street"
      }
    },
    {
      "type": "Feature",
      "geometry": {
        "type": "Point",
        "coordinates": [
          -73.982923,
          40.785092
        ]
      },
      "properties": {
        "source_id": "dot_automated_traffic_counts_archive_20260915",
        "measure_id": "dot_monthly_sampled_traffic_volume",
        "segment_id": 34537,
        "borough": "Manhattan",
        "direction": "EB",
        "month": "2025-11",
        "mean_observed_15_min_volume": 107.333333,
        "max_observed_15_min_volume": 223,
        "observation_count": 672,
        "observed_days": 7,
        "count_sessions": 1,
        "street": "WEST 79 STREET",
        "from_street": "Henry Hudson Pkwy Nb Et 10 A",
        "to_street": "Henry Hudson Parkway Et 10 Nb"
      }
    },
    {
      "type": "Feature",
      "geometry": {
        "type": "Point",
        "coordinates": [
          -73.9511,
          40.741861
        ]
      },
      "properties": {
        "source_id": "dot_automated_traffic_counts_archive_20260915",
        "measure_id": "dot_monthly_sampled_traffic_volume",
        "segment_id": 35407,
        "borough": "Queens",
        "direction": "SB",
        "month": "2025-11",
        "mean_observed_15_min_volume": 46.270833,
        "max_observed_15_min_volume": 157,
        "observation_count": 480,
        "observed_days": 5,
        "count_sessions": 1,
        "street": "LIE WESTBOUND ENTRANCE 50 AVE",
        "from_street": "50 Avenue",
        "to_street": "Lie Westbound Entrance 21 St"
      }
    },
    {
      "type": "Feature",
      "geometry": {
        "type": "Point",
        "coordinates": [
          -73.948969,
          40.730703
        ]
      },
      "properties": {
        "source_id": "dot_automated_traffic_counts_archive_20260915",
        "measure_id": "dot_monthly_sampled_traffic_volume",
        "segment_id": 35517,
        "borough": "Brooklyn",
        "direction": "EB",
        "month": "2025-11",
        "mean_observed_15_min_volume": 86.543403,
        "max_observed_15_min_volume": 176,
        "observation_count": 576,
        "observed_days": 6,
        "count_sessions": 1,
        "street": "GREENPOINT AVENUE",
        "from_street": "Provost Street",
        "to_street": "Jewel Street"
      }
    },
    {
      "type": "Feature",
      "geometry": {
        "type": "Point",
        "coordinates": [
          -73.948969,
          40.730703
        ]
      },
      "properties": {
        "source_id": "dot_automated_traffic_counts_archive_20260915",
        "measure_id": "dot_monthly_sampled_traffic_volume",
        "segment_id": 35517,
        "borough": "Brooklyn",
        "direction": "WB",
        "month": "2025-11",
        "mean_observed_15_min_volume": 85.020833,
        "max_observed_15_min_volume": 186,
        "observation_count": 576,
        "observed_days": 6,
        "count_sessions": 1,
        "street": "GREENPOINT AVENUE",
        "from_street": "Provost Street",
        "to_street": "Jewel Street"
      }
    },
    {
      "type": "Feature",
      "geometry": {
        "type": "Point",
        "coordinates": [
          -73.963646,
          40.761556
        ]
      },
      "properties": {
        "source_id": "dot_automated_traffic_counts_archive_20260915",
        "measure_id": "dot_monthly_sampled_traffic_volume",
        "segment_id": 36375,
        "borough": "Manhattan",
        "direction": "SB",
        "month": "2025-11",
        "mean_observed_15_min_volume": 320.427083,
        "max_observed_15_min_volume": 477,
        "observation_count": 96,
        "observed_days": 1,
        "count_sessions": 1,
        "street": "2 AVENUE",
        "from_street": "Astoria Line",
        "to_street": "East 61 Street"
      }
    },
    {
      "type": "Feature",
      "geometry": {
        "type": "Point",
        "coordinates": [
          -73.9929,
          40.773415
        ]
      },
      "properties": {
        "source_id": "dot_automated_traffic_counts_archive_20260915",
        "measure_id": "dot_monthly_sampled_traffic_volume",
        "segment_id": 9009491,
        "borough": "Manhattan",
        "direction": "NB",
        "month": "2025-11",
        "mean_observed_15_min_volume": 523.416667,
        "max_observed_15_min_volume": 824,
        "observation_count": 96,
        "observed_days": 1,
        "count_sessions": 1,
        "street": "12 AVENUE",
        "from_street": "Dead End",
        "to_street": "Dead end"
      }
    },
    {
      "type": "Feature",
      "geometry": {
        "type": "Point",
        "coordinates": [
          -73.996997,
          40.706116
        ]
      },
      "properties": {
        "source_id": "dot_automated_traffic_counts_archive_20260915",
        "measure_id": "dot_monthly_sampled_traffic_volume",
        "segment_id": 9014212,
        "borough": "Manhattan",
        "direction": "SB",
        "month": "2025-11",
        "mean_observed_15_min_volume": 584,
        "max_observed_15_min_volume": 885,
        "observation_count": 288,
        "observed_days": 3,
        "count_sessions": 1,
        "street": "BROOKLYN BRIDGE",
        "from_street": "Dead End",
        "to_street": "East River Shoreline"
      }
    },
    {
      "type": "Feature",
      "geometry": {
        "type": "Point",
        "coordinates": [
          -73.99687,
          40.706194
        ]
      },
      "properties": {
        "source_id": "dot_automated_traffic_counts_archive_20260915",
        "measure_id": "dot_monthly_sampled_traffic_volume",
        "segment_id": 9014216,
        "borough": "Manhattan",
        "direction": "NB",
        "month": "2025-11",
        "mean_observed_15_min_volume": 508.802083,
        "max_observed_15_min_volume": 759,
        "observation_count": 288,
        "observed_days": 3,
        "count_sessions": 1,
        "street": "BROOKLYN BRIDGE",
        "from_street": "Dead End",
        "to_street": "East River Shoreline"
      }
    },
    {
      "type": "Feature",
      "geometry": {
        "type": "Point",
        "coordinates": [
          -73.925215,
          40.804983
        ]
      },
      "properties": {
        "source_id": "dot_automated_traffic_counts_archive_20260915",
        "measure_id": "dot_monthly_sampled_traffic_volume",
        "segment_id": 111532,
        "borough": "Bronx",
        "direction": "EB",
        "month": "2025-12",
        "mean_observed_15_min_volume": 261.479167,
        "max_observed_15_min_volume": 466,
        "observation_count": 864,
        "observed_days": 9,
        "count_sessions": 1,
        "street": "EAST 132 STREET",
        "from_street": "Dead End",
        "to_street": "Dead end"
      }
    },
    {
      "type": "Feature",
      "geometry": {
        "type": "Point",
        "coordinates": [
          -73.860091,
          40.833339
        ]
      },
      "properties": {
        "source_id": "dot_automated_traffic_counts_archive_20260915",
        "measure_id": "dot_monthly_sampled_traffic_volume",
        "segment_id": 122281,
        "borough": "Bronx",
        "direction": "WB",
        "month": "2025-12",
        "mean_observed_15_min_volume": 112.321429,
        "max_observed_15_min_volume": 291,
        "observation_count": 672,
        "observed_days": 7,
        "count_sessions": 1,
        "street": "WESTCHESTER AVENUE",
        "from_street": "Hugh J Grant Circle",
        "to_street": "Hugh J Grant Circle"
      }
    },
    {
      "type": "Feature",
      "geometry": {
        "type": "Point",
        "coordinates": [
          -73.861482,
          40.833547
        ]
      },
      "properties": {
        "source_id": "dot_automated_traffic_counts_archive_20260915",
        "measure_id": "dot_monthly_sampled_traffic_volume",
        "segment_id": 177943,
        "borough": "Bronx",
        "direction": "NB",
        "month": "2025-12",
        "mean_observed_15_min_volume": 78.008333,
        "max_observed_15_min_volume": 236,
        "observation_count": 480,
        "observed_days": 5,
        "count_sessions": 1,
        "street": "VIRGINIA AVENUE",
        "from_street": "Hugh J Grant Circle",
        "to_street": "Cross Bronx Expressway"
      }
    },
    {
      "type": "Feature",
      "geometry": {
        "type": "Point",
        "coordinates": [
          -73.924849,
          40.806511
        ]
      },
      "properties": {
        "source_id": "dot_automated_traffic_counts_archive_20260915",
        "measure_id": "dot_monthly_sampled_traffic_volume",
        "segment_id": 276694,
        "borough": "Bronx",
        "direction": "NB",
        "month": "2025-12",
        "mean_observed_15_min_volume": 271.956019,
        "max_observed_15_min_volume": 434,
        "observation_count": 864,
        "observed_days": 9,
        "count_sessions": 1,
        "street": "MDE NB ENTRANCE WILLIS AVENUE BR",
        "from_street": "Bruckner Boulevard",
        "to_street": "Dead end"
      }
    },
    {
      "type": "Feature",
      "geometry": {
        "type": "Point",
        "coordinates": [
          -73.966127,
          40.689674
        ]
      },
      "properties": {
        "source_id": "dot_automated_traffic_counts_archive_20260915",
        "measure_id": "dot_monthly_sampled_traffic_volume",
        "segment_id": 30283,
        "borough": "Brooklyn",
        "direction": "WB",
        "month": "2025-12",
        "mean_observed_15_min_volume": 84.716435,
        "max_observed_15_min_volume": 148,
        "observation_count": 864,
        "observed_days": 9,
        "count_sessions": 1,
        "street": "DEKALB AVENUE",
        "from_street": "Washington Avenue",
        "to_street": "Hall Street"
      }
    },
    {
      "type": "Feature",
      "geometry": {
        "type": "Point",
        "coordinates": [
          -73.993026,
          40.72986
        ]
      },
      "properties": {
        "source_id": "dot_automated_traffic_counts_archive_20260915",
        "measure_id": "dot_monthly_sampled_traffic_volume",
        "segment_id": 32759,
        "borough": "Manhattan",
        "direction": "SB",
        "month": "2025-12",
        "mean_observed_15_min_volume": 192.61875,
        "max_observed_15_min_volume": 327,
        "observation_count": 480,
        "observed_days": 5,
        "count_sessions": 1,
        "street": "BROADWAY",
        "from_street": "Broadway Line",
        "to_street": "Astor Place"
      }
    },
    {
      "type": "Feature",
      "geometry": {
        "type": "Point",
        "coordinates": [
          -73.992012,
          40.729951
        ]
      },
      "properties": {
        "source_id": "dot_automated_traffic_counts_archive_20260915",
        "measure_id": "dot_monthly_sampled_traffic_volume",
        "segment_id": 32762,
        "borough": "Manhattan",
        "direction": "EB",
        "month": "2025-12",
        "mean_observed_15_min_volume": 7.370833,
        "max_observed_15_min_volume": 20,
        "observation_count": 480,
        "observed_days": 5,
        "count_sessions": 1,
        "street": "ASTOR PLACE",
        "from_street": "Broadway",
        "to_street": "Lafayette Street"
      }
    },
    {
      "type": "Feature",
      "geometry": {
        "type": "Point",
        "coordinates": [
          -73.992012,
          40.729951
        ]
      },
      "properties": {
        "source_id": "dot_automated_traffic_counts_archive_20260915",
        "measure_id": "dot_monthly_sampled_traffic_volume",
        "segment_id": 32762,
        "borough": "Manhattan",
        "direction": "WB",
        "month": "2025-12",
        "mean_observed_15_min_volume": 13.05625,
        "max_observed_15_min_volume": 29,
        "observation_count": 480,
        "observed_days": 5,
        "count_sessions": 1,
        "street": "ASTOR PLACE",
        "from_street": "Broadway",
        "to_street": "Lafayette Street"
      }
    }
  ]
}
