{"vintage":"2023 disadvantaged-communities criteria (archived layer); the 2025 Version 2.0 update makes a current-designation claim unsupportable","geography_label":"census tract polygons clipped to New York City","properties":["GEOID","County","Pop_Cnt","Vulner_Pct","Traff_Veh","Asthma","PM25"],"aggregation":"geometry simplified with a 0.0004 degree tolerance, topology preserved, for display only","features":[{"type":"Feature","geometry":{"type":"Polygon","coordinates":[[[-73.7920290001574,40.7110690002396],[-73.7890120001909,40.7120730001493],[-73.7853530003419,40.7122839999658],[-73.7844100001606,40.7102769998409],[-73.785304999763,40.7100630002489],[-73.7842899996117,40.7079309998188],[-73.7897500003328,40.7071709997166],[-73.7920290001574,40.7110690002396]]]},"properties":{"GEOID":"36081046200","County":"Queens","Pop_Cnt":6907,"Vulner_Pct":85.8339,"Traff_Veh":72.8358834625865,"Asthma":80.2396468362413,"PM25":54.6072974644403}},{"type":"Feature","geometry":{"type":"Polygon","coordinates":[[[-73.8746849998789,40.7433489999257],[-73.8719459997466,40.746907999669],[-73.8713630003138,40.7442709999959],[-73.8680860000562,40.745601000026],[-73.8674910000295,40.7433019996964],[-73.8705930003848,40.7423789999891],[-73.8734849997796,40.7425009999351],[-73.8746849998789,40.7433489999257]]]},"properties":{"GEOID":"36081046300","County":"Queens","Pop_Cnt":3836,"Vulner_Pct":70.6005,"Traff_Veh":35.548103123035,"Asthma":56.7584612150515,"PM25":70.7276850133993}},{"type":"Feature","geometry":{"type":"Polygon","coordinates":[[[-73.8723730004422,40.7488519998439],[-73.8694250000727,40.749156999889],[-73.8680860000562,40.745601000026],[-73.8713630003138,40.7442709999959],[-73.8723730004422,40.7488519998439]]]},"properties":{"GEOID":"36081046500","County":"Queens","Pop_Cnt":4172,"Vulner_Pct":73.5091,"Traff_Veh":55.5019911968141,"Asthma":56.7584612150515,"PM25":70.7070707070707}},{"type":"Feature","geometry":{"type":"Polygon","coordinates":[[[-73.8782419996206,40.7423970000845],[-73.8733030002047,40.7487580003245],[-73.8723730004422,40.7488519998439],[-73.8719459997466,40.746907999669],[-73.8746580001147,40.7432680002773],[-73.8782419996206,40.7423970000845]]]},"properties":{"GEOID":"36081046700","County":"Queens","Pop_Cnt":5895,"Vulner_Pct":76.2084,"Traff_Veh":34.772584363865,"Asthma":56.7584612150515,"PM25":72.0676149247578}},{"type":"Feature","geometry":{"type":"Polygon","coordinates":[[[-73.8810040002173,40.7418409999569],[-73.8762520003992,40.7484390002553],[-73.8733030002047,40.7487580003245],[-73.8788600001119,40.7417460002304],[-73.880277999771,40.7412969999806],[-73.8810040002173,40.7418409999569]]]},"properties":{"GEOID":"36081046900","County":"Queens","Pop_Cnt":8207,"Vulner_Pct":77.4848,"Traff_Veh":39.6143366170614,"Asthma":56.7584612150515,"PM25":72.8097299525871}},{"type":"Feature","geometry":{"type":"Polygon","coordinates":[[[-73.7805889999299,40.7134279998809],[-73.7771230004248,40.7142620000834],[-73.7753740003295,40.711677999886],[-73.7744999997452,40.7119460002375],[-73.7731389999875,40.7099230000418],[-73.7790480002471,40.7087100000981],[-73.7805889999299,40.7134279998809]]]},"properties":{"GEOID":"36081047000","County":"Queens","Pop_Cnt":3197,"Vulner_Pct":87.8845,"Traff_Veh":66.6317333892266,"Asthma":80.2396468362413,"PM25":53.3292104720676}},{"type":"Feature","geometry":{"type":"Polygon","coordinates":[[[-73.9385900002459,40.7668169998571],[-73.935949000023,40.7675780000031],[-73.9303650003516,40.7644909999551],[-73.9313500003657,40.7632749999628],[-73.9294539999574,40.7623659999056],[-73.9305479997514,40.7612229997929],[-73.9370050001822,40.7642399997456],[-73.9360050000994,40.765885000047],[-73.9385900002459,40.7668169998571]]]},"properties":{"GEOID":"36081004500","County":"Queens","Pop_Cnt":3194,"Vulner_Pct":49.6966,"Traff_Veh":54.1605533431146,"Asthma":59.764557494219,"PM25":84.6423417851989}},{"type":"Feature","geometry":{"type":"Polygon","coordinates":[[[-73.9367909999219,40.759883000291],[-73.9339809996446,40.7628260001485],[-73.9296509996009,40.7607980002432],[-73.9321520000817,40.7577100000566],[-73.9367909999219,40.759883000291]]]},"properties":{"GEOID":"36081004700","County":"Queens","Pop_Cnt":3665,"Vulner_Pct":81.9209,"Traff_Veh":41.1863341018654,"Asthma":59.764557494219,"PM25":84.8484848484848}},{"type":"Feature","geometry":{"type":"Polygon","coordinates":[[[-73.9321520000817,40.7577100000566],[-73.9296509996009,40.7607980002432],[-73.9305479997514,40.7612229997929],[-73.9294539999574,40.7623659999056],[-73.9313500003657,40.7632749999628],[-73.9303650003516,40.7644909999551],[-73.9261879995705,40.7623509996814],[-73.9293009997965,40.7585039999296],[-73.9277030002123,40.7577529999275],[-73.928956000015,40.7562130002501],[-73.9321520000817,40.7577100000566]]]},"properties":{"GEOID":"36081005300","County":"Queens","Pop_Cnt":5092,"Vulner_Pct":55.7648,"Traff_Veh":42.3181722909243,"Asthma":59.764557494219,"PM25":83.4054834054834}},{"type":"Feature","geometry":{"type":"Polygon","coordinates":[[[-73.8626660004164,40.743410000058],[-73.8611869997596,40.7419849997064],[-73.8594490004334,40.7430359999737],[-73.8564540002081,40.7403630000013],[-73.8582359999153,40.7389230003276],[-73.8600720000492,40.7383729996888],[-73.8626660004164,40.743410000058]]]},"properties":{"GEOID":"36081044301","County":"Queens","Pop_Cnt":3719,"Vulner_Pct":94.7479,"Traff_Veh":71.2429260113184,"Asthma":62.9598486441034,"PM25":67.1820243248815}},{"type":"Feature","geometry":{"type":"Polygon","coordinates":[[[-73.8600720000492,40.7383729996888],[-73.8582359999153,40.7389230003276],[-73.8563820002381,40.7404219997774],[-73.85312900027,40.7393739999901],[-73.8541810002312,40.7369539997199],[-73.8587709996676,40.7357849998758],[-73.8600720000492,40.7383729996888]]]},"properties":{"GEOID":"36081043702","County":"Queens","Pop_Cnt":7125,"Vulner_Pct":84.0552,"Traff_Veh":97.8620834206665,"Asthma":62.9598486441034,"PM25":66.4192949907236}},{"type":"Feature","geometry":{"type":"Polygon","coordinates":[[[-73.8717730003926,40.7646250000638],[-73.8674919998544,40.7656880000964],[-73.8634959997215,40.7615579997],[-73.8643350001458,40.761142999677],[-73.8713549999179,40.7623320000276],[-73.8717730003926,40.7646250000638]]]},"properties":{"GEOID":"36081036700","County":"Queens","Pop_Cnt":2178,"Vulner_Pct":85.1852,"Traff_Veh":83.6931460909663,"Asthma":69.6657557284002,"PM25":69.5732838589982}},{"type":"Feature","geometry":{"type":"Polygon","coordinates":[[[-73.8682550001106,40.7618059998984],[-73.8633919999644,40.760978000112],[-73.8628069999834,40.7577590001605],[-73.8674630004404,40.7574420002658],[-73.8682550001106,40.7618059998984]]]},"properties":{"GEOID":"36081036500","County":"Queens","Pop_Cnt":2992,"Vulner_Pct":86.8592,"Traff_Veh":81.8696290085936,"Asthma":69.6657557284002,"PM25":69.5114409400124}},{"type":"Feature","geometry":{"type":"Polygon","coordinates":[[[-73.8674919998544,40.7656880000964],[-73.8652740001291,40.7669389998708],[-73.8640780002278,40.765749000147],[-73.863123000351,40.7663019999915],[-73.8597559996817,40.761835999909],[-73.860522000311,40.7614259999524],[-73.8615630004016,40.762648000225],[-73.8634959997215,40.7615579997],[-73.8674919998544,40.7656880000964]]]},"properties":{"GEOID":"36081037100","County":"Queens","Pop_Cnt":1335,"Vulner_Pct":77.4639,"Traff_Veh":98.6585621463006,"Asthma":69.6657557284002,"PM25":68.6044114615543}},{"type":"Feature","geometry":{"type":"Polygon","coordinates":[[[-73.8641870000077,40.761177999697],[-73.8615630004016,40.762648000225],[-73.860522000311,40.7614259999524],[-73.8597559996817,40.761835999909],[-73.8544959998755,40.7582790001487],[-73.8628069999834,40.7577590001605],[-73.8633919999644,40.760978000112],[-73.8641870000077,40.761177999697]]]},"properties":{"GEOID":"36081037300","County":"Queens","Pop_Cnt":2255,"Vulner_Pct":73.0278,"Traff_Veh":97.9668832529868,"Asthma":69.6657557284002,"PM25":67.2232529375386}},{"type":"Feature","geometry":{"type":"Polygon","coordinates":[[[-73.861905999635,40.7577950001861],[-73.8544959998755,40.7582790001487],[-73.8531259998969,40.7551090001647],[-73.857813000316,40.7540140002957],[-73.8612110000491,40.7539339996698],[-73.861905999635,40.7577950001861]]]},"properties":{"GEOID":"36081038100","County":"Queens","Pop_Cnt":7216,"Vulner_Pct":83.0927,"Traff_Veh":91.0710542863131,"Asthma":59.281059491276,"PM25":66.9964955679241}},{"type":"Feature","geometry":{"type":"Polygon","coordinates":[[[-73.9378579999518,40.7740879998947],[-73.936088999765,40.777184000128],[-73.9302640000693,40.7754680000445],[-73.9310459996938,40.7739809997243],[-73.931817000346,40.7742140002368],[-73.9342459999585,40.7710290000178],[-73.9374660003146,40.7725039998946],[-73.9378579999518,40.7740879998947]]]},"properties":{"GEOID":"36081008700","County":"Queens","Pop_Cnt":4052,"Vulner_Pct":93.8481,"Traff_Veh":18.1303709914064,"Asthma":78.1374816060542,"PM25":82.9931972789116}},{"type":"Feature","geometry":{"type":"Polygon","coordinates":[[[-73.9358550003116,40.7772120000535],[-73.9347439999008,40.7780760002172],[-73.9318469995849,40.7778919998706],[-73.9298809997547,40.7762219998406],[-73.9282770003227,40.7768990003353],[-73.9239809997159,40.7746150001077],[-73.9249280000951,40.7734890002643],[-73.9290399996806,40.7751730003386],[-73.9298790001048,40.7736100002467],[-73.9310459996938,40.7739809997243],[-73.9302640000693,40.7754680000445],[-73.9358550003116,40.7772120000535]]]},"properties":{"GEOID":"36081009100","County":"Queens","Pop_Cnt":2303,"Vulner_Pct":55.5346,"Traff_Veh":82.0792286732341,"Asthma":78.1374816060542,"PM25":82.1067821067821}},{"type":"Feature","geometry":{"type":"Polygon","coordinates":[[[-73.9333670002496,40.7689120002595],[-73.9312780003957,40.7715159997134],[-73.9264729999759,40.76927099969],[-73.928555999982,40.7667140000672],[-73.9333670002496,40.7689120002595]]]},"properties":{"GEOID":"36081007900","County":"Queens","Pop_Cnt":2685,"Vulner_Pct":71.6259,"Traff_Veh":45.8394466568853,"Asthma":78.1374816060542,"PM25":83.1374974232117}},{"type":"Feature","geometry":{"type":"Polygon","coordinates":[[[-73.9361840001996,40.7676919997322],[-73.9338359998796,40.7719079997476],[-73.9326850001842,40.7727000000075],[-73.9301259999771,40.7721140000743],[-73.9312780003957,40.7715159997134],[-73.9349349996966,40.7670129997365],[-73.9361840001996,40.7676919997322]]]},"properties":{"GEOID":"36081008100","County":"Queens","Pop_Cnt":1269,"Vulner_Pct":54.5512,"Traff_Veh":39.6562565499895,"Asthma":78.1374816060542,"PM25":83.6528550814265}},{"type":"Feature","geometry":{"type":"Polygon","coordinates":[[[-73.9326850001842,40.7727000000075],[-73.931817000346,40.7742140002368],[-73.9298790001048,40.7736100002467],[-73.9290399996806,40.7751730003386],[-73.9249280000951,40.7734890002643],[-73.9278069999694,40.7698890001492],[-73.9312780003957,40.7715159997134],[-73.9301259999771,40.7721140000743],[-73.9326850001842,40.7727000000075]]]},"properties":{"GEOID":"36081008300","County":"Queens","Pop_Cnt":2409,"Vulner_Pct":68.6545,"Traff_Veh":59.9874240201216,"Asthma":78.1374816060542,"PM25":82.5809111523397}},{"type":"Feature","geometry":{"type":"Polygon","coordinates":[[[-73.8395290000435,40.6812630000871],[-73.8369749998592,40.6819880000158],[-73.8380779998741,40.6842390001883],[-73.8359510003854,40.6848439999271],[-73.8333250002311,40.6786569997319],[-73.8395209996476,40.6799619998463],[-73.8395290000435,40.6812630000871]]]},"properties":{"GEOID":"36081009400","County":"Queens","Pop_Cnt":2769,"Vulner_Pct":81.7954,"Traff_Veh":46.9712848459442,"Asthma":70.191297035947,"PM25":62.0490620490621}},{"type":"Feature","geometry":{"type":"Polygon","coordinates":[[[-73.9239809997159,40.7746150001077],[-73.923025999839,40.775384000068],[-73.9237580001331,40.7765469998228],[-73.9226490002704,40.7774230001094],[-73.9170770002947,40.7734749998585],[-73.9188969996367,40.771984999677],[-73.9195850004482,40.7724689997164],[-73.9200759998196,40.7720669997687],[-73.9239809997159,40.7746150001077]]]},"properties":{"GEOID":"36081009500","County":"Queens","Pop_Cnt":2276,"Vulner_Pct":50.9312,"Traff_Veh":93.9006497589604,"Asthma":51.1877233550557,"PM25":81.0348381776953}},{"type":"Feature","geometry":{"type":"Polygon","coordinates":[[[-73.8359510003854,40.6848439999271],[-73.826702000119,40.6874729999797],[-73.8259370002129,40.6859369999912],[-73.8294599996195,40.6854000000732],[-73.8350559998847,40.6830150002083],[-73.8359510003854,40.6848439999271]]]},"properties":{"GEOID":"36081009800","County":"Queens","Pop_Cnt":2705,"Vulner_Pct":82.1929,"Traff_Veh":25.2567595891847,"Asthma":70.191297035947,"PM25":60.7709750566893}},{"type":"Feature","geometry":{"type":"Polygon","coordinates":[[[-73.8877310000865,40.7669150002092],[-73.8761190003298,40.7716290001133],[-73.8763879999433,40.7689999999601],[-73.8749960002235,40.7612639996873],[-73.8779730000071,40.761794999687],[-73.8782860000015,40.7635149998076],[-73.8789830001355,40.7638849996849],[-73.8790729996489,40.7678359999699],[-73.8875519999863,40.7663499997486],[-73.8877310000865,40.7669150002092]]]},"properties":{"GEOID":"36081034700","County":"Queens","Pop_Cnt":2966,"Vulner_Pct":83.4066,"Traff_Veh":89.855376231398,"Asthma":57.326045827202,"PM25":73.0777159348588}},{"type":"Feature","geometry":{"type":"Polygon","coordinates":[[[-73.8760139998495,40.7614440003355],[-73.8749960002235,40.7612639996873],[-73.8753130004159,40.7630079996614],[-73.8732520001511,40.7626569999115],[-73.8722189995581,40.7569430002497],[-73.8751390003386,40.7566340000855],[-73.8760139998495,40.7614440003355]]]},"properties":{"GEOID":"36081035300","County":"Queens","Pop_Cnt":2273,"Vulner_Pct":86.2524,"Traff_Veh":76.944036889541,"Asthma":69.6657557284002,"PM25":71.6141001855288}},{"type":"Feature","geometry":{"type":"Polygon","coordinates":[[[-73.8598829999033,40.7434149997428],[-73.8587770004137,40.7433259997163],[-73.8586810001542,40.744031000095],[-73.8549500003353,40.7433340001747],[-73.8523579996178,40.7413749998125],[-73.85312900027,40.7393739999901],[-73.8564540002081,40.7403630000013],[-73.8598829999033,40.7434149997428]]]},"properties":{"GEOID":"36081043900","County":"Queens","Pop_Cnt":3610,"Vulner_Pct":86.901,"Traff_Veh":78.0758750785999,"Asthma":62.9598486441034,"PM25":66.1100803957947}},{"type":"Feature","geometry":{"type":"Polygon","coordinates":[[[-73.7911560002963,40.702294000307],[-73.7825659996308,40.7054250002012],[-73.7803450004308,40.7054120001354],[-73.7778420003001,40.7032169996672],[-73.7804500000128,40.7022799998921],[-73.7816559999598,40.7025980002236],[-73.7827570003248,40.7007449997913],[-73.7883870000269,40.6997199999681],[-73.7911560002963,40.702294000307]]]},"properties":{"GEOID":"36081044000","County":"Queens","Pop_Cnt":3980,"Vulner_Pct":82.2976,"Traff_Veh":62.9846992244812,"Asthma":89.3210006306496,"PM25":53.9476396619254}},{"type":"Feature","geometry":{"type":"Polygon","coordinates":[[[-73.8016569996422,40.7057610002903],[-73.7963170003683,40.7077230001583],[-73.7937919995981,40.704031999768],[-73.7999200001408,40.7024739998338],[-73.8016569996422,40.7057610002903]]]},"properties":{"GEOID":"36081044601","County":"Queens","Pop_Cnt":3361,"Vulner_Pct":89.5794,"Traff_Veh":67.1347725843639,"Asthma":80.2396468362413,"PM25":55.7823129251701}},{"type":"Feature","geometry":{"type":"Polygon","coordinates":[[[-73.9521009998856,40.811441999836],[-73.9483559998229,40.8163740001012],[-73.9470340004232,40.8158300003325],[-73.9506799998534,40.8108429998739],[-73.9521009998856,40.811441999836]]]},"properties":{"GEOID":"36061021500","County":"New York","Pop_Cnt":4396,"Vulner_Pct":79.6819,"Traff_Veh":67.197652483756,"Asthma":99.5795669539626,"PM25":79.3856936714079}},{"type":"Feature","geometry":{"type":"Polygon","coordinates":[[[-73.9451549997333,40.8208760002441],[-73.9405950004342,40.8264140001629],[-73.9396020000241,40.8260019999601],[-73.943778000082,40.8202939998688],[-73.9451549997333,40.8208760002441]]]},"properties":{"GEOID":"36061025900","County":"New York","Pop_Cnt":3731,"Vulner_Pct":72.1071,"Traff_Veh":63.2152588555858,"Asthma":99.5795669539626,"PM25":76.6646052360338}},{"type":"Feature","geometry":{"type":"Polygon","coordinates":[[[-74.1206360000577,40.6365730002003],[-74.1175489997709,40.6369540000236],[-74.1171989999665,40.6345680002227],[-74.1202390003976,40.6343000002161],[-74.1206360000577,40.6365730002003]]]},"properties":{"GEOID":"36085013301","County":"Richmond","Pop_Cnt":1095,"Vulner_Pct":99.8535,"Traff_Veh":39.3628170194928,"Asthma":90.9186462055918,"PM25":99.6289424860854}},{"type":"Feature","geometry":{"type":"Polygon","coordinates":[[[-73.9579930004268,40.8008270002893],[-73.9563210003244,40.8031149998094],[-73.9506360003708,40.8007199996732],[-73.9524830003753,40.7982529998041],[-73.9579930004268,40.8008270002893]]]},"properties":{"GEOID":"36061021600","County":"New York","Pop_Cnt":8773,"Vulner_Pct":70.5378,"Traff_Veh":59.8407042548732,"Asthma":97.9608997267185,"PM25":81.962481962482}},{"type":"Feature","geometry":{"type":"Polygon","coordinates":[[[-73.9544159996953,40.805724999998],[-73.9525849995842,40.80823799996],[-73.9468999996306,40.8058390002177],[-73.9487280002669,40.8033309997862],[-73.9544159996953,40.805724999998]]]},"properties":{"GEOID":"36061022000","County":"New York","Pop_Cnt":6078,"Vulner_Pct":72.9441,"Traff_Veh":60.7419828128275,"Asthma":97.9608997267185,"PM25":80.4782519068233}},{"type":"Feature","geometry":{"type":"Polygon","coordinates":[[[-73.941947999796,40.8429759999099],[-73.9405180004413,40.8453690003365],[-73.9346710001059,40.8429579998784],[-73.9364639996838,40.8404819999189],[-73.941947999796,40.8429759999099]]]},"properties":{"GEOID":"36061025300","County":"New York","Pop_Cnt":13572,"Vulner_Pct":86.7755,"Traff_Veh":87.7174596520646,"Asthma":82.1105738911078,"PM25":74.9536178107607}},{"type":"Feature","geometry":{"type":"Polygon","coordinates":[[[-73.9366610002256,40.850447999868],[-73.9357160003945,40.8523390002256],[-73.9365449998746,40.8526109997295],[-73.9360379997114,40.8549150000976],[-73.9309960003634,40.8530620002832],[-73.9342390002858,40.8486259999441],[-73.9363969997366,40.8495409996632],[-73.9357540000293,40.8501679998147],[-73.9366610002256,40.850447999868]]]},"properties":{"GEOID":"36061027100","County":"New York","Pop_Cnt":8806,"Vulner_Pct":71.7096,"Traff_Veh":89.9392160972542,"Asthma":72.6718520075678,"PM25":74.4382601525459}},{"type":"Feature","geometry":{"type":"Polygon","coordinates":[[[-73.9871649996594,40.7143119997538],[-73.9853439995942,40.7144619999015],[-73.9841889997008,40.7055819998012],[-73.986530000348,40.7049789997912],[-73.9871649996594,40.7143119997538]]]},"properties":{"GEOID":"36061000201","County":"New York","Pop_Cnt":2750,"Vulner_Pct":89.4539,"Traff_Veh":89.2475372039405,"Asthma":92.4952701282321,"PM25":97.4850546279118}},{"type":"Feature","geometry":{"type":"Polygon","coordinates":[[[-73.9853439995942,40.7144619999015],[-73.9824530000243,40.7146990002359],[-73.9759329998444,40.7129070003018],[-73.9727889996562,40.7093780002751],[-73.9792329996682,40.7057689998178],[-73.9841889997008,40.7055819998012],[-73.9853439995942,40.7144619999015]]]},"properties":{"GEOID":"36061000202","County":"New York","Pop_Cnt":7773,"Vulner_Pct":86.064,"Traff_Veh":92.6849717040453,"Asthma":92.4952701282321,"PM25":96.9490826633684}},{"type":"Feature","geometry":{"type":"Polygon","coordinates":[[[-73.992561999733,40.7143880001069],[-73.9871649996594,40.7143119997538],[-73.986530000348,40.7049789997912],[-73.9893809997349,40.7051370001376],[-73.9920749996613,40.7097709999507],[-73.992561999733,40.7143880001069]]]},"properties":{"GEOID":"36061000600","County":"New York","Pop_Cnt":9838,"Vulner_Pct":95.3756,"Traff_Veh":91.5112135820583,"Asthma":92.4952701282321,"PM25":98.0828695114409}},{"type":"Feature","geometry":{"type":"Polygon","coordinates":[[[-73.9805769997075,40.7164549996843],[-73.9787530001675,40.7199340002677],[-73.9736349997531,40.718611999789],[-73.9677160003461,40.7160400000695],[-73.9688610001937,40.7126499999045],[-73.9805769997075,40.7164549996843]]]},"properties":{"GEOID":"36061001002","County":"New York","Pop_Cnt":5157,"Vulner_Pct":94.7897,"Traff_Veh":94.6552085516663,"Asthma":92.4952701282321,"PM25":95.7740672026386}},{"type":"Feature","geometry":{"type":"Polygon","coordinates":[[[-73.9074870004448,40.847803999718],[-73.9060589998416,40.8493209996702],[-73.9019549997537,40.8480589997507],[-73.903739000009,40.8473279999762],[-73.9074870004448,40.847803999718]]]},"properties":{"GEOID":"36005023302","County":"Bronx","Pop_Cnt":3706,"Vulner_Pct":93.5133,"Traff_Veh":94.5923286522742,"Asthma":96.5944923270969,"PM25":70.5627705627706}},{"type":"Feature","geometry":{"type":"Polygon","coordinates":[[[-73.9850130000564,40.7154380003353],[-73.9833950003807,40.7185710001502],[-73.9824770003138,40.7182900003181],[-73.9831040001276,40.7171810002261],[-73.9789089998031,40.7159510001893],[-73.9799619995892,40.7139729998636],[-73.9850130000564,40.7154380003353]]]},"properties":{"GEOID":"36061001200","County":"New York","Pop_Cnt":4168,"Vulner_Pct":74.2415,"Traff_Veh":91.2177740515615,"Asthma":92.4952701282321,"PM25":97.0727685013399}},{"type":"Feature","geometry":{"type":"Polygon","coordinates":[[[-73.9264439996635,40.8164579998978],[-73.9240250000968,40.8192849998527],[-73.9206649999986,40.82183700012],[-73.9221179998178,40.8187960002793],[-73.9159909999983,40.8172109999287],[-73.9204819997005,40.8145640001423],[-73.9215830000655,40.8155500002124],[-73.9212449999567,40.8162199997445],[-73.9230929997861,40.8166979999933],[-73.9239999999824,40.8154389999105],[-73.9264439996635,40.8164579998978]]]},"properties":{"GEOID":"36005006500","County":"Bronx","Pop_Cnt":5377,"Vulner_Pct":97.4681,"Traff_Veh":66.9670928526514,"Asthma":99.7477401723775,"PM25":73.2220160791589}},{"type":"Feature","geometry":{"type":"Polygon","coordinates":[[[-73.8506780000179,40.8385749999224],[-73.8477980003187,40.840697000193],[-73.8445810003356,40.8385360003165],[-73.8473160002698,40.836263999879],[-73.8506780000179,40.8385749999224]]]},"properties":{"GEOID":"36005020200","County":"Bronx","Pop_Cnt":2385,"Vulner_Pct":93.9946,"Traff_Veh":46.3424858520226,"Asthma":88.438091233971,"PM25":62.0902906617192}},{"type":"Feature","geometry":{"type":"Polygon","coordinates":[[[-73.8907139997178,40.8324089999009],[-73.8887420000398,40.8357069997022],[-73.8835049997998,40.8339039998407],[-73.8822219998599,40.835462999965],[-73.8799830002182,40.8346800001337],[-73.8838870002896,40.829808999889],[-73.8907139997178,40.8324089999009]]]},"properties":{"GEOID":"36005015700","County":"Bronx","Pop_Cnt":4704,"Vulner_Pct":95.2919,"Traff_Veh":76.3781177950115,"Asthma":96.2371242379651,"PM25":67.0583384869099}},{"type":"Feature","geometry":{"type":"Polygon","coordinates":[[[-73.8845309998218,40.8256470003194],[-73.883832000038,40.8282710003187],[-73.8810460000501,40.8284319997343],[-73.8799299996165,40.8236409997327],[-73.8844110001712,40.8229699997345],[-73.8845309998218,40.8256470003194]]]},"properties":{"GEOID":"36005005200","County":"Bronx","Pop_Cnt":1956,"Vulner_Pct":91.63,"Traff_Veh":93.1880108991826,"Asthma":92.8736598696658,"PM25":66.295609152752}},{"type":"Feature","geometry":{"type":"Polygon","coordinates":[[[-73.9119270000933,40.843267000082],[-73.9111429999207,40.8450629999901],[-73.9093610002135,40.8450059999693],[-73.9095469999863,40.8430450003255],[-73.9119270000933,40.843267000082]]]},"properties":{"GEOID":"36005022703","County":"Bronx","Pop_Cnt":1688,"Vulner_Pct":90.9814,"Traff_Veh":99.4550408719346,"Asthma":96.5944923270969,"PM25":71.0162853019996}},{"type":"Feature","geometry":{"type":"Polygon","coordinates":[[[-73.9110440001865,40.8452099998531],[-73.9074870004448,40.847803999718],[-73.904621000091,40.8473919999235],[-73.9048510002447,40.8447260000257],[-73.9110440001865,40.8452099998531]]]},"properties":{"GEOID":"36005022901","County":"Bronx","Pop_Cnt":5743,"Vulner_Pct":95.9406,"Traff_Veh":98.9939216097254,"Asthma":96.5944923270969,"PM25":70.5833848690991}},{"type":"Feature","geometry":{"type":"Polygon","coordinates":[[[-73.8692090001626,40.8492389998629],[-73.8682350000192,40.8509129999026],[-73.868609000113,40.8520879998127],[-73.8652210004256,40.850178000104],[-73.863039999612,40.8506110002399],[-73.8625090000576,40.8483619997529],[-73.8683549996697,40.8470799997667],[-73.8678550000775,40.8488890001904],[-73.8692090001626,40.8492389998629]]]},"properties":{"GEOID":"36005023000","County":"Bronx","Pop_Cnt":2802,"Vulner_Pct":91.0651,"Traff_Veh":81.639069377489,"Asthma":86.9035106159344,"PM25":65.0381364667079}},{"type":"Feature","geometry":{"type":"Polygon","coordinates":[[[-73.8669470000564,40.8475020001556],[-73.8611929996074,40.8486030001649],[-73.8594400002125,40.8466589996945],[-73.8661190004011,40.8452229997745],[-73.8669470000564,40.8475020001556]]]},"properties":{"GEOID":"36005023200","County":"Bronx","Pop_Cnt":2476,"Vulner_Pct":92.1532,"Traff_Veh":51.561517501572,"Asthma":86.9035106159344,"PM25":64.4815501958359}},{"type":"Feature","geometry":{"type":"Polygon","coordinates":[[[-73.9059989995671,40.8493920000845],[-73.9018600002175,40.854585999927],[-73.9008519997388,40.8559369999941],[-73.9016960001859,40.8531419997399],[-73.9028610001251,40.8517240000287],[-73.9032810002496,40.8486919998276],[-73.9059989995671,40.8493920000845]]]},"properties":{"GEOID":"36005023502","County":"Bronx","Pop_Cnt":4153,"Vulner_Pct":96.6311,"Traff_Veh":83.588346258646,"Asthma":96.5944923270969,"PM25":70.1298701298701}},{"type":"Feature","geometry":{"type":"Polygon","coordinates":[[[-73.8689270001303,40.8468819998593],[-73.8669470000564,40.8475020001556],[-73.865166999999,40.8424659998405],[-73.8664249998245,40.8434629999284],[-73.8672969998607,40.842919000133],[-73.8688919999702,40.8444100003091],[-73.8680190001091,40.8448410001336],[-73.8689270001303,40.8468819998593]]]},"properties":{"GEOID":"36005023600","County":"Bronx","Pop_Cnt":1816,"Vulner_Pct":91.3789,"Traff_Veh":76.8392370572207,"Asthma":86.9035106159344,"PM25":65.2648938363224}},{"type":"Feature","geometry":{"type":"Polygon","coordinates":[[[-73.9056599996334,40.8573989999213],[-73.9035139998781,40.8609179999455],[-73.9025449997576,40.8605780002215],[-73.9010800002428,40.8627560001768],[-73.8996180002027,40.8621589997868],[-73.9039509997211,40.8549740000691],[-73.9055700001201,40.8557869997028],[-73.9046839998402,40.8570610000572],[-73.9056599996334,40.8573989999213]]]},"properties":{"GEOID":"36005023900","County":"Bronx","Pop_Cnt":7873,"Vulner_Pct":96.2544,"Traff_Veh":68.3923705722071,"Asthma":95.3542148412865,"PM25":70.3772418058132}},{"type":"Feature","geometry":{"type":"Polygon","coordinates":[[[-73.8735609999476,40.8397939999282],[-73.8709950000678,40.8431119999906],[-73.8688919999702,40.8444100003091],[-73.8672969998607,40.842919000133],[-73.8664249998245,40.8434629999284],[-73.8635800002854,40.8412779998758],[-73.8694259998976,40.8395170002142],[-73.8735609999476,40.8397939999282]]]},"properties":{"GEOID":"36005024000","County":"Bronx","Pop_Cnt":3903,"Vulner_Pct":88.2193,"Traff_Veh":88.660658142947,"Asthma":86.9035106159344,"PM25":64.9969078540507}},{"type":"Feature","geometry":{"type":"Polygon","coordinates":[[[-73.915452000048,40.8504940001762],[-73.9111959996242,40.8548219999899],[-73.9073329995607,40.8538160000078],[-73.9092149997253,40.8518009997969],[-73.9113220000209,40.8518049999501],[-73.9127310003575,40.8501700002804],[-73.915452000048,40.8504940001762]]]},"properties":{"GEOID":"36005024300","County":"Bronx","Pop_Cnt":5737,"Vulner_Pct":96.3381,"Traff_Veh":69.8805281911549,"Asthma":94.9337817952491,"PM25":71.3461142032571}},{"type":"Feature","geometry":{"type":"Polygon","coordinates":[[[-73.9212149998195,40.8546929999532],[-73.9192899999971,40.8574749997658],[-73.9174249995509,40.8567739998418],[-73.9172170000368,40.8560149997668],[-73.9161590002278,40.858784999902],[-73.9150789997791,40.8591929998068],[-73.9181669998908,40.8529830002408],[-73.9212149998195,40.8546929999532]]]},"properties":{"GEOID":"36005024700","County":"Bronx","Pop_Cnt":2058,"Vulner_Pct":88.0728,"Traff_Veh":99.1825613079019,"Asthma":94.9337817952491,"PM25":72.6860441146155}},{"type":"Feature","geometry":{"type":"Polygon","coordinates":[[[-73.9077729997767,40.8596079998695],[-73.9049340000854,40.8627489998768],[-73.9010800002428,40.8627560001768],[-73.9025449997576,40.8605780002215],[-73.9035139998781,40.8609179999455],[-73.9048679999632,40.858692999896],[-73.9077729997767,40.8596079998695]]]},"properties":{"GEOID":"36005025300","County":"Bronx","Pop_Cnt":6199,"Vulner_Pct":95.8569,"Traff_Veh":77.3003563194299,"Asthma":88.9636325415178,"PM25":70.5215419501134}},{"type":"Feature","geometry":{"type":"Polygon","coordinates":[[[-73.9132839996531,40.8596190001829],[-73.9105310001755,40.8608779998288],[-73.9090399998231,40.8626790002331],[-73.9049340000854,40.8627489998768],[-73.9098099997521,40.8573479997085],[-73.9109040004444,40.8587779998617],[-73.9132839996531,40.8596190001829]]]},"properties":{"GEOID":"36005025500","County":"Bronx","Pop_Cnt":7674,"Vulner_Pct":95.3965,"Traff_Veh":92.2867323412282,"Asthma":88.9636325415178,"PM25":71.2224283652855}},{"type":"Feature","geometry":{"type":"Polygon","coordinates":[[[-73.8557410001806,40.8431430003097],[-73.8511519996708,40.8443219999736],[-73.8521910001116,40.8456559996705],[-73.8490729998627,40.8470620001702],[-73.8462349999963,40.8444900000186],[-73.848068999582,40.8430719999958],[-73.8533350001343,40.8424699998777],[-73.8557410001806,40.8431430003097]]]},"properties":{"GEOID":"36005025600","County":"Bronx","Pop_Cnt":1696,"Vulner_Pct":90.6047,"Traff_Veh":72.1442045692727,"Asthma":86.9035106159344,"PM25":62.2139764996908}},{"type":"Feature","geometry":{"type":"Polygon","coordinates":[[[-73.8368679997291,40.8434729998704],[-73.8322349997367,40.8470219998414],[-73.8305419997179,40.8492180001113],[-73.8288550004453,40.8496900002659],[-73.82611299994,40.8453390000053],[-73.8304320001131,40.8438580002259],[-73.8368679997291,40.8434729998704]]]},"properties":{"GEOID":"36005026602","County":"Bronx","Pop_Cnt":5084,"Vulner_Pct":76.4595,"Traff_Veh":80.2557115908615,"Asthma":63.8217363884801,"PM25":60.1731601731602}},{"type":"Feature","geometry":{"type":"Polygon","coordinates":[[[-73.9192899999971,40.8574749997658],[-73.9143399998123,40.8625209998917],[-73.9107560003064,40.8616510000492],[-73.9090399998231,40.8626790002331],[-73.9107570001313,40.8607400000559],[-73.9161590002278,40.858784999902],[-73.9172170000368,40.8560149997668],[-73.9174249995509,40.8567739998418],[-73.9192899999971,40.8574749997658]]]},"properties":{"GEOID":"36005025700","County":"Bronx","Pop_Cnt":1999,"Vulner_Pct":84.118,"Traff_Veh":99.1196814085097,"Asthma":94.9337817952491,"PM25":72.1913007627293}},{"type":"Feature","geometry":{"type":"Polygon","coordinates":[[[-73.8376300001604,40.8402930000471],[-73.8368679997291,40.8434729998704],[-73.8304320001131,40.8438580002259],[-73.82611299994,40.8453390000053],[-73.8260839996277,40.8413720003307],[-73.8287669996834,40.8409649997858],[-73.8350070003792,40.8381069997391],[-73.8376300001604,40.8402930000471]]]},"properties":{"GEOID":"36005026400","County":"Bronx","Pop_Cnt":4868,"Vulner_Pct":83.574,"Traff_Veh":83.8608258226787,"Asthma":78.9783476981291,"PM25":60.1937744794888}},{"type":"Feature","geometry":{"type":"Polygon","coordinates":[[[-73.9033220002575,40.8653109997915],[-73.9011399996189,40.8682800001242],[-73.8995300003392,40.8678810001803],[-73.8995999997611,40.8689269998997],[-73.8989179996957,40.8696579997958],[-73.8965610000532,40.8685650001649],[-73.9010800002428,40.8627560001768],[-73.9033189998845,40.862734999954],[-73.901944999708,40.8645529997246],[-73.9033220002575,40.8653109997915]]]},"properties":{"GEOID":"36005026500","County":"Bronx","Pop_Cnt":7851,"Vulner_Pct":91.7137,"Traff_Veh":79.1238734018026,"Asthma":88.9636325415178,"PM25":70.4596990311276}},{"type":"Feature","geometry":{"type":"Polygon","coordinates":[[[-73.9143399998123,40.8625209998917],[-73.9098039999043,40.868282000043],[-73.9091050001205,40.8716759999823],[-73.9070000003731,40.8734550000844],[-73.9044999997171,40.8725339998089],[-73.9044829999987,40.8705660002978],[-73.9036679998639,40.8694950000962],[-73.9071340002674,40.8679220001083],[-73.9088259995629,40.8648539996811],[-73.9090399998231,40.8626790002331],[-73.9107560003064,40.8616510000492],[-73.9143399998123,40.8625209998917]]]},"properties":{"GEOID":"36005026900","County":"Bronx","Pop_Cnt":3703,"Vulner_Pct":85.9594,"Traff_Veh":98.2812827499476,"Asthma":88.9636325415178,"PM25":71.4285714285714}},{"type":"Feature","geometry":{"type":"Polygon","coordinates":[[[-73.9061619997738,40.8732429997895],[-73.9047080001296,40.8765619997084],[-73.9031309995635,40.8758420002964],[-73.9006120004376,40.8773069997761],[-73.8995799996696,40.8766080002216],[-73.9013749997956,40.8748259996765],[-73.9025380000849,40.8707829999419],[-73.9036679998639,40.8694950000962],[-73.9044829999987,40.8705660002978],[-73.9044999997171,40.8725339998089],[-73.9061619997738,40.8732429997895]]]},"properties":{"GEOID":"36005027300","County":"Bronx","Pop_Cnt":7778,"Vulner_Pct":89.684,"Traff_Veh":96.1433661706141,"Asthma":83.224721463107,"PM25":70.2947845804989}},{"type":"Feature","geometry":{"type":"Polygon","coordinates":[[[-73.9047080001296,40.8765619997084],[-73.9038100001542,40.8785459998911],[-73.901575999637,40.8809949997873],[-73.9006070004148,40.8804710000808],[-73.8990399998944,40.8815440001937],[-73.8996130001798,40.8787559999031],[-73.898064999926,40.8785009998504],[-73.8995799996696,40.8766080002216],[-73.9006120004376,40.8773069997761],[-73.9031309995635,40.8758420002964],[-73.9047080001296,40.8765619997084]]]},"properties":{"GEOID":"36005027700","County":"Bronx","Pop_Cnt":4660,"Vulner_Pct":94.3712,"Traff_Veh":97.1913644938168,"Asthma":83.224721463107,"PM25":69.8412698412698}},{"type":"Feature","geometry":{"type":"Polygon","coordinates":[[[-73.9105370000233,40.8805689997191],[-73.9080120001513,40.8824000003225],[-73.9039370003758,40.8801340002449],[-73.9071979998415,40.8763890002974],[-73.9103100002426,40.8790469998179],[-73.9096780004059,40.8795150001837],[-73.9105370000233,40.8805689997191]]]},"properties":{"GEOID":"36005028900","County":"Bronx","Pop_Cnt":4807,"Vulner_Pct":76.7525,"Traff_Veh":92.5382519387969,"Asthma":61.067899936935,"PM25":70.2741702741703}},{"type":"Feature","geometry":{"type":"Polygon","coordinates":[[[-73.901575999637,40.8809949997873],[-73.8968389998875,40.8859860000232],[-73.8941640002277,40.8852799998017],[-73.8927189999061,40.8826640000138],[-73.8943480003508,40.8830059999157],[-73.89612599986,40.8821619998681],[-73.8968489999333,40.8797019999895],[-73.898064999926,40.8785009998504],[-73.8996130001798,40.8787559999031],[-73.8990399998944,40.8815440001937],[-73.9006070004148,40.8804710000808],[-73.901575999637,40.8809949997873]]]},"properties":{"GEOID":"36005027900","County":"Bronx","Pop_Cnt":7379,"Vulner_Pct":76.4177,"Traff_Veh":96.0385663382939,"Asthma":83.224721463107,"PM25":69.532055246341}},{"type":"Feature","geometry":{"type":"Polygon","coordinates":[[[-73.9071979998415,40.8763890002974],[-73.9060980001997,40.8770659998675],[-73.8998399999606,40.8865369998237],[-73.8968389998875,40.8859860000232],[-73.9038100001542,40.8785459998911],[-73.9061619997738,40.8732429997895],[-73.9070000003731,40.8734550000844],[-73.9071979998415,40.8763890002974]]]},"properties":{"GEOID":"36005028300","County":"Bronx","Pop_Cnt":2489,"Vulner_Pct":85.3944,"Traff_Veh":98.5956822469084,"Asthma":61.067899936935,"PM25":70.0061842918986}},{"type":"Feature","geometry":{"type":"Polygon","coordinates":[[[-73.8449400003608,40.8482100001336],[-73.8396289996026,40.8547499997949],[-73.8352459998555,40.8564940000244],[-73.8368190002236,40.8572769996666],[-73.8285209996362,40.8607459998157],[-73.8328210004409,40.8561239998092],[-73.8312909997305,40.8554340001864],[-73.8339060000141,40.8544679999199],[-73.8355589998499,40.8519640002378],[-73.8361770003412,40.8459170002375],[-73.8376300001604,40.8402930000471],[-73.8393640001871,40.8408780000064],[-73.842041000395,40.8406460000362],[-73.8415049999195,40.8410159996971],[-73.8449100002235,40.84542699967],[-73.8449400003608,40.8482100001336]]]},"properties":{"GEOID":"36005028400","County":"Bronx","Pop_Cnt":554,"Vulner_Pct":0,"Traff_Veh":88.9331377069797,"Asthma":0,"PM25":60.6266749123892}},{"type":"Feature","geometry":{"type":"Polygon","coordinates":[[[-73.9190969996533,40.9148060001756],[-73.91790499995,40.9175769997719],[-73.9024540004193,40.9129790001098],[-73.9032150001274,40.9101290001563],[-73.90799000041,40.91216100024],[-73.9190969996533,40.9148060001756]]]},"properties":{"GEOID":"36005031900","County":"Bronx","Pop_Cnt":633,"Vulner_Pct":0,"Traff_Veh":32.1106686229302,"Asthma":0,"PM25":66.5429808286951}},{"type":"Feature","geometry":{"type":"Polygon","coordinates":[[[-73.8566380003311,40.8581190001336],[-73.846457999579,40.8586360000497],[-73.837240999998,40.8573580002729],[-73.8352459998555,40.8564940000244],[-73.8396289996026,40.8547499997949],[-73.8449400003608,40.8482100001336],[-73.8443620000525,40.8511189997063],[-73.8482140002453,40.851090999698],[-73.8480309999472,40.8544040000125],[-73.8500960004099,40.8563470000541],[-73.8493590000929,40.8574969997403],[-73.8560969998327,40.8569410001207],[-73.8566380003311,40.8581190001336]]]},"properties":{"GEOID":"36005029600","County":"Bronx","Pop_Cnt":1575,"Vulner_Pct":63.1094,"Traff_Veh":77.5728358834626,"Asthma":79.1675425688459,"PM25":62.2964337250052}},{"type":"Feature","geometry":{"type":"Polygon","coordinates":[[[-73.8355589998499,40.8519640002378],[-73.8339060000141,40.8544679999199],[-73.8312909997305,40.8554340001864],[-73.828601999827,40.8557180003244],[-73.8272179996047,40.853250999753],[-73.8279969997545,40.8486240001113],[-73.8288550004453,40.8496900002659],[-73.830429999565,40.8491640003313],[-73.8358009996992,40.8496769998618],[-73.8355589998499,40.8519640002378]]]},"properties":{"GEOID":"36005030000","County":"Bronx","Pop_Cnt":6021,"Vulner_Pct":77.6732,"Traff_Veh":93.6700901278558,"Asthma":63.8217363884801,"PM25":60.2556173984745}},{"type":"Feature","geometry":{"type":"Polygon","coordinates":[[[-73.8283719996732,40.8609469999471],[-73.8208730002253,40.868907000225],[-73.8163409996169,40.8660999997828],[-73.816752000419,40.8645440002624],[-73.8205540003831,40.8609669999876],[-73.8243019999205,40.8597800002368],[-73.8241939999655,40.8593789998486],[-73.8272390004195,40.8591939999034],[-73.8283719996732,40.8609469999471]]]},"properties":{"GEOID":"36005030200","County":"Bronx","Pop_Cnt":8704,"Vulner_Pct":66.8131,"Traff_Veh":96.3529658352547,"Asthma":73.8280428841707,"PM25":59.1012162440734}},{"type":"Feature","geometry":{"type":"Polygon","coordinates":[[[-73.840971999817,40.8579489997606],[-73.8407469996861,40.8651619996739],[-73.8369890001029,40.8650949998856],[-73.8369709996613,40.8656429996823],[-73.8283719996732,40.8609469999471],[-73.8301719998221,40.8596340001749],[-73.8368190002236,40.8572769996666],[-73.840971999817,40.8579489997606]]]},"properties":{"GEOID":"36005031000","County":"Bronx","Pop_Cnt":4753,"Vulner_Pct":72.4419,"Traff_Veh":91.2387340180256,"Asthma":77.359680470885,"PM25":60.9565038136467}},{"type":"Feature","geometry":{"type":"Polygon","coordinates":[[[-73.8617910000072,40.8579830002778],[-73.8615619996784,40.8655499996904],[-73.8596129995666,40.8655120003355],[-73.8578040000952,40.8630370000592],[-73.8566380003311,40.8581190001336],[-73.8617910000072,40.8579830002778]]]},"properties":{"GEOID":"36005032400","County":"Bronx","Pop_Cnt":3177,"Vulner_Pct":95.1664,"Traff_Veh":52.6514357577028,"Asthma":89.4891738490645,"PM25":65.0999793856937}},{"type":"Feature","geometry":{"type":"Polygon","coordinates":[[[-73.8525479995886,40.8770920001112],[-73.8509190000423,40.877893000135],[-73.8524830001896,40.879463000231],[-73.8492779999021,40.8842420001495],[-73.8460669997668,40.8829010002828],[-73.8470259998416,40.8815929999158],[-73.8442630003183,40.880419999976],[-73.8447729999562,40.8797560000058],[-73.8432409995959,40.8791090000942],[-73.8454609998694,40.8773470001579],[-73.8506889998885,40.8754869999634],[-73.8525479995886,40.8770920001112]]]},"properties":{"GEOID":"36005038600","County":"Bronx","Pop_Cnt":8889,"Vulner_Pct":83.8669,"Traff_Veh":56.4242297212324,"Asthma":87.5551818372924,"PM25":63.3271490414348}},{"type":"Feature","geometry":{"type":"Polygon","coordinates":[[[-73.8705620004227,40.8715109999949],[-73.8671589997685,40.8714420000141],[-73.8673599996099,40.8654290001848],[-73.8704190003076,40.8653629999907],[-73.8705620004227,40.8715109999949]]]},"properties":{"GEOID":"36005033600","County":"Bronx","Pop_Cnt":6714,"Vulner_Pct":88.4913,"Traff_Veh":91.7627331796269,"Asthma":89.4891738490645,"PM25":66.7078952793238}},{"type":"Feature","geometry":{"type":"Polygon","coordinates":[[[-73.8673599996099,40.8654290001848],[-73.8671589997685,40.8714420000141],[-73.8642659996505,40.871388999921],[-73.8644609996441,40.8654890003041],[-73.8673599996099,40.8654290001848]]]},"properties":{"GEOID":"36005033800","County":"Bronx","Pop_Cnt":4105,"Vulner_Pct":83.4275,"Traff_Veh":49.4655208551666,"Asthma":89.4891738490645,"PM25":66.2543805400948}},{"type":"Feature","geometry":{"type":"Polygon","coordinates":[[[-73.8644609996441,40.8654890003041],[-73.8642659996505,40.871388999921],[-73.8613790002786,40.8713359997855],[-73.8615619996784,40.8655499996904],[-73.8644609996441,40.8654890003041]]]},"properties":{"GEOID":"36005034000","County":"Bronx","Pop_Cnt":5606,"Vulner_Pct":90.0607,"Traff_Veh":48.040243135611,"Asthma":89.4891738490645,"PM25":66.0070088641517}},{"type":"Feature","geometry":{"type":"Polygon","coordinates":[[[-73.8615619996784,40.8655499996904],[-73.8613790002786,40.8713359997855],[-73.8584879998104,40.8712840002008],[-73.8586729997583,40.8654950003131],[-73.8615619996784,40.8655499996904]]]},"properties":{"GEOID":"36005034200","County":"Bronx","Pop_Cnt":1888,"Vulner_Pct":85.792,"Traff_Veh":53.0287151540558,"Asthma":77.359680470885,"PM25":65.7802514945372}},{"type":"Feature","geometry":{"type":"Polygon","coordinates":[[[-73.8586729997583,40.8654950003131],[-73.8584879998104,40.8712840002008],[-73.8555720001262,40.8712220000679],[-73.8557810003636,40.8654400002108],[-73.8586729997583,40.8654950003131]]]},"properties":{"GEOID":"36005034400","County":"Bronx","Pop_Cnt":2172,"Vulner_Pct":80.8119,"Traff_Veh":51.2680779710752,"Asthma":77.359680470885,"PM25":65.4091939806225}},{"type":"Feature","geometry":{"type":"Polygon","coordinates":[[[-73.8693100004449,40.8784279997797],[-73.8670530003616,40.8822550002988],[-73.8639500001813,40.881434000117],[-73.8662709998387,40.8773270003096],[-73.8693100004449,40.8784279997797]]]},"properties":{"GEOID":"36005037800","County":"Bronx","Pop_Cnt":2900,"Vulner_Pct":87.173,"Traff_Veh":93.1460909662545,"Asthma":86.5461425268026,"PM25":67.1201814058957}},{"type":"Feature","geometry":{"type":"Polygon","coordinates":[[[-73.9021020000668,40.8483190001061],[-73.9009489998232,40.8484249998015],[-73.8987760003038,40.855364000286],[-73.8981650003835,40.8551460002386],[-73.8986349998385,40.8539069998159],[-73.8970990001785,40.855172000257],[-73.8956089996511,40.8545710001507],[-73.8996709999062,40.8474380003145],[-73.9021020000668,40.8483190001061]]]},"properties":{"GEOID":"36005037900","County":"Bronx","Pop_Cnt":5469,"Vulner_Pct":98.6399,"Traff_Veh":77.1955564871096,"Asthma":96.5944923270969,"PM25":69.7588126159555}},{"type":"Feature","geometry":{"type":"Polygon","coordinates":[[[-73.8662709998387,40.8773270003096],[-73.864465999667,40.8805449997102],[-73.8585999999634,40.8789540003133],[-73.8605120002653,40.8754940002754],[-73.8662709998387,40.8773270003096]]]},"properties":{"GEOID":"36005038000","County":"Bronx","Pop_Cnt":5239,"Vulner_Pct":89.6631,"Traff_Veh":58.7298260322784,"Asthma":86.5461425268026,"PM25":66.2749948464234}},{"type":"Feature","geometry":{"type":"Polygon","coordinates":[[[-73.9032810002496,40.8486919998276],[-73.9028610001251,40.8517240000287],[-73.9016960001859,40.8531419997399],[-73.9007789999439,40.856047000309],[-73.8987760003038,40.855364000286],[-73.9009489998232,40.8484249998015],[-73.9032810002496,40.8486919998276]]]},"properties":{"GEOID":"36005038100","County":"Bronx","Pop_Cnt":7647,"Vulner_Pct":94.8734,"Traff_Veh":77.2793963529658,"Asthma":96.5944923270969,"PM25":70.0474129045558}},{"type":"Feature","geometry":{"type":"Polygon","coordinates":[[[-73.8956089996511,40.8545710001507],[-73.8910479996287,40.8611460000137],[-73.8903289997534,40.8612710001322],[-73.8911670003527,40.8601050000986],[-73.8910869999867,40.8565979999588],[-73.8903890000278,40.8546889999743],[-73.8921670004354,40.8527700001214],[-73.8942050002356,40.853855000135],[-73.8939840003027,40.8542469998078],[-73.8956089996511,40.8545710001507]]]},"properties":{"GEOID":"36005038500","County":"Bronx","Pop_Cnt":4766,"Vulner_Pct":99.5397,"Traff_Veh":58.5202263676378,"Asthma":99.2432205171326,"PM25":69.0579262007833}},{"type":"Feature","geometry":{"type":"Polygon","coordinates":[[[-73.8911670003527,40.8601050000986],[-73.8903289997534,40.8612710001322],[-73.885991000212,40.8588060000184],[-73.8900300000026,40.8542210001058],[-73.8910869999867,40.8565979999588],[-73.8911670003527,40.8601050000986]]]},"properties":{"GEOID":"36005038700","County":"Bronx","Pop_Cnt":3823,"Vulner_Pct":94.4131,"Traff_Veh":69.5032487948019,"Asthma":98.044986335926,"PM25":68.3776540919398}},{"type":"Feature","geometry":{"type":"Polygon","coordinates":[[[-73.8884490001369,40.8560239997085],[-73.885991000212,40.8588060000184],[-73.8818300002227,40.8574550000297],[-73.8836279998235,40.8539090001688],[-73.8884490001369,40.8560239997085]]]},"properties":{"GEOID":"36005038900","County":"Bronx","Pop_Cnt":5521,"Vulner_Pct":96.9659,"Traff_Veh":79.2496332005869,"Asthma":98.044986335926,"PM25":68.1508967223253}},{"type":"Feature","geometry":{"type":"Polygon","coordinates":[[[-73.8900300000026,40.8542210001058],[-73.8884490001369,40.8560239997085],[-73.8836279998235,40.8539090001688],[-73.8847149999448,40.8517589998727],[-73.8864359995527,40.8503089998803],[-73.8898790003899,40.8520700002176],[-73.8900300000026,40.8542210001058]]]},"properties":{"GEOID":"36005039100","County":"Bronx","Pop_Cnt":7544,"Vulner_Pct":98.4097,"Traff_Veh":49.7589603856634,"Asthma":98.044986335926,"PM25":68.3570397856112}},{"type":"Feature","geometry":{"type":"Polygon","coordinates":[[[-73.8670530003616,40.8822550002988],[-73.865278000327,40.8851929998082],[-73.8624160001712,40.8842810000186],[-73.8639500001813,40.881434000117],[-73.8670530003616,40.8822550002988]]]},"properties":{"GEOID":"36005039200","County":"Bronx","Pop_Cnt":1602,"Vulner_Pct":83.3856,"Traff_Veh":84.1123454202473,"Asthma":86.5461425268026,"PM25":66.5223665223665}},{"type":"Feature","geometry":{"type":"Polygon","coordinates":[[[-73.8973579997463,40.8587629996759],[-73.8958840000107,40.8622580000871],[-73.8914469998369,40.8616339997151],[-73.8938079996773,40.8589420002228],[-73.8946939999572,40.8594260001638],[-73.8957400000706,40.8581389996692],[-73.8973579997463,40.8587629996759]]]},"properties":{"GEOID":"36005039902","County":"Bronx","Pop_Cnt":5646,"Vulner_Pct":96.6102,"Traff_Veh":85.956822469084,"Asthma":89.8044986335926,"PM25":69.4908266336838}},{"type":"Feature","geometry":{"type":"Polygon","coordinates":[[[-73.8864359995527,40.8503089998803],[-73.8847149999448,40.8517589998727],[-73.8818300002227,40.8574550000297],[-73.8807640000178,40.8569919999674],[-73.8831089999647,40.8482730003266],[-73.8864359995527,40.8503089998803]]]},"properties":{"GEOID":"36005039300","County":"Bronx","Pop_Cnt":8330,"Vulner_Pct":99.435,"Traff_Veh":73.4856424229721,"Asthma":98.044986335926,"PM25":67.6355390641105}},{"type":"Feature","geometry":{"type":"Polygon","coordinates":[[[-73.8662619996179,40.8852339998819],[-73.8645999995613,40.8882999999352],[-73.8637280004234,40.8880169999627],[-73.863335999888,40.888719999876],[-73.8604519999908,40.8878039997801],[-73.8624160001712,40.8842810000186],[-73.865278000327,40.8851929998082],[-73.8659820001338,40.8843910001176],[-73.8662619996179,40.8852339998819]]]},"properties":{"GEOID":"36005039400","County":"Bronx","Pop_Cnt":5647,"Vulner_Pct":90.9605,"Traff_Veh":81.7438692098093,"Asthma":86.5461425268026,"PM25":65.7184085755514}},{"type":"Feature","geometry":{"type":"Polygon","coordinates":[[[-73.9010800002428,40.8627560001768],[-73.8974029999521,40.8674740000981],[-73.8943759999399,40.8660670000284],[-73.8970680002164,40.8625339998136],[-73.8996180002027,40.8621589997868],[-73.9010800002428,40.8627560001768]]]},"properties":{"GEOID":"36005040100","County":"Bronx","Pop_Cnt":4478,"Vulner_Pct":93.6388,"Traff_Veh":85.3489834416265,"Asthma":89.8044986335926,"PM25":69.6763553906411}},{"type":"Feature","geometry":{"type":"Polygon","coordinates":[[[-73.8608620000696,40.8870970002633],[-73.858907999935,40.8906319997272],[-73.8531529996611,40.8887999997242],[-73.855104000321,40.8852709997608],[-73.8608620000696,40.8870970002633]]]},"properties":{"GEOID":"36005040600","County":"Bronx","Pop_Cnt":3547,"Vulner_Pct":85.0387,"Traff_Veh":22.5529239153217,"Asthma":86.5461425268026,"PM25":64.0074211502783}},{"type":"Feature","geometry":{"type":"Polygon","coordinates":[[[-73.8929099997018,40.8714860001874],[-73.8903010001643,40.8718939999689],[-73.8893720002267,40.8733819998833],[-73.8878509997371,40.8721209997095],[-73.8909759996587,40.8701589997363],[-73.8929099997018,40.8714860001874]]]},"properties":{"GEOID":"36005040701","County":"Bronx","Pop_Cnt":3120,"Vulner_Pct":85.2689,"Traff_Veh":77.0488367218612,"Asthma":83.224721463107,"PM25":69.1609977324263}},{"type":"Feature","geometry":{"type":"Polygon","coordinates":[[[-73.8909759996587,40.8701589997363],[-73.8878509997371,40.8721209997095],[-73.8851819999251,40.8699530000406],[-73.8836250003488,40.8672579997746],[-73.8859369997854,40.865924000223],[-73.8883140004177,40.8685470002916],[-73.8909759996587,40.8701589997363]]]},"properties":{"GEOID":"36005040702","County":"Bronx","Pop_Cnt":7023,"Vulner_Pct":94.9571,"Traff_Veh":78.4321945084888,"Asthma":89.8044986335926,"PM25":68.8517831374974}},{"type":"Feature","geometry":{"type":"Polygon","coordinates":[[[-73.9258999996904,40.7722619997628],[-73.9239809997159,40.7746150001077],[-73.9177019995604,40.7703919998854],[-73.9189979999191,40.7703089996908],[-73.9212419995837,40.7683780003346],[-73.9258999996904,40.7722619997628]]]},"properties":{"GEOID":"36081006900","County":"Queens","Pop_Cnt":3699,"Vulner_Pct":66.4574,"Traff_Veh":92.8316914692937,"Asthma":78.1374816060542,"PM25":81.4883529169243}},{"type":"Feature","geometry":{"type":"Polygon","coordinates":[[[-73.9205210000585,40.7543879998863],[-73.9213210001247,40.7547600001541],[-73.9182029998758,40.7585999997857],[-73.9150069998091,40.7570980002712],[-73.9176320001385,40.7538580002449],[-73.9216190000505,40.7530280001369],[-73.9205210000585,40.7543879998863]]]},"properties":{"GEOID":"36081015900","County":"Queens","Pop_Cnt":3422,"Vulner_Pct":69.6171,"Traff_Veh":69.6080486271222,"Asthma":59.764557494219,"PM25":81.7151102865389}},{"type":"Feature","geometry":{"type":"Polygon","coordinates":[[[-73.8410460003352,40.69028400015],[-73.8375110003348,40.6912969998809],[-73.8363460003956,40.688928000269],[-73.8381060003615,40.6884329997052],[-73.8372779998079,40.6867469997991],[-73.8399230002288,40.685994999669],[-73.8407450000363,40.6876729998709],[-73.8398820002209,40.6879169998517],[-73.8410460003352,40.69028400015]]]},"properties":{"GEOID":"36081011600","County":"Queens","Pop_Cnt":1980,"Vulner_Pct":76.334,"Traff_Veh":49.3607210228464,"Asthma":77.9693083876393,"PM25":62.6674912389198}},{"type":"Feature","geometry":{"type":"Polygon","coordinates":[[[-73.9082990002065,40.6998820003079],[-73.9041239999735,40.7039740001272],[-73.9009859996331,40.7024490003258],[-73.9001999998107,40.7005009997934],[-73.9082990002065,40.6998820003079]]]},"properties":{"GEOID":"36081055100","County":"Queens","Pop_Cnt":4244,"Vulner_Pct":74.3042,"Traff_Veh":59.0861454621673,"Asthma":68.9089762455329,"PM25":78.6641929499072}},{"type":"Feature","geometry":{"type":"Polygon","coordinates":[[[-73.8879860003546,40.7435479996598],[-73.8850949998864,40.743973999702],[-73.8810040002173,40.7418409999569],[-73.8829430002834,40.7416099999487],[-73.8828289995822,40.7409919999603],[-73.8855119996379,40.7401650001165],[-73.8857259998982,40.7412889999578],[-73.8875109999784,40.7410830000592],[-73.8879860003546,40.7435479996598]]]},"properties":{"GEOID":"36081048100","County":"Queens","Pop_Cnt":6434,"Vulner_Pct":77.0454,"Traff_Veh":59.3376650597359,"Asthma":56.7584612150515,"PM25":74.2321170892599}},{"type":"Feature","geometry":{"type":"Polygon","coordinates":[[[-73.8750189997897,40.7414940000692],[-73.8734849997796,40.7425009999351],[-73.8705930003848,40.7423789999891],[-73.8674910000295,40.7433019996964],[-73.8675570001517,40.741677999784],[-73.8743610000137,40.7401600001874],[-73.8750189997897,40.7414940000692]]]},"properties":{"GEOID":"36081046100","County":"Queens","Pop_Cnt":2464,"Vulner_Pct":75.8945,"Traff_Veh":38.5453783273947,"Asthma":56.7584612150515,"PM25":70.9132137703566}},{"type":"Feature","geometry":{"type":"Polygon","coordinates":[[[-73.8237269999853,40.7658259997293],[-73.8173879995553,40.7665719997054],[-73.8150869999893,40.7603719997912],[-73.8172879999962,40.7597759997009],[-73.8190990000157,40.7636959999792],[-73.8226010004042,40.7627599998655],[-73.8237269999853,40.7658259997293]]]},"properties":{"GEOID":"36081116300","County":"Queens","Pop_Cnt":9346,"Vulner_Pct":75.8527,"Traff_Veh":73.9467616851813,"Asthma":37.1242379651041,"PM25":58.668315811173}},{"type":"Feature","geometry":{"type":"Polygon","coordinates":[[[-73.8873269998554,40.7611179997486],[-73.8845359998447,40.7614140001479],[-73.883507000348,40.7557549997451],[-73.8862980003587,40.7554600003047],[-73.8873269998554,40.7611179997486]]]},"properties":{"GEOID":"36081032700","County":"Queens","Pop_Cnt":3702,"Vulner_Pct":72.0862,"Traff_Veh":54.0976734437225,"Asthma":57.326045827202,"PM25":74.6444032158318}},{"type":"Feature","geometry":{"type":"Polygon","coordinates":[[[-73.8315209998843,40.7013899997771],[-73.8279530002719,40.7022899999942],[-73.8263099995835,40.6982579997393],[-73.8275280001244,40.6979180000449],[-73.8258319997326,40.6944480002314],[-73.8279719996401,40.6939919998952],[-73.8315209998843,40.7013899997771]]]},"properties":{"GEOID":"36081014400","County":"Queens","Pop_Cnt":1915,"Vulner_Pct":88.4495,"Traff_Veh":66.7574931880109,"Asthma":77.9693083876393,"PM25":60.3380746237889}},{"type":"Feature","geometry":{"type":"Polygon","coordinates":[[[-73.8772469995608,40.7525680001402],[-73.8763150001484,40.7526659997258],[-73.8769980000387,40.7564389998241],[-73.8751390003386,40.7566340000855],[-73.8737009996897,40.7487170002029],[-73.8764800000049,40.7484159997645],[-73.8772469995608,40.7525680001402]]]},"properties":{"GEOID":"36081027500","County":"Queens","Pop_Cnt":6820,"Vulner_Pct":72.4001,"Traff_Veh":56.8434290505135,"Asthma":57.326045827202,"PM25":72.1706864564007}},{"type":"Feature","geometry":{"type":"Polygon","coordinates":[[[-73.9036870001305,40.7449140000503],[-73.901062999626,40.7507830003011],[-73.8975770000294,40.7492999997385],[-73.9000290001064,40.7437619998175],[-73.9036870001305,40.7449140000503]]]},"properties":{"GEOID":"36081026100","County":"Queens","Pop_Cnt":6508,"Vulner_Pct":72.1281,"Traff_Veh":93.8796897924963,"Asthma":52.0916544040362,"PM25":77.5716347144919}},{"type":"Feature","geometry":{"type":"Polygon","coordinates":[[[-73.8706949995938,40.7535640002013],[-73.8689060002139,40.7539420002131],[-73.8649030004083,40.7465499996629],[-73.8637030003091,40.7469060001724],[-73.86407200038,40.7460740001945],[-73.8660880004389,40.7454740001115],[-73.8706949995938,40.7535640002013]]]},"properties":{"GEOID":"36081040900","County":"Queens","Pop_Cnt":5560,"Vulner_Pct":84.2017,"Traff_Veh":56.1727101236638,"Asthma":59.281059491276,"PM25":69.6351267779839}},{"type":"Feature","geometry":{"type":"Polygon","coordinates":[[[-73.8105350001878,40.6919740000486],[-73.8089020004435,40.6925640001077],[-73.8064250002521,40.6908740001883],[-73.80704399967,40.6903480003144],[-73.8041499997271,40.6883880000909],[-73.8080169999885,40.6870600001985],[-73.8105350001878,40.6919740000486]]]},"properties":{"GEOID":"36081020200","County":"Queens","Pop_Cnt":1762,"Vulner_Pct":80.8328,"Traff_Veh":95.2630475791239,"Asthma":89.3210006306496,"PM25":57.1428571428571}},{"type":"Feature","geometry":{"type":"Polygon","coordinates":[[[-73.8312999999513,40.6930580000777],[-73.8279719996401,40.6939919998952],[-73.8259880002666,40.6899459997947],[-73.8293359997709,40.6890040003011],[-73.8312999999513,40.6930580000777]]]},"properties":{"GEOID":"36081012000","County":"Queens","Pop_Cnt":2365,"Vulner_Pct":83.8041,"Traff_Veh":64.472856843429,"Asthma":77.9693083876393,"PM25":60.4823747680891}},{"type":"Feature","geometry":{"type":"Polygon","coordinates":[[[-73.9293009997965,40.7585039999296],[-73.9280510003669,40.7600479998524],[-73.9216590002335,40.7570510002326],[-73.9241570003413,40.7539610002235],[-73.928956000015,40.7562130002501],[-73.9277030002123,40.7577529999275],[-73.9293009997965,40.7585039999296]]]},"properties":{"GEOID":"36081005700","County":"Queens","Pop_Cnt":4212,"Vulner_Pct":62.0004,"Traff_Veh":45.2106476629637,"Asthma":59.764557494219,"PM25":83.1787260358689}},{"type":"Feature","geometry":{"type":"Polygon","coordinates":[[[-73.8736570002071,40.7568040002655],[-73.8713239999557,40.7570360001698],[-73.8706419998903,40.7532860001029],[-73.8660880004389,40.7454740001115],[-73.8679100003291,40.7449339996962],[-73.868528999747,40.7475879999361],[-73.8736570002071,40.7568040002655]]]},"properties":{"GEOID":"36081037500","County":"Queens","Pop_Cnt":4116,"Vulner_Pct":82.2766,"Traff_Veh":68.8744498008803,"Asthma":59.281059491276,"PM25":70.892599464028}},{"type":"Feature","geometry":{"type":"Polygon","coordinates":[[[-73.7897960003635,40.6909599998039],[-73.7877829997793,40.6918190001767],[-73.788931,40.6933980000553],[-73.7827709996702,40.695994999714],[-73.7814640003392,40.6944699997714],[-73.7852989999152,40.6928570001224],[-73.7832660001378,40.6899940001673],[-73.78643899974,40.688782000269],[-73.7897960003635,40.6909599998039]]]},"properties":{"GEOID":"36081026400","County":"Queens","Pop_Cnt":2501,"Vulner_Pct":93.7853,"Traff_Veh":55.3762313980298,"Asthma":89.3210006306496,"PM25":54.0300968872397}},{"type":"Feature","geometry":{"type":"Polygon","coordinates":[[[-73.80704399967,40.6903480003144],[-73.801196000408,40.6953369999448],[-73.8006809998489,40.6938619999655],[-73.7988229999737,40.6924800002889],[-73.8026650001208,40.6896320000808],[-73.8035649997461,40.6902420001789],[-73.8050460000527,40.6889820003186],[-73.80704399967,40.6903480003144]]]},"properties":{"GEOID":"36081019800","County":"Queens","Pop_Cnt":2917,"Vulner_Pct":91.5673,"Traff_Veh":67.973171242926,"Asthma":89.3210006306496,"PM25":56.1739847454133}},{"type":"Feature","geometry":{"type":"Polygon","coordinates":[[[-73.9109420000793,40.7688500002922],[-73.9041370003923,40.7675199999465],[-73.9020250000739,40.7674169998855],[-73.904512000311,40.7645890003353],[-73.9116810000461,40.7679630000339],[-73.9109420000793,40.7688500002922]]]},"properties":{"GEOID":"36081014100","County":"Queens","Pop_Cnt":1636,"Vulner_Pct":73.2789,"Traff_Veh":97.1075246279606,"Asthma":59.764557494219,"PM25":79.4887652030509}},{"type":"Feature","geometry":{"type":"Polygon","coordinates":[[[-73.9376970002933,40.7452390000159],[-73.9267709999017,40.7475920002494],[-73.9245099996204,40.7473209999187],[-73.9255880004192,40.7419079997326],[-73.9376510002625,40.7433049997844],[-73.9372610002752,40.7451759999707],[-73.9376970002933,40.7452390000159]]]},"properties":{"GEOID":"36081017900","County":"Queens","Pop_Cnt":1019,"Vulner_Pct":70.203,"Traff_Veh":81.7648291762733,"Asthma":60.584401933992,"PM25":84.6217274788703}},{"type":"Feature","geometry":{"type":"Polygon","coordinates":[[[-73.8914309999433,40.7468449998438],[-73.8857869999975,40.7474399997454],[-73.8854880002468,40.7457919996659],[-73.8837979997028,40.7459269998003],[-73.8853829997665,40.7438489996721],[-73.890716000266,40.7431279998037],[-73.8914309999433,40.7468449998438]]]},"properties":{"GEOID":"36081026700","County":"Queens","Pop_Cnt":5353,"Vulner_Pct":73.7393,"Traff_Veh":78.4112345420247,"Asthma":56.7584612150515,"PM25":74.9742321170893}},{"type":"Feature","geometry":{"type":"Polygon","coordinates":[[[-73.8755350001737,40.7642310002734],[-73.8717730003926,40.7646250000638],[-73.8704140002847,40.7571320001046],[-73.8722189995581,40.7569430002497],[-73.8732520001511,40.7626569999115],[-73.8753130004159,40.7630079996614],[-73.8755350001737,40.7642310002734]]]},"properties":{"GEOID":"36081036100","County":"Queens","Pop_Cnt":2238,"Vulner_Pct":87.738,"Traff_Veh":75.3510794382729,"Asthma":69.6657557284002,"PM25":71.1811997526283}},{"type":"Feature","geometry":{"type":"Polygon","coordinates":[[[-73.7889960002973,40.5924109998621],[-73.7727010003196,40.5931229999853],[-73.7702309998009,40.5939749998179],[-73.7688099997687,40.584608000146],[-73.7878670003432,40.5819440003205],[-73.7889960002973,40.5924109998621]]]},"properties":{"GEOID":"36081097202","County":"Queens","Pop_Cnt":3060,"Vulner_Pct":87.8008,"Traff_Veh":30.8949905680151,"Asthma":91.0868194240067,"PM25":48.3611626468769}},{"type":"Feature","geometry":{"type":"Polygon","coordinates":[[[-73.8644260003824,40.7452429997899],[-73.86407200038,40.7460740001945],[-73.8603199997463,40.7471960000545],[-73.8587770004137,40.7433259997163],[-73.8598829999033,40.7434149997428],[-73.8594490004334,40.7430359999737],[-73.8611869997596,40.7419849997064],[-73.8644260003824,40.7452429997899]]]},"properties":{"GEOID":"36081041300","County":"Queens","Pop_Cnt":4696,"Vulner_Pct":78.9496,"Traff_Veh":31.0836302661916,"Asthma":62.9598486441034,"PM25":67.8829107400536}},{"type":"Feature","geometry":{"type":"Polygon","coordinates":[[[-73.8279530002719,40.7022899999942],[-73.8224590001139,40.7036560002363],[-73.8225050001447,40.7017570000885],[-73.8212499997939,40.6996989998952],[-73.8263099995835,40.6982579997393],[-73.8279530002719,40.7022899999942]]]},"properties":{"GEOID":"36081014201","County":"Queens","Pop_Cnt":4334,"Vulner_Pct":84.2436,"Traff_Veh":60.5114231817229,"Asthma":77.9693083876393,"PM25":59.8227169655741}},{"type":"Feature","geometry":{"type":"Polygon","coordinates":[[[-73.8680590002921,40.6911839998813],[-73.8621480003826,40.6921499999757],[-73.8613490001413,40.6886949999443],[-73.8670180002015,40.6868300000635],[-73.8680590002921,40.6911839998813]]]},"properties":{"GEOID":"36081000400","County":"Queens","Pop_Cnt":4476,"Vulner_Pct":82.6114,"Traff_Veh":39.5514567176693,"Asthma":68.5305865040992,"PM25":69.4702123273552}},{"type":"Feature","geometry":{"type":"Polygon","coordinates":[[[-73.8670180002015,40.6868300000635],[-73.8613490001413,40.6886949999443],[-73.8604770001052,40.6848429999275],[-73.8662950001282,40.6831889999063],[-73.8670180002015,40.6868300000635]]]},"properties":{"GEOID":"36081000600","County":"Queens","Pop_Cnt":4107,"Vulner_Pct":81.9837,"Traff_Veh":52.3789561936701,"Asthma":68.5305865040992,"PM25":68.769325912183}},{"type":"Feature","geometry":{"type":"Polygon","coordinates":[[[-73.9568729997952,40.7418769997533],[-73.9550500000801,40.7473339999673],[-73.9527119998058,40.7468760002297],[-73.9522130000386,40.7490560000669],[-73.9450559999991,40.7476639997221],[-73.945650000201,40.7458179996778],[-73.9485230002275,40.7446590002952],[-73.9499280003661,40.7404429999389],[-73.9568729997952,40.7418769997533]]]},"properties":{"GEOID":"36081000700","County":"Queens","Pop_Cnt":6336,"Vulner_Pct":29.1274,"Traff_Veh":90.8404946552085,"Asthma":60.584401933992,"PM25":88.9301175015461}},{"type":"Feature","geometry":{"type":"Polygon","coordinates":[[[-73.8521650001723,40.6936609997112],[-73.8526639999396,40.6975719997643],[-73.8494779999186,40.6981959999604],[-73.8477330000213,40.6947749998281],[-73.8521650001723,40.6936609997112]]]},"properties":{"GEOID":"36081002200","County":"Queens","Pop_Cnt":2314,"Vulner_Pct":82.3813,"Traff_Veh":73.5066023894362,"Asthma":68.5305865040992,"PM25":65.388579674294}},{"type":"Feature","geometry":{"type":"Polygon","coordinates":[[[-73.8546790001736,40.69283099985],[-73.8521650001723,40.6936609997112],[-73.8489849999991,40.6880380002367],[-73.8523099999372,40.6871659999461],[-73.8546790001736,40.69283099985]]]},"properties":{"GEOID":"36081001800","County":"Queens","Pop_Cnt":2796,"Vulner_Pct":74.5972,"Traff_Veh":81.2827499476001,"Asthma":68.5305865040992,"PM25":65.6771799628942}},{"type":"Feature","geometry":{"type":"Polygon","coordinates":[[[-73.9522649999171,40.7508010001635],[-73.9491440001935,40.7544849998769],[-73.9378749996702,40.7498039998403],[-73.9368350003028,40.7483950000788],[-73.9395209998333,40.7459839998806],[-73.9430070003282,40.7446019997598],[-73.9441959996585,40.7428820003286],[-73.9464209999548,40.7419820002394],[-73.9492300004072,40.7425229999351],[-73.9485230002275,40.7446590002952],[-73.945650000201,40.7458179996778],[-73.9450559999991,40.7476639997221],[-73.9522130000386,40.7490560000669],[-73.9522649999171,40.7508010001635]]]},"properties":{"GEOID":"36081001900","County":"Queens","Pop_Cnt":4358,"Vulner_Pct":25.1308,"Traff_Veh":89.2684971704045,"Asthma":60.584401933992,"PM25":87.4252731395589}},{"type":"Feature","geometry":{"type":"Polygon","coordinates":[[[-73.9490810004443,40.7545550001049],[-73.9458140002325,40.7577989998853],[-73.9412389999664,40.7552340001246],[-73.9440850002287,40.7522810002313],[-73.9490810004443,40.7545550001049]]]},"properties":{"GEOID":"36081002500","County":"Queens","Pop_Cnt":6802,"Vulner_Pct":98.7654,"Traff_Veh":89.6667365332216,"Asthma":91.4021442085348,"PM25":87.11605854463}},{"type":"Feature","geometry":{"type":"Polygon","coordinates":[[[-73.8477330000213,40.6947749998281],[-73.8434420003357,40.6951870003071],[-73.8410460003352,40.69028400015],[-73.844994999714,40.6891619997139],[-73.8477330000213,40.6947749998281]]]},"properties":{"GEOID":"36081002800","County":"Queens","Pop_Cnt":3573,"Vulner_Pct":82.0465,"Traff_Veh":55.3971913644938,"Asthma":77.9693083876393,"PM25":63.821892393321}},{"type":"Feature","geometry":{"type":"Polygon","coordinates":[[[-73.9371700000386,40.7530790002807],[-73.9360090002974,40.7543409999733],[-73.9367790002264,40.754749999768],[-73.9357980004102,40.7557960002903],[-73.9287419997548,40.7520420003269],[-73.9322759999303,40.7519539999492],[-73.9347430000759,40.7509789998259],[-73.9361299997729,40.7517240000361],[-73.9356140002872,40.7522819998988],[-73.9371700000386,40.7530790002807]]]},"properties":{"GEOID":"36081003100","County":"Queens","Pop_Cnt":1144,"Vulner_Pct":78.2591,"Traff_Veh":68.2037308740306,"Asthma":91.4021442085348,"PM25":85.0752422180994}},{"type":"Feature","geometry":{"type":"Polygon","coordinates":[[[-73.8505709998877,40.6876609997036],[-73.8441550003632,40.6894039998299],[-73.8430029999445,40.6870380002555],[-73.8493690001387,40.6852270000102],[-73.8505709998877,40.6876609997036]]]},"properties":{"GEOID":"36081003200","County":"Queens","Pop_Cnt":1764,"Vulner_Pct":82.4859,"Traff_Veh":85.3909033745546,"Asthma":68.5305865040992,"PM25":64.3166357452072}},{"type":"Feature","geometry":{"type":"Polygon","coordinates":[[[-73.797314000078,40.709269999828],[-73.7920290001574,40.7110690002396],[-73.7897500003328,40.7071709997166],[-73.7948949996129,40.7054609999514],[-73.797314000078,40.709269999828]]]},"properties":{"GEOID":"36081046000","County":"Queens","Pop_Cnt":6049,"Vulner_Pct":87.2986,"Traff_Veh":78.2645147767764,"Asthma":80.2396468362413,"PM25":55.1638837353123}},{"type":"Feature","geometry":{"type":"Polygon","coordinates":[[[-73.8331040002981,40.6908280002692],[-73.8305259998244,40.6914310003313],[-73.8293359997709,40.6890040003011],[-73.8285109995904,40.6892390000938],[-73.8275299997743,40.6872390000534],[-73.8317230004489,40.6860510000145],[-73.8327429997248,40.688042000043],[-73.8318520003204,40.68829299967],[-73.8331040002981,40.6908280002692]]]},"properties":{"GEOID":"36081010800","County":"Queens","Pop_Cnt":3364,"Vulner_Pct":81.5024,"Traff_Veh":35.2756235590023,"Asthma":77.9693083876393,"PM25":60.6679035250464}},{"type":"Feature","geometry":{"type":"Polygon","coordinates":[[[-73.8487540000204,40.7801459997771],[-73.8485349997373,40.7841050000485],[-73.8448659998426,40.7843469998915],[-73.8448099997661,40.7853690000541],[-73.8411729996584,40.7852450001686],[-73.8414959996986,40.7801539998862],[-73.8487540000204,40.7801459997771]]]},"properties":{"GEOID":"36081092500","County":"Queens","Pop_Cnt":3470,"Vulner_Pct":86.085,"Traff_Veh":50.1571997484804,"Asthma":52.9114988438091,"PM25":62.8530199958771}},{"type":"Feature","geometry":{"type":"Polygon","coordinates":[[[-73.9357980004102,40.7557960002903],[-73.9346319997479,40.7569400000964],[-73.93334499961,40.7562390002703],[-73.9321520000817,40.7577100000566],[-73.928956000015,40.7562130002501],[-73.9312519995581,40.7533749997297],[-73.9357980004102,40.7557960002903]]]},"properties":{"GEOID":"36081005100","County":"Queens","Pop_Cnt":1866,"Vulner_Pct":86.1059,"Traff_Veh":41.8989729616433,"Asthma":91.4021442085348,"PM25":84.1888270459699}},{"type":"Feature","geometry":{"type":"Polygon","coordinates":[[[-73.8441550003632,40.6894039998299],[-73.8410460003352,40.69028400015],[-73.8398820002209,40.6879169998517],[-73.8407450000363,40.6876729998709],[-73.8399230002288,40.685994999669],[-73.8421750002893,40.6853539997814],[-73.8441550003632,40.6894039998299]]]},"properties":{"GEOID":"36081011400","County":"Queens","Pop_Cnt":1303,"Vulner_Pct":83.9088,"Traff_Veh":52.5256759589185,"Asthma":77.9693083876393,"PM25":63.265306122449}},{"type":"Feature","geometry":{"type":"Polygon","coordinates":[[[-73.7540680000676,40.5995020000216],[-73.752850000425,40.6042600001367],[-73.7497050004119,40.6025899997149],[-73.7457400002412,40.6034029997785],[-73.7433800002257,40.5928470000173],[-73.7477489997292,40.5915030000262],[-73.7523709998509,40.5879650002661],[-73.7532029997041,40.5951520000821],[-73.752477999981,40.5992450002879],[-73.7540680000676,40.5995020000216]]]},"properties":{"GEOID":"36081101001","County":"Queens","Pop_Cnt":12253,"Vulner_Pct":86.2105,"Traff_Veh":38.0004191993293,"Asthma":81.8583140634854,"PM25":46.2585034013605}},{"type":"Feature","geometry":{"type":"Polygon","coordinates":[[[-73.9312519995581,40.7533749997297],[-73.928956000015,40.7562130002501],[-73.9241570003413,40.7539610002235],[-73.9259609997898,40.7520960002381],[-73.9287419997548,40.7520420003269],[-73.9312519995581,40.7533749997297]]]},"properties":{"GEOID":"36081005500","County":"Queens","Pop_Cnt":952,"Vulner_Pct":78.4055,"Traff_Veh":68.2875707398868,"Asthma":91.4021442085348,"PM25":83.9208410636982}},{"type":"Feature","geometry":{"type":"Polygon","coordinates":[[[-73.914498999821,40.7658559999666],[-73.9119399996138,40.7690100002434],[-73.9109420000793,40.7688500002922],[-73.9116810000461,40.7679630000339],[-73.9084919996521,40.7664519999679],[-73.9105050002363,40.7639790002708],[-73.914498999821,40.7658559999666]]]},"properties":{"GEOID":"36081014300","County":"Queens","Pop_Cnt":3772,"Vulner_Pct":64.0301,"Traff_Veh":87.9689792496332,"Asthma":59.764557494219,"PM25":79.9216656359514}},{"type":"Feature","geometry":{"type":"Polygon","coordinates":[[[-73.9176320001385,40.7538580002449],[-73.9150069998091,40.7570980002712],[-73.9117639998867,40.7555730001066],[-73.9135420002943,40.7534690002079],[-73.9176320001385,40.7538580002449]]]},"properties":{"GEOID":"36081016100","County":"Queens","Pop_Cnt":2297,"Vulner_Pct":69.7635,"Traff_Veh":70.8866065814295,"Asthma":59.764557494219,"PM25":81.2615955473098}},{"type":"Feature","geometry":{"type":"Polygon","coordinates":[[[-73.8143620002662,40.6765099998574],[-73.8042350001159,40.6794160001097],[-73.803356000407,40.6776439999844],[-73.8099920000396,40.675760000318],[-73.8097819999773,40.6751079998693],[-73.8138690003467,40.6754780002544],[-73.8143620002662,40.6765099998574]]]},"properties":{"GEOID":"36081017800","County":"Queens","Pop_Cnt":2257,"Vulner_Pct":79.2425,"Traff_Veh":86.334101865437,"Asthma":70.191297035947,"PM25":56.7305710162853}},{"type":"Feature","geometry":{"type":"Polygon","coordinates":[[[-73.8475780002106,40.6815799998676],[-73.841196000123,40.6833510002505],[-73.8395209996476,40.6799619998463],[-73.8436509996747,40.6804580000374],[-73.8475780002106,40.6815799998676]]]},"properties":{"GEOID":"36081004002","County":"Queens","Pop_Cnt":1459,"Vulner_Pct":73.9276,"Traff_Veh":79.2705931670509,"Asthma":64.1580828253101,"PM25":63.4302205730777}},{"type":"Feature","geometry":{"type":"Polygon","coordinates":[[[-73.8635819999353,40.753490999982],[-73.8604090003331,40.7539369999587],[-73.8573229998712,40.747922000085],[-73.86026200002,40.747068999783],[-73.8635819999353,40.753490999982]]]},"properties":{"GEOID":"36081040300","County":"Queens","Pop_Cnt":7324,"Vulner_Pct":78.552,"Traff_Veh":52.2322364284217,"Asthma":59.281059491276,"PM25":67.5324675324675}},{"type":"Feature","geometry":{"type":"Polygon","coordinates":[[[-73.8558349998919,40.7515769998819],[-73.85455600015,40.7519620000502],[-73.8557989999069,40.7544100000369],[-73.8531259998969,40.7551090001647],[-73.8508639997907,40.7499960000409],[-73.8544210004307,40.7488050001008],[-73.8558349998919,40.7515769998819]]]},"properties":{"GEOID":"36081039900","County":"Queens","Pop_Cnt":3862,"Vulner_Pct":75.476,"Traff_Veh":95.8499266401174,"Asthma":62.9598486441034,"PM25":65.8214801071944}},{"type":"Feature","geometry":{"type":"Polygon","coordinates":[[[-73.868717000068,40.6946220000479],[-73.8645569999036,40.6955200000807],[-73.8633119995985,40.6919619999747],[-73.8680590002921,40.6911839998813],[-73.868717000068,40.6946220000479]]]},"properties":{"GEOID":"36081000200","County":"Queens","Pop_Cnt":3019,"Vulner_Pct":83.1764,"Traff_Veh":40.5575351079438,"Asthma":68.5305865040992,"PM25":69.8000412286127}},{"type":"Feature","geometry":{"type":"Polygon","coordinates":[[[-73.8633490003068,40.6793519996656],[-73.8587859997362,40.6806300001539],[-73.8577930002245,40.6794559999303],[-73.8564869998201,40.6733769999292],[-73.8613180001792,40.67502100009],[-73.862345999851,40.679164999751],[-73.8633490003068,40.6793519996656]]]},"properties":{"GEOID":"36081004401","County":"Queens","Pop_Cnt":3732,"Vulner_Pct":78.1963,"Traff_Veh":67.7006916788933,"Asthma":64.1580828253101,"PM25":67.8004535147392}},{"type":"Feature","geometry":{"type":"Polygon","coordinates":[[[-73.8120120002965,40.7059450000748],[-73.8069490001337,40.7073669997163],[-73.8056479997522,40.7046720000593],[-73.8116320003548,40.7030520000875],[-73.8120120002965,40.7059450000748]]]},"properties":{"GEOID":"36081023800","County":"Queens","Pop_Cnt":4516,"Vulner_Pct":86.8173,"Traff_Veh":78.5998742402012,"Asthma":80.2396468362413,"PM25":56.895485466914}},{"type":"Feature","geometry":{"type":"Polygon","coordinates":[[[-73.9089460001118,40.7715979997036],[-73.9067879997627,40.7733670000308],[-73.903190999838,40.7708249998668],[-73.9053299999206,40.7690380002123],[-73.9089460001118,40.7715979997036]]]},"properties":{"GEOID":"36081011900","County":"Queens","Pop_Cnt":1409,"Vulner_Pct":56.6018,"Traff_Veh":90.4841752253196,"Asthma":51.1877233550557,"PM25":79.6949082663368}},{"type":"Feature","geometry":{"type":"Polygon","coordinates":[[[-73.8789539998232,40.7619840000355],[-73.8760139998495,40.7614440003355],[-73.8751390003386,40.7566340000855],[-73.8779300003494,40.7563389997821],[-73.8789539998232,40.7619840000355]]]},"properties":{"GEOID":"36081035100","County":"Queens","Pop_Cnt":3737,"Vulner_Pct":76.0619,"Traff_Veh":69.8595682246908,"Asthma":57.326045827202,"PM25":72.7272727272727}},{"type":"Feature","geometry":{"type":"Polygon","coordinates":[[[-73.8713549999179,40.7623320000276],[-73.8682550001106,40.7618059998984],[-73.8674630004404,40.7574420002658],[-73.8704140002847,40.7571320001046],[-73.8713549999179,40.7623320000276]]]},"properties":{"GEOID":"36081036300","County":"Queens","Pop_Cnt":1771,"Vulner_Pct":88.3448,"Traff_Veh":74.8899601760637,"Asthma":69.6657557284002,"PM25":70.3566274994846}},{"type":"Feature","geometry":{"type":"Polygon","coordinates":[[[-73.8532520002936,40.778259000097],[-73.8495459996907,40.7790860002662],[-73.8493309996055,40.7801410001335],[-73.8414959996986,40.7801539998862],[-73.84140899966,40.7816910001678],[-73.8396040003866,40.7816929999786],[-73.8397640002202,40.7786150001883],[-73.8433870000841,40.7786089997974],[-73.8436249997355,40.774364000041],[-73.8445350003048,40.7743889997486],[-73.844602000252,40.773056999991],[-73.8487980004014,40.7732089997523],[-73.8488589996024,40.7720119997018],[-73.8526420001983,40.7720799997408],[-73.8528969995681,40.7754570000536],[-73.8605049996942,40.7789839997137],[-73.8532520002936,40.778259000097]]]},"properties":{"GEOID":"36081091900","County":"Queens","Pop_Cnt":5309,"Vulner_Pct":84.7248,"Traff_Veh":44.8962481660029,"Asthma":52.9114988438091,"PM25":63.2446918161204}},{"type":"Feature","geometry":{"type":"Polygon","coordinates":[[[-73.8713239999557,40.7570360001698],[-73.8665699995895,40.7575359997569],[-73.8660280001645,40.7545460000019],[-73.8706949995938,40.7535640002013],[-73.8713239999557,40.7570360001698]]]},"properties":{"GEOID":"36081037700","County":"Queens","Pop_Cnt":3620,"Vulner_Pct":79.7029,"Traff_Veh":69.524208761266,"Asthma":59.281059491276,"PM25":70.0267985982272}},{"type":"Feature","geometry":{"type":"Polygon","coordinates":[[[-73.8747180003891,40.7346669998808],[-73.8721009995573,40.7359940002629],[-73.8660950001117,40.7372510000494],[-73.8645769999951,40.7341940002749],[-73.8690369997351,40.7328490001164],[-73.8747180003891,40.7346669998808]]]},"properties":{"GEOID":"36081068300","County":"Queens","Pop_Cnt":3970,"Vulner_Pct":72.7977,"Traff_Veh":99.7484804024314,"Asthma":56.7584612150515,"PM25":70.1917130488559}},{"type":"Feature","geometry":{"type":"Polygon","coordinates":[[[-73.8714749995685,40.7870429999938],[-73.8702069996971,40.7909089999401],[-73.8629650001672,40.7976699998789],[-73.8530720003686,40.8001129997455],[-73.8484279996072,40.7927599998896],[-73.8456840003504,40.7872950002652],[-73.8457599996201,40.7853990003098],[-73.8448099997661,40.7853690000541],[-73.8448659998426,40.7843469998915],[-73.8485349997373,40.7841050000485],[-73.8487540000204,40.7801459997771],[-73.8493309996055,40.7801410001335],[-73.8495459996907,40.7790860002662],[-73.8532520002936,40.778259000097],[-73.8605049996942,40.7789839997137],[-73.865419999719,40.7849700001942],[-73.8714749995685,40.7870429999938]]]},"properties":{"GEOID":"36081092900","County":"Queens","Pop_Cnt":7036,"Vulner_Pct":54.0908,"Traff_Veh":13.5191783693146,"Asthma":52.9114988438091,"PM25":64.172335600907}},{"type":"Feature","geometry":{"type":"Polygon","coordinates":[[[-73.8407040000284,40.5860870002496],[-73.8273299997577,40.5878010000711],[-73.8252490002998,40.586900999862],[-73.8246559999229,40.5854529998065],[-73.8240430003527,40.5856299998452],[-73.8205700002766,40.5798289997754],[-73.8167149997108,40.5760469997223],[-73.8335489996388,40.5713200002563],[-73.8355639998728,40.5768999997037],[-73.8407040000284,40.5860870002496]]]},"properties":{"GEOID":"36081093800","County":"Queens","Pop_Cnt":5023,"Vulner_Pct":69.1986,"Traff_Veh":44.0578495074408,"Asthma":60.7946184570107,"PM25":52.9787672644816}},{"type":"Feature","geometry":{"type":"Polygon","coordinates":[[[-73.8885660003127,40.7345920001518],[-73.8835290000893,40.7338479999217],[-73.8752370002479,40.7307240002672],[-73.880389999924,40.7289050003036],[-73.8872049996567,40.7278689999019],[-73.8885660003127,40.7345920001518]]]},"properties":{"GEOID":"36081049900","County":"Queens","Pop_Cnt":5260,"Vulner_Pct":64.2185,"Traff_Veh":91.4273737162021,"Asthma":56.7584612150515,"PM25":74.0672026386312}},{"type":"Feature","geometry":{"type":"Polygon","coordinates":[[[-73.8071430003025,40.6676689999684],[-73.8063840002442,40.6746829999957],[-73.8017930000846,40.6743939997332],[-73.8012409997156,40.6714869997606],[-73.8016600000152,40.6667560001154],[-73.8054519999336,40.6668959997341],[-73.805251999917,40.6676229997054],[-73.8071430003025,40.6676689999684]]]},"properties":{"GEOID":"36081081400","County":"Queens","Pop_Cnt":4117,"Vulner_Pct":79.2216,"Traff_Veh":97.5896038566338,"Asthma":70.191297035947,"PM25":56.1533704390847}},{"type":"Feature","geometry":{"type":"Polygon","coordinates":[[[-73.813198000152,40.6672530000205],[-73.812068000373,40.6708660001302],[-73.8111539996057,40.6707050003166],[-73.8097819999773,40.6751079998693],[-73.8061969997482,40.67478400028],[-73.8071430003025,40.6676689999684],[-73.805251999917,40.6676229997054],[-73.8054519999336,40.6668959997341],[-73.813198000152,40.6672530000205]]]},"properties":{"GEOID":"36081081800","County":"Queens","Pop_Cnt":3909,"Vulner_Pct":83.553,"Traff_Veh":81.0521903164955,"Asthma":70.191297035947,"PM25":56.998556998557}},{"type":"Feature","geometry":{"type":"Polygon","coordinates":[[[-73.8242330003236,40.7518550003208],[-73.8219250001866,40.7531669998499],[-73.8153730002196,40.7472179998625],[-73.8210840001125,40.748558000123],[-73.8242330003236,40.7518550003208]]]},"properties":{"GEOID":"36081084500","County":"Queens","Pop_Cnt":4863,"Vulner_Pct":79.8075,"Traff_Veh":55.2714315657095,"Asthma":42.5268026066849,"PM25":58.3591012162441}},{"type":"Feature","geometry":{"type":"Polygon","coordinates":[[[-73.8258180003873,40.6733529998953],[-73.8246729996413,40.6770310000431],[-73.8097819999773,40.6751079998693],[-73.8111539996057,40.6707050003166],[-73.8258180003873,40.6733529998953]]]},"properties":{"GEOID":"36081084000","County":"Queens","Pop_Cnt":6027,"Vulner_Pct":82.7788,"Traff_Veh":50.8488786417942,"Asthma":70.191297035947,"PM25":58.2354153782725}},{"type":"Feature","geometry":{"type":"Polygon","coordinates":[[[-73.8280789997703,40.6660899996769],[-73.8269530001892,40.6697180001025],[-73.8123060000243,40.6671799998292],[-73.8193590003067,40.6654810002838],[-73.822278000364,40.6661199999195],[-73.8280789997703,40.6660899996769]]]},"properties":{"GEOID":"36081084601","County":"Queens","Pop_Cnt":3268,"Vulner_Pct":72.149,"Traff_Veh":94.0683294906728,"Asthma":70.191297035947,"PM25":58.9569160997732}},{"type":"Feature","geometry":{"type":"Polygon","coordinates":[[[-73.9243270002206,40.7155679996913],[-73.9113210001959,40.7196240002417],[-73.9096599999642,40.7177929996759],[-73.9128920000159,40.7154030000724],[-73.9101579999066,40.7138219997304],[-73.9107780000477,40.7131879997043],[-73.9240400001654,40.7140080001973],[-73.9243270002206,40.7155679996913]]]},"properties":{"GEOID":"36081053500","County":"Queens","Pop_Cnt":1432,"Vulner_Pct":70.3704,"Traff_Veh":68.0779710752463,"Asthma":38.7008618877444,"PM25":81.9212533498248}},{"type":"Feature","geometry":{"type":"Polygon","coordinates":[[[-73.8706650003549,40.7048979997398],[-73.868608000288,40.7053759996777],[-73.8690149999938,40.7067700002718],[-73.8642690000235,40.7066859999786],[-73.8637939996474,40.7033339999389],[-73.8698190002579,40.7028379997512],[-73.8706650003549,40.7048979997398]]]},"properties":{"GEOID":"36081063500","County":"Queens","Pop_Cnt":2551,"Vulner_Pct":62.6282,"Traff_Veh":87.885139383777,"Asthma":55.6022703384486,"PM25":70.1092558235415}},{"type":"Feature","geometry":{"type":"Polygon","coordinates":[[[-73.8395209996476,40.6799619998463],[-73.8246729996413,40.6770310000431],[-73.8280789997703,40.6660899996769],[-73.8333119998123,40.6667590002466],[-73.8395209996476,40.6799619998463]]]},"properties":{"GEOID":"36081086400","County":"Queens","Pop_Cnt":2727,"Vulner_Pct":82.716,"Traff_Veh":46.2586459861664,"Asthma":70.191297035947,"PM25":61.038961038961}},{"type":"Feature","geometry":{"type":"Polygon","coordinates":[[[-73.8333119998123,40.6667590002466],[-73.8185769997839,40.6654799999938],[-73.8123060000243,40.6671799998292],[-73.8016600000152,40.6667560001154],[-73.8015119998772,40.6658619999814],[-73.8021620001555,40.6652499996702],[-73.8081769998221,40.6645250003327],[-73.8133370000692,40.6628060001454],[-73.8268319998154,40.6637089998014],[-73.83270500009,40.6654060002962],[-73.8333119998123,40.6667590002466]]]},"properties":{"GEOID":"36081084602","County":"Queens","Pop_Cnt":925,"Vulner_Pct":85.3317,"Traff_Veh":98.5747222804443,"Asthma":70.191297035947,"PM25":57.9262007833436}},{"type":"Feature","geometry":{"type":"Polygon","coordinates":[[[-73.8281139999304,40.7640559998627],[-73.8234819997629,40.7646519996772],[-73.8220719996013,40.7616250000231],[-73.8265409995622,40.7604640001327],[-73.8281139999304,40.7640559998627]]]},"properties":{"GEOID":"36081086500","County":"Queens","Pop_Cnt":4311,"Vulner_Pct":73.2162,"Traff_Veh":74.8690002095997,"Asthma":42.5268026066849,"PM25":59.9464028035457}},{"type":"Feature","geometry":{"type":"Polygon","coordinates":[[[-73.8386190003725,40.7570449999357],[-73.8371589999823,40.759997999843],[-73.8369170001329,40.7627669998368],[-73.8355930001851,40.7628529998124],[-73.8349219999904,40.7602549997498],[-73.8275160004289,40.7624209997916],[-73.8265409995622,40.7604640001327],[-73.830140000035,40.7595699999111],[-73.8294689998403,40.7581939999576],[-73.8379170002156,40.754540999793],[-73.8386190003725,40.7570449999357]]]},"properties":{"GEOID":"36081087100","County":"Queens","Pop_Cnt":2643,"Vulner_Pct":81.9628,"Traff_Veh":83.2529867952211,"Asthma":42.5268026066849,"PM25":61.142032570604}},{"type":"Feature","geometry":{"type":"Polygon","coordinates":[[[-73.8334280001633,40.7714340003024],[-73.8295120003963,40.7745690002233],[-73.8252850002848,40.7816970002802],[-73.8222409996557,40.781693999884],[-73.8243310002328,40.7767430002533],[-73.8258309999077,40.7759150001743],[-73.8267270002334,40.768468000271],[-73.8278629998602,40.7653630000655],[-73.830685999658,40.7647119998374],[-73.8334280001633,40.7714340003024]]]},"properties":{"GEOID":"36081088901","County":"Queens","Pop_Cnt":9626,"Vulner_Pct":61.8539,"Traff_Veh":95.0953678474115,"Asthma":42.5268026066849,"PM25":60.2762317048031}},{"type":"Feature","geometry":{"type":"Polygon","coordinates":[[[-73.9155130001474,40.7056259996921],[-73.9134350001642,40.7076599999987],[-73.9097300002845,40.7054710002568],[-73.9118070004428,40.7034349997112],[-73.9155130001474,40.7056259996921]]]},"properties":{"GEOID":"36081054500","County":"Queens","Pop_Cnt":4039,"Vulner_Pct":76.7315,"Traff_Veh":42.2552923915322,"Asthma":68.9089762455329,"PM25":81.0554524840239}},{"type":"Feature","geometry":{"type":"Polygon","coordinates":[[[-73.7370790003289,40.6609819999753],[-73.7351569999813,40.6623610003075],[-73.7361770001555,40.6634909999353],[-73.7329650001953,40.6653560000304],[-73.7298489995962,40.6653479997391],[-73.7298069997634,40.6664320001435],[-73.7282719999284,40.6664400003048],[-73.727814000169,40.6632239998601],[-73.728331000378,40.6630439999258],[-73.7259269999815,40.6577310001908],[-73.7248740001953,40.6534469998287],[-73.7263639998245,40.6541619998014],[-73.7269000003,40.6520910003083],[-73.7297669995804,40.6521649997838],[-73.7295199997082,40.6574340001823],[-73.7283869995561,40.6574110002733],[-73.7329960001574,40.6626569998535],[-73.736265999844,40.6606259998751],[-73.7370790003289,40.6609819999753]]]},"properties":{"GEOID":"36081065600","County":"Queens","Pop_Cnt":4966,"Vulner_Pct":60.7031,"Traff_Veh":58.1639069377489,"Asthma":70.5486651250788,"PM25":47.9488765203051}},{"type":"Feature","geometry":{"type":"Polygon","coordinates":[[[-73.9110359997906,40.699532000215],[-73.903675000435,40.7004090002767],[-73.9024900004043,40.7004839997072],[-73.9061169995679,40.6967500001985],[-73.9110359997906,40.699532000215]]]},"properties":{"GEOID":"36081055300","County":"Queens","Pop_Cnt":2786,"Vulner_Pct":79.096,"Traff_Veh":61.2450220079648,"Asthma":68.9089762455329,"PM25":79.7155225726654}},{"type":"Feature","geometry":{"type":"Polygon","coordinates":[[[-73.9061169995679,40.6967500001985],[-73.9029530001866,40.7000050003027],[-73.9001019999014,40.6983189996631],[-73.9050429998654,40.6937040001181],[-73.9058000002738,40.6941280000951],[-73.904260000416,40.695700000204],[-73.9061169995679,40.6967500001985]]]},"properties":{"GEOID":"36081055500","County":"Queens","Pop_Cnt":2335,"Vulner_Pct":76.2293,"Traff_Veh":53.9719136449382,"Asthma":68.9089762455329,"PM25":78.7878787878788}},{"type":"Feature","geometry":{"type":"Polygon","coordinates":[[[-73.8938400003626,40.7008600001196],[-73.8927440000205,40.7018509999561],[-73.888043000256,40.7029720001441],[-73.8874010003736,40.7014009997639],[-73.8888619996904,40.7012760001168],[-73.8888230002307,40.6995059998234],[-73.8881889998459,40.698860000194],[-73.8928860003107,40.6977400000778],[-73.893349000093,40.7008910001386],[-73.8938400003626,40.7008600001196]]]},"properties":{"GEOID":"36081057700","County":"Queens","Pop_Cnt":4169,"Vulner_Pct":74.5763,"Traff_Veh":67.3024523160763,"Asthma":55.6022703384486,"PM25":75.6545042259328}},{"type":"Feature","geometry":{"type":"Polygon","coordinates":[[[-73.7641380003165,40.6547259997852],[-73.7617499998136,40.6563299996962],[-73.7611809997262,40.6580140000655],[-73.7568230000933,40.657048000008],[-73.7480440001803,40.652508999694],[-73.7433249999741,40.6525380001086],[-73.7432870003393,40.656134999923],[-73.7448740000528,40.656145000135],[-73.7450699998714,40.6577149998226],[-73.7429759999947,40.6602849999883],[-73.7365699996176,40.6574549999441],[-73.7366790002958,40.6558699998944],[-73.7296040002721,40.6556899998789],[-73.7297669995804,40.6521649997838],[-73.7269000003,40.6520910003083],[-73.7263639998245,40.6541619998014],[-73.7248209995936,40.6530199999835],[-73.7252480002892,40.6521929998586],[-73.7268729996375,40.6515410000326],[-73.73513500024,40.6497320003084],[-73.7414369999617,40.646888999839],[-73.742051000255,40.6414739997004],[-73.7414279997409,40.6405020002255],[-73.7422830000586,40.6401210002013],[-73.7394710001315,40.6357059999544],[-73.739959999853,40.6351440002288],[-73.7426499995814,40.6350450000382],[-73.7412009999602,40.6375900001501],[-73.7432949998369,40.6380479998176],[-73.7460220002735,40.635211999717],[-73.7480009996242,40.6346309999435],[-73.7461529997948,40.640379000171],[-73.7487210002228,40.6450150001864],[-73.7494300000523,40.6449250002523],[-73.7520190003967,40.6466650001909],[-73.7516159999906,40.6472350001305],[-73.7641380003165,40.6547259997852]]]},"properties":{"GEOID":"36081066400","County":"Queens","Pop_Cnt":9980,"Vulner_Pct":52.5424,"Traff_Veh":20.5826870677007,"Asthma":70.5486651250788,"PM25":48.814677386106}},{"type":"Feature","geometry":{"type":"Polygon","coordinates":[[[-73.7598209997933,40.6593489999869],[-73.7450599998257,40.6574069999921],[-73.7448740000528,40.656145000135],[-73.7432870003393,40.656134999923],[-73.7433249999741,40.6525380001086],[-73.7480440001803,40.652508999694],[-73.7568230000933,40.657048000008],[-73.7600740004116,40.6578440003402],[-73.7598209997933,40.6593489999869]]]},"properties":{"GEOID":"36081069400","County":"Queens","Pop_Cnt":3455,"Vulner_Pct":67.1061,"Traff_Veh":20.8761265981974,"Asthma":79.9033003994114,"PM25":49.6598639455782}},{"type":"Feature","geometry":{"type":"Polygon","coordinates":[[[-74.0027850001428,40.7495920001658],[-74.0009749999482,40.7520550001331],[-73.9952990002154,40.7496710001845],[-73.9970990003642,40.7472049997912],[-74.0027850001428,40.7495920001658]]]},"properties":{"GEOID":"36061009700","County":"New York","Pop_Cnt":4968,"Vulner_Pct":70.0774,"Traff_Veh":83.5254663592538,"Asthma":65.3983603111205,"PM25":97.0315398886827}},{"type":"Feature","geometry":{"type":"Polygon","coordinates":[[[-74.0082039999577,40.7421479998076],[-74.0063850004405,40.7446459997237],[-74.0007029999616,40.742253999684],[-74.002523000202,40.7397530002064],[-74.0082039999577,40.7421479998076]]]},"properties":{"GEOID":"36061008300","County":"New York","Pop_Cnt":3686,"Vulner_Pct":70.3076,"Traff_Veh":86.1035422343324,"Asthma":65.3983603111205,"PM25":98.2271696557411}},{"type":"Feature","geometry":{"type":"Polygon","coordinates":[[[-73.9555339997787,40.8444359997836],[-73.9430659998795,40.8401929998394],[-73.9446669998367,40.8361809997833],[-73.9439670002279,40.8353089997522],[-73.9444259998123,40.8346809999207],[-73.9576209999828,40.8396470002855],[-73.9555339997787,40.8444359997836]]]},"properties":{"GEOID":"36061024700","County":"New York","Pop_Cnt":7303,"Vulner_Pct":78.7822,"Traff_Veh":95.5145671766925,"Asthma":82.1105738911078,"PM25":76.7264481550196}},{"type":"Feature","geometry":{"type":"Polygon","coordinates":[[[-73.9461310004249,40.803876999861],[-73.9443019999637,40.8063909999792],[-73.9427539997099,40.8057440001615],[-73.941771000244,40.8070889997777],[-73.9385440002151,40.8057299997553],[-73.9418249997723,40.8012400000644],[-73.9450519998012,40.8025990002303],[-73.9445970004148,40.8032280001714],[-73.9461310004249,40.803876999861]]]},"properties":{"GEOID":"36061019800","County":"New York","Pop_Cnt":2645,"Vulner_Pct":76.7734,"Traff_Veh":72.7939635296584,"Asthma":98.8227874710952,"PM25":78.5198928056071}},{"type":"Feature","geometry":{"type":"Polygon","coordinates":[[[-73.9614499997111,40.8308689997755],[-73.9599149998761,40.8343840000074],[-73.9452920000007,40.8284010000123],[-73.9471170002639,40.8259039997858],[-73.9512730002303,40.8276580001908],[-73.9519689996411,40.8270410002256],[-73.9537119998886,40.8272750000244],[-73.954429000114,40.8280739998477],[-73.9614499997111,40.8308689997755]]]},"properties":{"GEOID":"36061023300","County":"New York","Pop_Cnt":7220,"Vulner_Pct":75.1622,"Traff_Veh":92.978411234542,"Asthma":88.2909396678579,"PM25":78.2106782106782}},{"type":"Feature","geometry":{"type":"Polygon","coordinates":[[[-73.9449940000748,40.8084460001622],[-73.9422490000948,40.8122009997642],[-73.939017999868,40.8108559997352],[-73.941771000244,40.8070889997777],[-73.9449940000748,40.8084460001622]]]},"properties":{"GEOID":"36061020800","County":"New York","Pop_Cnt":5432,"Vulner_Pct":74.7437,"Traff_Veh":56.0469503248795,"Asthma":99.5795669539626,"PM25":77.6747062461348}},{"type":"Feature","geometry":{"type":"Polygon","coordinates":[[[-74.0912530000395,40.6494440001368],[-74.0868059998199,40.651596000196],[-74.0715700003744,40.6518119997796],[-74.0737079997338,40.6451299998878],[-74.0792060000897,40.6434309997028],[-74.0802820003404,40.6447930002202],[-74.0823720000191,40.6446449998324],[-74.0820730002684,40.6442080002818],[-74.0865239997876,40.6425639999116],[-74.0865199995897,40.6438970003313],[-74.0912530000395,40.6494440001368]]]},"properties":{"GEOID":"36085000700","County":"Richmond","Pop_Cnt":4557,"Vulner_Pct":86.922,"Traff_Veh":45.5460071263886,"Asthma":90.9186462055918,"PM25":99.6907854050711}},{"type":"Feature","geometry":{"type":"Polygon","coordinates":[[[-74.1468289998569,40.6313820002286],[-74.1456310003058,40.6352459997759],[-74.1396810000383,40.6379489998431],[-74.1406710000752,40.6351509999889],[-74.1355540003842,40.6348000001127],[-74.1352139997272,40.6353449996685],[-74.1309409995849,40.6331390002857],[-74.1315819996424,40.63199399966],[-74.1304700003051,40.631675999947],[-74.1304610000842,40.6308969998188],[-74.1310739996543,40.6311479998057],[-74.1334370000429,40.6290750003256],[-74.1340870003212,40.6295419997341],[-74.1358609996325,40.6280610000366],[-74.1395060001361,40.6305709999645],[-74.1406019995799,40.6296580003304],[-74.1468289998569,40.6313820002286]]]},"properties":{"GEOID":"36085021300","County":"Richmond","Pop_Cnt":4681,"Vulner_Pct":81.4815,"Traff_Veh":46.3005659190945,"Asthma":79.7141055286946,"PM25":99.8350855493713}},{"type":"Feature","geometry":{"type":"Polygon","coordinates":[[[-74.1176569997259,40.6380620000913],[-74.1151910003035,40.638347000254],[-74.1149949995866,40.6372919997626],[-74.1073370001301,40.6385400001778],[-74.1057679999599,40.6305689997012],[-74.116189999663,40.6289410000004],[-74.1176569997259,40.6380620000913]]]},"properties":{"GEOID":"36085010500","County":"Richmond","Pop_Cnt":4372,"Vulner_Pct":80.498,"Traff_Veh":40.6623349402641,"Asthma":72.0412024385117,"PM25":99.4640280354566}},{"type":"Feature","geometry":{"type":"Polygon","coordinates":[[[-74.0778090003469,40.6063039997511],[-74.0749699997573,40.6095129999114],[-74.0711900004328,40.6115170001911],[-74.0659289999034,40.6055890000378],[-74.0637689999044,40.6021270003046],[-74.072720000245,40.6052700002688],[-74.0778090003469,40.6063039997511]]]},"properties":{"GEOID":"36085002001","County":"Richmond","Pop_Cnt":2502,"Vulner_Pct":70.2867,"Traff_Veh":95.0534479144833,"Asthma":84.8223670380492,"PM25":94.5990517419089}},{"type":"Feature","geometry":{"type":"Polygon","coordinates":[[[-73.9433219999725,40.8209170000301],[-73.9414259995641,40.8235069997235],[-73.9357449998084,40.8211060000755],[-73.9376410002168,40.8185169997918],[-73.9433219999725,40.8209170000301]]]},"properties":{"GEOID":"36061023200","County":"New York","Pop_Cnt":9069,"Vulner_Pct":87.1103,"Traff_Veh":62.0834206665269,"Asthma":99.5795669539626,"PM25":76.3141620284477}},{"type":"Feature","geometry":{"type":"Polygon","coordinates":[[[-73.9799619995892,40.7139729998636],[-73.9789089998031,40.7159510001893],[-73.9688610001937,40.7126499999045],[-73.9699409997441,40.7093100001149],[-73.969612999681,40.7076340000559],[-73.970318000211,40.7073319999776],[-73.9727889996562,40.7093780002751],[-73.9759329998444,40.7129070003018],[-73.9799619995892,40.7139729998636]]]},"properties":{"GEOID":"36061001001","County":"New York","Pop_Cnt":1546,"Vulner_Pct":42.4566,"Traff_Veh":95.1582477468036,"Asthma":92.4952701282321,"PM25":96.0626674912389}},{"type":"Feature","geometry":{"type":"Polygon","coordinates":[[[-73.9511109998486,40.7942850002025],[-73.9492200003615,40.7969100000059],[-73.9460419998381,40.7954669999126],[-73.9478960004137,40.7929279999949],[-73.9511109998486,40.7942850002025]]]},"properties":{"GEOID":"36061017401","County":"New York","Pop_Cnt":4634,"Vulner_Pct":92.9902,"Traff_Veh":55.7954307273108,"Asthma":98.5915492957747,"PM25":81.5501958359101}},{"type":"Feature","geometry":{"type":"Polygon","coordinates":[[[-73.9491109996832,40.7854929997081],[-73.9479240000027,40.7871209998885],[-73.9433189995994,40.7851739997624],[-73.9447229999132,40.7832470000545],[-73.9491109996832,40.7854929997081]]]},"properties":{"GEOID":"36061015602","County":"New York","Pop_Cnt":2433,"Vulner_Pct":80.4143,"Traff_Veh":91.783693146091,"Asthma":98.5915492957747,"PM25":83.1993403421975}},{"type":"Feature","geometry":{"type":"Polygon","coordinates":[[[-73.9432719997438,40.7934880002227],[-73.9405190002662,40.797260999697],[-73.9359120002131,40.7953120002974],[-73.9386489997971,40.7915579996976],[-73.9432719997438,40.7934880002227]]]},"properties":{"GEOID":"36061018000","County":"New York","Pop_Cnt":7422,"Vulner_Pct":96.5265,"Traff_Veh":85.1184238105219,"Asthma":98.8227874710952,"PM25":80.1484230055659}},{"type":"Feature","geometry":{"type":"Polygon","coordinates":[[[-73.9525849995842,40.80823799996],[-73.9506799998534,40.8108429998739],[-73.9449940000748,40.8084460001622],[-73.9468999996306,40.8058390002177],[-73.9525849995842,40.80823799996]]]},"properties":{"GEOID":"36061022200","County":"New York","Pop_Cnt":3369,"Vulner_Pct":73.4673,"Traff_Veh":67.7845315447495,"Asthma":97.9608997267185,"PM25":79.5093795093795}},{"type":"Feature","geometry":{"type":"Polygon","coordinates":[[[-73.9375180001932,40.844137000115],[-73.9342390002858,40.8486259999441],[-73.9313930000234,40.8474280002914],[-73.9346710001059,40.8429579998784],[-73.9375180001932,40.844137000115]]]},"properties":{"GEOID":"36061026100","County":"New York","Pop_Cnt":13145,"Vulner_Pct":90.8349,"Traff_Veh":99.5808006707189,"Asthma":82.1105738911078,"PM25":74.7062461348176}},{"type":"Feature","geometry":{"type":"Polygon","coordinates":[[[-73.9636569995657,40.8262980001205],[-73.9623490004097,40.8288080002076],[-73.9490060001012,40.823314999847],[-73.9508289998163,40.8208289997784],[-73.9636569995657,40.8262980001205]]]},"properties":{"GEOID":"36061022500","County":"New York","Pop_Cnt":10334,"Vulner_Pct":82.8834,"Traff_Veh":88.8073779081953,"Asthma":88.2909396678579,"PM25":78.8084930942074}},{"type":"Feature","geometry":{"type":"Polygon","coordinates":[[[-73.9883670003068,40.7164459998727],[-73.9867520001059,40.7195930000916],[-73.9833950003807,40.7185710001502],[-73.9850130000564,40.7154380003353],[-73.9883670003068,40.7164459998727]]]},"properties":{"GEOID":"36061001402","County":"New York","Pop_Cnt":2941,"Vulner_Pct":84.411,"Traff_Veh":92.957451268078,"Asthma":92.4952701282321,"PM25":97.5468975468976}},{"type":"Feature","geometry":{"type":"Polygon","coordinates":[[[-73.9586079996467,40.8373809997041],[-73.9576209999828,40.8396470002855],[-73.9415770000752,40.8334870002519],[-73.9429799996657,40.8315680001692],[-73.9586079996467,40.8373809997041]]]},"properties":{"GEOID":"36061024100","County":"New York","Pop_Cnt":8680,"Vulner_Pct":84.1389,"Traff_Veh":91.9932928107315,"Asthma":82.1105738911078,"PM25":76.7470624613482}},{"type":"Feature","geometry":{"type":"Polygon","coordinates":[[[-73.9483859999601,40.7922559997435],[-73.9450960001821,40.7967640001865],[-73.9418759998259,40.7954059999449],[-73.9451680001521,40.7908940000384],[-73.9483859999601,40.7922559997435]]]},"properties":{"GEOID":"36061017200","County":"New York","Pop_Cnt":5130,"Vulner_Pct":89.6003,"Traff_Veh":74.7222804443513,"Asthma":98.5915492957747,"PM25":81.3852813852814}},{"type":"Feature","geometry":{"type":"Polygon","coordinates":[[[-73.9430659998795,40.8401929998394],[-73.9420130000933,40.8428100001129],[-73.9364639996838,40.8404819999189],[-73.9383430003737,40.8379090002092],[-73.9430659998795,40.8401929998394]]]},"properties":{"GEOID":"36061025100","County":"New York","Pop_Cnt":2835,"Vulner_Pct":92.8437,"Traff_Veh":88.8702578075875,"Asthma":82.1105738911078,"PM25":75.3246753246753}},{"type":"Feature","geometry":{"type":"Polygon","coordinates":[[[-73.9884509999724,40.7232769998119],[-73.9875019999433,40.7245840003356],[-73.9829640003855,40.7226709997143],[-73.9838239998278,40.7214729997742],[-73.9884509999724,40.7232769998119]]]},"properties":{"GEOID":"36061003002","County":"New York","Pop_Cnt":2939,"Vulner_Pct":63.0048,"Traff_Veh":80.5281911548942,"Asthma":70.8219466050031,"PM25":97.4438260152546}},{"type":"Feature","geometry":{"type":"Polygon","coordinates":[[[-73.9684760002293,40.7966430002186],[-73.9657110001578,40.8004370001612],[-73.9600370000748,40.7980379999622],[-73.9628339999333,40.7942030003338],[-73.9684760002293,40.7966430002186]]]},"properties":{"GEOID":"36061018900","County":"New York","Pop_Cnt":11654,"Vulner_Pct":82.172,"Traff_Veh":71.9555648710962,"Asthma":63.2961950809334,"PM25":85.1164708307565}},{"type":"Feature","geometry":{"type":"Polygon","coordinates":[[[-74.0012810002699,40.7099939998043],[-73.9997010002291,40.7117800002181],[-73.9969470000283,40.7120719998775],[-73.9962220003052,40.7091809997503],[-73.9936930002353,40.7044760003],[-73.9944980003243,40.7043179997474],[-74.0012810002699,40.7099939998043]]]},"properties":{"GEOID":"36061002500","County":"New York","Pop_Cnt":5483,"Vulner_Pct":92.5298,"Traff_Veh":98.5118423810522,"Asthma":65.3983603111205,"PM25":98.8249845392703}},{"type":"Feature","geometry":{"type":"Polygon","coordinates":[[[-73.9974440001457,40.7140670001929],[-73.992561999733,40.7143880001069],[-73.9920749996613,40.7097709999507],[-73.9893809997349,40.7051370001376],[-73.9927219995665,40.7055440000578],[-73.9936930002353,40.7044760003],[-73.9962220003052,40.7091809997503],[-73.9974440001457,40.7140670001929]]]},"properties":{"GEOID":"36061000800","County":"New York","Pop_Cnt":9315,"Vulner_Pct":75.3714,"Traff_Veh":94.2988891217774,"Asthma":65.3983603111205,"PM25":98.5569985569986}},{"type":"Feature","geometry":{"type":"Polygon","coordinates":[[[-74.0495939997427,40.6616220001322],[-74.0427589999185,40.6729880001869],[-74.0345730003823,40.6848659999132],[-74.0193470000842,40.6795479997672],[-74.0084249998906,40.6860159999744],[-74.0048530000803,40.6856679998983],[-74.0058189998278,40.6836560001116],[-74.0067129996053,40.6836150000686],[-74.0116999996,40.6793650000482],[-74.009543999799,40.6778980002499],[-74.0114119997199,40.6763190003176],[-74.0096109997462,40.6751209997169],[-74.0026079996925,40.6731820002545],[-74.0012129995996,40.6758700001789],[-73.9986190001306,40.6718299999976],[-74.000174999882,40.6686010001221],[-74.001453999624,40.6676330002393],[-74.0177999996554,40.6625439996799],[-74.0495939997427,40.6616220001322]]]},"properties":{"GEOID":"36047005300","County":"Kings","Pop_Cnt":2167,"Vulner_Pct":61.0588,"Traff_Veh":27.4575560679103,"Asthma":74.2905192348119,"PM25":98.6600700886415}},{"type":"Feature","geometry":{"type":"Polygon","coordinates":[[[-73.9441410003052,40.6782369998128],[-73.9439730000757,40.6800880000413],[-73.9290580001223,40.6792770002911],[-73.9303219997956,40.6774849997253],[-73.9441410003052,40.6782369998128]]]},"properties":{"GEOID":"36047027100","County":"Kings","Pop_Cnt":3103,"Vulner_Pct":77.1082,"Traff_Veh":74.9109201425278,"Asthma":93.48328778642,"PM25":89.3011750154607}},{"type":"Feature","geometry":{"type":"Polygon","coordinates":[[[-73.9906789997434,40.5800599998905],[-73.9882369997121,40.5797040001456],[-73.9900059998989,40.5806760001636],[-73.988358000086,40.5834749998427],[-73.9866080001658,40.5837190002445],[-73.9870840003669,40.5846190002933],[-73.9775039996644,40.5827840000654],[-73.9746380002089,40.5831139997348],[-73.9746859998895,40.5799769998376],[-73.9819750001734,40.5792539999533],[-73.9812560002981,40.5755629997817],[-73.9834349996653,40.5754139999142],[-73.9841490004161,40.5790530002677],[-73.9905039998413,40.5783580002815],[-73.9906789997434,40.5800599998905]]]},"properties":{"GEOID":"36047034800","County":"Kings","Pop_Cnt":2885,"Vulner_Pct":80.3515,"Traff_Veh":91.7208132466988,"Asthma":88.1437881017448,"PM25":81.1791383219955}},{"type":"Feature","geometry":{"type":"Polygon","coordinates":[[[-73.9410940002014,40.7223090001918],[-73.9318249998436,40.7284819998196],[-73.9290859997114,40.7277139998267],[-73.9278010001216,40.726494000269],[-73.9241799999075,40.7200199998126],[-73.9242779998168,40.7185360001727],[-73.9227110001947,40.7164780003321],[-73.9243270002206,40.7155679996913],[-73.9240400001654,40.7140080001973],[-73.9222330003438,40.712854000158],[-73.9207450003645,40.7105300000465],[-73.921891999862,40.7093959997651],[-73.9322969998467,40.7077490000662],[-73.935612999564,40.7151909997019],[-73.9400220001487,40.7158129998567],[-73.9410940002014,40.7223090001918]]]},"properties":{"GEOID":"36047044900","County":"Kings","Pop_Cnt":3210,"Vulner_Pct":87.4241,"Traff_Veh":84.0704254873192,"Asthma":83.9394576413706,"PM25":85.7555143269429}},{"type":"Feature","geometry":{"type":"Polygon","coordinates":[[[-73.8912519998432,40.6500260003233],[-73.8862819995669,40.6527560003305],[-73.8841130002454,40.6499559998855],[-73.8760819996216,40.6432929997962],[-73.8788140000811,40.6379419996947],[-73.8912519998432,40.6500260003233]]]},"properties":{"GEOID":"36047105804","County":"Kings","Pop_Cnt":6744,"Vulner_Pct":85.7083,"Traff_Veh":72.3747642003773,"Asthma":84.6541938196342,"PM25":72.3562152133581}},{"type":"Feature","geometry":{"type":"Polygon","coordinates":[[[-73.9385440002151,40.8057299997553],[-73.9351720004213,40.8102519998261],[-73.9326049998183,40.811516999893],[-73.9323460002505,40.8085859997221],[-73.9282250004441,40.8038499998694],[-73.9303700003745,40.8027370000284],[-73.931772999965,40.800978999743],[-73.936309999698,40.8030240003107],[-73.9353260004071,40.8043709997818],[-73.9385440002151,40.8057299997553]]]},"properties":{"GEOID":"36061024200","County":"New York","Pop_Cnt":5003,"Vulner_Pct":91.651,"Traff_Veh":96.6464053657514,"Asthma":98.8227874710952,"PM25":76.9738198309627}},{"type":"Feature","geometry":{"type":"Polygon","coordinates":[[[-73.9702239996013,40.5905400002061],[-73.9651289996515,40.5911080002766],[-73.9666140001561,40.5845749996932],[-73.9690629998601,40.5839999997332],[-73.9702239996013,40.5905400002061]]]},"properties":{"GEOID":"36047037401","County":"Kings","Pop_Cnt":4376,"Vulner_Pct":70.0356,"Traff_Veh":90.5889750576399,"Asthma":63.6956064746689,"PM25":79.9422799422799}},{"type":"Feature","geometry":{"type":"Polygon","coordinates":[[[-73.9746380002089,40.5831139997348],[-73.9742170002594,40.5901109997207],[-73.9702239996013,40.5905400002061],[-73.9690629998601,40.5839999997332],[-73.9746380002089,40.5831139997348]]]},"properties":{"GEOID":"36047037402","County":"Kings","Pop_Cnt":4937,"Vulner_Pct":75.6016,"Traff_Veh":89.834416264934,"Asthma":63.6956064746689,"PM25":80.4164089878376}},{"type":"Feature","geometry":{"type":"Polygon","coordinates":[[[-73.9853629998607,40.6906670003022],[-73.9850830003766,40.6959630003083],[-73.9846060003506,40.6959449999121],[-73.9849600003529,40.6984449998871],[-73.9830510004241,40.6983779999382],[-73.9831180003712,40.6975420000529],[-73.9805149997832,40.6974370002757],[-73.9801390000395,40.6946829998955],[-73.9791680002691,40.6934889998491],[-73.9825119995755,40.6936139998048],[-73.982395000298,40.6929730003231],[-73.9817120004077,40.6929669996952],[-73.9820789999305,40.6912919996861],[-73.9813600000552,40.6899279998164],[-73.9853629998607,40.6906670003022]]]},"properties":{"GEOID":"36047001500","County":"Kings","Pop_Cnt":9011,"Vulner_Pct":66.3946,"Traff_Veh":97.4009641584573,"Asthma":90.6874080302712,"PM25":97.2376829519687}},{"type":"Feature","geometry":{"type":"Polygon","coordinates":[[[-73.9602930001679,40.6903459997993],[-73.9554099999302,40.690907999812],[-73.9546840003822,40.6872449998347],[-73.9595680004448,40.6866830002634],[-73.9602930001679,40.6903459997993]]]},"properties":{"GEOID":"36047023300","County":"Kings","Pop_Cnt":5884,"Vulner_Pct":81.1048,"Traff_Veh":65.6675749318801,"Asthma":91.8015556022703,"PM25":93.4652648938363}},{"type":"Feature","geometry":{"type":"Polygon","coordinates":[[[-73.9601580004486,40.6941170002695],[-73.9561430000492,40.6945790002334],[-73.9554099999302,40.690907999812],[-73.9594279998043,40.6904480001076],[-73.9601580004486,40.6941170002695]]]},"properties":{"GEOID":"36047023500","County":"Kings","Pop_Cnt":4694,"Vulner_Pct":70.2239,"Traff_Veh":70.697966883253,"Asthma":76.0983813327728,"PM25":92.5788497217069}},{"type":"Feature","geometry":{"type":"Polygon","coordinates":[[[-73.9567029999158,40.674170999931],[-73.9553089996478,40.6792729999588],[-73.9530049997088,40.6788149998308],[-73.9529369999368,40.6735710002276],[-73.9567029999158,40.674170999931]]]},"properties":{"GEOID":"36047022100","County":"Kings","Pop_Cnt":3976,"Vulner_Pct":77.1291,"Traff_Veh":80.0041919932928,"Asthma":93.48328778642,"PM25":93.4034219748505}},{"type":"Feature","geometry":{"type":"Polygon","coordinates":[[[-73.951464000026,40.6898639999297],[-73.9481850001187,40.6902420001789],[-73.9473099997094,40.6858460001016],[-73.95059000034,40.6854670001305],[-73.951464000026,40.6898639999297]]]},"properties":{"GEOID":"36047025100","County":"Kings","Pop_Cnt":3741,"Vulner_Pct":86.6709,"Traff_Veh":60.1341437853699,"Asthma":91.8015556022703,"PM25":91.7542774685632}},{"type":"Feature","geometry":{"type":"Polygon","coordinates":[[[-73.9524890002231,40.6950039999377],[-73.9492069999427,40.6953780002683],[-73.9481850001187,40.6902420001789],[-73.951464000026,40.6898639999297],[-73.9524890002231,40.6950039999377]]]},"properties":{"GEOID":"36047025300","County":"Kings","Pop_Cnt":3496,"Vulner_Pct":76.4804,"Traff_Veh":69.3146090966254,"Asthma":91.8015556022703,"PM25":91.6305916305916}},{"type":"Feature","geometry":{"type":"Polygon","coordinates":[[[-73.9898510000882,40.6161300002647],[-73.9880660000079,40.6178520002847],[-73.981437999873,40.6138380002346],[-73.9832220001283,40.6121220001304],[-73.9898510000882,40.6161300002647]]]},"properties":{"GEOID":"36047025600","County":"Kings","Pop_Cnt":3199,"Vulner_Pct":74.095,"Traff_Veh":72.0184447704884,"Asthma":16.7122135799874,"PM25":87.3634302205731}},{"type":"Feature","geometry":{"type":"Polygon","coordinates":[[[-73.9500909996744,40.6997909997115],[-73.9443880001774,40.7004249999353],[-73.9439489997863,40.6982220001823],[-73.9467969996984,40.6979030002689],[-73.9463659997032,40.6957040002315],[-73.9492069999427,40.6953780002683],[-73.9500909996744,40.6997909997115]]]},"properties":{"GEOID":"36047025700","County":"Kings","Pop_Cnt":2476,"Vulner_Pct":80.5817,"Traff_Veh":52.1693565290296,"Asthma":91.8015556022703,"PM25":90.249433106576}},{"type":"Feature","geometry":{"type":"Polygon","coordinates":[[[-73.9492069999427,40.6953780002683],[-73.943526000187,40.6960309997934],[-73.9432430003298,40.694557999902],[-73.9489140000397,40.6939050002428],[-73.9492069999427,40.6953780002683]]]},"properties":{"GEOID":"36047025901","County":"Kings","Pop_Cnt":2257,"Vulner_Pct":83.5949,"Traff_Veh":55.9840704254873,"Asthma":91.8015556022703,"PM25":90.4968047825191}},{"type":"Feature","geometry":{"type":"Polygon","coordinates":[[[-73.9314549999477,40.6652339997426],[-73.9308680003169,40.6714739998857],[-73.9280980002225,40.6713209997532],[-73.9286830002036,40.6650859997194],[-73.9314549999477,40.6652339997426]]]},"properties":{"GEOID":"36047034900","County":"Kings","Pop_Cnt":6145,"Vulner_Pct":85.8548,"Traff_Veh":79.5849926640117,"Asthma":93.48328778642,"PM25":87.7138734281591}},{"type":"Feature","geometry":{"type":"Polygon","coordinates":[[[-74.0023659998431,40.5723180001143],[-73.9978090000187,40.5715599999925],[-73.9913869997481,40.5716559997825],[-73.9917430002986,40.5734300001263],[-73.9857229997108,40.5751170001455],[-73.9806450003778,40.5755659999176],[-73.9734509996301,40.5747989999171],[-73.9730280000308,40.5760499998365],[-73.9667539998982,40.574833000018],[-73.9594139995607,40.5751579999898],[-73.9593469996135,40.5695090001445],[-74.0007210004033,40.5670479998632],[-74.0023659998431,40.5723180001143]]]},"properties":{"GEOID":"36047035200","County":"Kings","Pop_Cnt":1254,"Vulner_Pct":85.7292,"Traff_Veh":35.6109830224272,"Asthma":88.1437881017448,"PM25":79.8185941043084}},{"type":"Feature","geometry":{"type":"Polygon","coordinates":[[[-73.9372639997499,40.6631919997104],[-73.9369840002658,40.6655359998577],[-73.9286830002036,40.6650859997194],[-73.9285440002864,40.6645740002365],[-73.9306850000188,40.6636200001859],[-73.9372639997499,40.6631919997104]]]},"properties":{"GEOID":"36047035500","County":"Kings","Pop_Cnt":5631,"Vulner_Pct":82.7997,"Traff_Veh":69.7757283588346,"Asthma":81.0384696237124,"PM25":88.1673881673882}},{"type":"Feature","geometry":{"type":"Polygon","coordinates":[[[-73.9285440002864,40.6645740002365],[-73.9280980002225,40.6713209997532],[-73.9253280001282,40.6711690001556],[-73.9255979995666,40.6684959997133],[-73.9243890001449,40.6663850001136],[-73.9285440002864,40.6645740002365]]]},"properties":{"GEOID":"36047035700","County":"Kings","Pop_Cnt":2328,"Vulner_Pct":94.9153,"Traff_Veh":76.2942779291553,"Asthma":93.48328778642,"PM25":86.4151721294578}},{"type":"Feature","geometry":{"type":"Polygon","coordinates":[[[-73.9255730003506,40.6687149998142],[-73.9250820000809,40.6738440000638],[-73.9221320000615,40.6736840001132],[-73.9227530000275,40.6670979998923],[-73.9243890001449,40.6663850001136],[-73.9255730003506,40.6687149998142]]]},"properties":{"GEOID":"36047035900","County":"Kings","Pop_Cnt":5593,"Vulner_Pct":93.869,"Traff_Veh":76.2104380632991,"Asthma":93.48328778642,"PM25":85.8173572459287}},{"type":"Feature","geometry":{"type":"Polygon","coordinates":[[[-73.897011000315,40.640374000247],[-73.8939609998381,40.6423429999278],[-73.8903279999285,40.6390799998575],[-73.8933750000323,40.6371079999435],[-73.897011000315,40.640374000247]]]},"properties":{"GEOID":"36047101200","County":"Kings","Pop_Cnt":2288,"Vulner_Pct":71.2701,"Traff_Veh":61.5175015719975,"Asthma":82.9514399831827,"PM25":74.0465883323026}},{"type":"Feature","geometry":{"type":"Polygon","coordinates":[[[-74.0872789996479,40.6378120002146],[-74.087205999853,40.6398959996596],[-74.0822819996075,40.6406009998222],[-74.0819269997802,40.6398709998555],[-74.0811009997748,40.6399220001275],[-74.0814730002188,40.6415119998496],[-74.0788460002396,40.641995000256],[-74.0778989998603,40.6380940000243],[-74.0787879996149,40.6382689997061],[-74.0837339996018,40.6357370002807],[-74.0872789996479,40.6378120002146]]]},"properties":{"GEOID":"36085001100","County":"Richmond","Pop_Cnt":3314,"Vulner_Pct":80.9793,"Traff_Veh":47.4743240410815,"Asthma":90.9186462055918,"PM25":99.3403421974851}},{"type":"Feature","geometry":{"type":"Polygon","coordinates":[[[-74.171195999568,40.6359499999127],[-74.170610999587,40.6452890002688],[-74.1615360002962,40.6441569998763],[-74.1612550000888,40.6417899998528],[-74.1601920002569,40.6402109997967],[-74.1603110000826,40.6337879996647],[-74.1662749996955,40.6336500002744],[-74.166186999832,40.6358539997114],[-74.171195999568,40.6359499999127]]]},"properties":{"GEOID":"36085031902","County":"Richmond","Pop_Cnt":5343,"Vulner_Pct":84.7876,"Traff_Veh":37.3087403060155,"Asthma":84.1496741643893,"PM25":99.9793856936714}},{"type":"Feature","geometry":{"type":"Polygon","coordinates":[[[-74.0792060000897,40.6434309997028],[-74.0737079997338,40.6451299998878],[-74.0715700003744,40.6518119997796],[-74.0557390000039,40.6517599999186],[-74.0562329997483,40.6381770001838],[-74.0768400002264,40.6377500001112],[-74.0778989998603,40.6380940000243],[-74.0788460002396,40.641995000256],[-74.0781979996111,40.6421150001832],[-74.0792060000897,40.6434309997028]]]},"properties":{"GEOID":"36085000300","County":"Richmond","Pop_Cnt":2004,"Vulner_Pct":73.53,"Traff_Veh":55.9421504925592,"Asthma":90.9186462055918,"PM25":99.2991135848279}},{"type":"Feature","geometry":{"type":"Polygon","coordinates":[[[-74.0756469997998,40.6266639998846],[-74.072716000047,40.6268780000117],[-74.0723219998617,40.6248629999155],[-74.0553239999022,40.6251029997799],[-74.0475140001096,40.6123189997309],[-74.060378999669,40.6062770000201],[-74.0756469997998,40.6266639998846]]]},"properties":{"GEOID":"36085000600","County":"Richmond","Pop_Cnt":2311,"Vulner_Pct":70.475,"Traff_Veh":41.6474533640746,"Asthma":84.8223670380492,"PM25":95.9389816532674}},{"type":"Feature","geometry":{"type":"Polygon","coordinates":[[[-74.074547000158,40.6169429999531],[-74.0709540004313,40.6204309998263],[-74.0604299997226,40.6063539999314],[-74.0651630001724,40.6042009997901],[-74.0711900004328,40.6115170001911],[-74.0706770004218,40.6117759999384],[-74.074547000158,40.6169429999531]]]},"properties":{"GEOID":"36085000800","County":"Richmond","Pop_Cnt":5238,"Vulner_Pct":67.964,"Traff_Veh":73.5694822888283,"Asthma":84.8223670380492,"PM25":95.1144094001237}},{"type":"Feature","geometry":{"type":"Polygon","coordinates":[[[-74.0878329996668,40.6153179999079],[-74.0862669998697,40.6178319999761],[-74.0852500000685,40.62280099966],[-74.0795979997268,40.6246020000045],[-74.0769549998541,40.6201609997833],[-74.087210000051,40.6133069997392],[-74.0878329996668,40.6153179999079]]]},"properties":{"GEOID":"36085002900","County":"Richmond","Pop_Cnt":4702,"Vulner_Pct":92.6763,"Traff_Veh":49.6332005868791,"Asthma":84.8223670380492,"PM25":97.526283240569}},{"type":"Feature","geometry":{"type":"Polygon","coordinates":[[[-74.0857489998358,40.6339549997607],[-74.0844369995836,40.6354049998418],[-74.0781320003871,40.638172000095],[-74.0780000001427,40.6365139997559],[-74.0790880000889,40.6328860000898],[-74.0814070000965,40.6303010000054],[-74.0857489998358,40.6339549997607]]]},"properties":{"GEOID":"36085001700","County":"Richmond","Pop_Cnt":1475,"Vulner_Pct":85.8129,"Traff_Veh":60.3647034164745,"Asthma":84.8223670380492,"PM25":99.0723562152133}},{"type":"Feature","geometry":{"type":"Polygon","coordinates":[[[-74.0849620001885,40.6246250003119],[-74.0833949996681,40.6271199998199],[-74.0808310003364,40.6274080001842],[-74.0797249999485,40.6289510001968],[-74.0817309999616,40.6300119997056],[-74.0793650000983,40.6322250002062],[-74.0780960004021,40.6360399996777],[-74.0781320003871,40.638172000095],[-74.0760180004189,40.6377480000629],[-74.0562329997483,40.6381770001838],[-74.0566300003066,40.6272870002297],[-74.0553239999022,40.6251029997799],[-74.0723219998617,40.6248629999155],[-74.0729079996676,40.6269249999191],[-74.078165999824,40.6264660001185],[-74.0799700001708,40.6244830001846],[-74.0852500000685,40.62280099966],[-74.0849620001885,40.6246250003119]]]},"properties":{"GEOID":"36085002100","County":"Richmond","Pop_Cnt":4469,"Vulner_Pct":85.0806,"Traff_Veh":63.6973380842591,"Asthma":84.8223670380492,"PM25":98.6806843949701}},{"type":"Feature","geometry":{"type":"Polygon","coordinates":[[[-74.121169999985,40.6088339998484],[-74.1174259997473,40.6092900001122],[-74.1159600004075,40.6074520002973],[-74.1148709997381,40.602136999741],[-74.1205959998747,40.6018100001419],[-74.121169999985,40.6088339998484]]]},"properties":{"GEOID":"36085017300","County":"Richmond","Pop_Cnt":2343,"Vulner_Pct":77.4011,"Traff_Veh":95.304967512052,"Asthma":50.5360521336977,"PM25":97.8354978354978}},{"type":"Feature","geometry":{"type":"Polygon","coordinates":[[[-73.9429799996657,40.8315680001692],[-73.9411179995926,40.8341140000439],[-73.9391550001354,40.8332779999099],[-73.9403090002039,40.8317110000487],[-73.9403460000138,40.8304579999136],[-73.9429799996657,40.8315680001692]]]},"properties":{"GEOID":"36061023900","County":"New York","Pop_Cnt":2781,"Vulner_Pct":88.6169,"Traff_Veh":84.9088241458814,"Asthma":82.1105738911078,"PM25":76.1080189651618}},{"type":"Feature","geometry":{"type":"Polygon","coordinates":[[[-73.9414259995641,40.8235069997235],[-73.939350999954,40.8258980002698],[-73.9367869997239,40.824811000152],[-73.9381290001134,40.8229339996785],[-73.9353349997296,40.8217489997294],[-73.9357449998084,40.8211060000755],[-73.9414259995641,40.8235069997235]]]},"properties":{"GEOID":"36061023400","County":"New York","Pop_Cnt":5072,"Vulner_Pct":89.412,"Traff_Veh":67.0509327185077,"Asthma":99.5795669539626,"PM25":75.8812615955473}},{"type":"Feature","geometry":{"type":"Polygon","coordinates":[[[-73.9452920000007,40.8284010000123],[-73.9429799996657,40.8315680001692],[-73.9385879996977,40.8297169997537],[-73.9405950004342,40.8264140001629],[-73.9452920000007,40.8284010000123]]]},"properties":{"GEOID":"36061023501","County":"New York","Pop_Cnt":7044,"Vulner_Pct":78.8031,"Traff_Veh":71.5154055753511,"Asthma":88.2909396678579,"PM25":76.3760049474335}},{"type":"Feature","geometry":{"type":"Polygon","coordinates":[[[-73.9405950004342,40.8264140001629],[-73.9385879996977,40.8297169997537],[-73.9372710003209,40.8291539997285],[-73.9396020000241,40.8260019999601],[-73.9405950004342,40.8264140001629]]]},"properties":{"GEOID":"36061023502","County":"New York","Pop_Cnt":1986,"Vulner_Pct":85.2061,"Traff_Veh":87.0677006916789,"Asthma":99.5795669539626,"PM25":75.6751185322614}},{"type":"Feature","geometry":{"type":"Polygon","coordinates":[[[-73.9396020000241,40.8260019999601],[-73.9372710003209,40.8291539997285],[-73.9348369997873,40.8280319998406],[-73.933059000278,40.8281560000113],[-73.9323269999839,40.8195030002538],[-73.9362269998573,40.8204380002689],[-73.9353349997296,40.8217489997294],[-73.9381290001134,40.8229339996785],[-73.9367869997239,40.824811000152],[-73.9396020000241,40.8260019999601]]]},"properties":{"GEOID":"36061023600","County":"New York","Pop_Cnt":7761,"Vulner_Pct":82.9671,"Traff_Veh":89.8972961643261,"Asthma":99.5795669539626,"PM25":75.5308183879612}},{"type":"Feature","geometry":{"type":"Polygon","coordinates":[[[-73.9586079996467,40.8373809997041],[-73.9482910004239,40.8338610003287],[-73.9429799996657,40.8315680001692],[-73.9452920000007,40.8284010000123],[-73.9599149998761,40.8343840000074],[-73.9586079996467,40.8373809997041]]]},"properties":{"GEOID":"36061023700","County":"New York","Pop_Cnt":6682,"Vulner_Pct":83.9506,"Traff_Veh":94.8438482498428,"Asthma":88.2909396678579,"PM25":77.0975056689342}},{"type":"Feature","geometry":{"type":"Polygon","coordinates":[[[-73.9362389995529,40.7856869998981],[-73.9308680003169,40.7910930002725],[-73.9265099997858,40.790867999974],[-73.9261349998671,40.7913500002973],[-73.9283729996838,40.7928450000729],[-73.9269630004206,40.7952420001551],[-73.9275989995569,40.7980299999673],[-73.925081000256,40.8025210001584],[-73.923021999641,40.8024249998394],[-73.9198609997344,40.7993529999609],[-73.9124559999979,40.7960960001128],[-73.9106729995674,40.7931159997868],[-73.9102959999989,40.7906569997811],[-73.9142390004283,40.7878560002044],[-73.917171000006,40.7841930000316],[-73.9257449998797,40.778404999792],[-73.9277080002352,40.7809640003343],[-73.9314940003058,40.7825270001776],[-73.9354329996389,40.7832489998185],[-73.9362389995529,40.7856869998981]]]},"properties":{"GEOID":"36061024000","County":"New York","Pop_Cnt":2009,"Vulner_Pct":0,"Traff_Veh":85.4747432404108,"Asthma":0,"PM25":77.6334776334776}},{"type":"Feature","geometry":{"type":"Polygon","coordinates":[[[-73.9403600002575,40.8337859997064],[-73.939827000155,40.8384979997374],[-73.9366910003628,40.8371930002544],[-73.9379829996252,40.8343709999991],[-73.9391550001354,40.8332779999099],[-73.9403600002575,40.8337859997064]]]},"properties":{"GEOID":"36061024301","County":"New York","Pop_Cnt":4658,"Vulner_Pct":87.6962,"Traff_Veh":88.8283378746594,"Asthma":82.1105738911078,"PM25":75.2628324056896}},{"type":"Feature","geometry":{"type":"Polygon","coordinates":[[[-73.9555339997787,40.8444359997836],[-73.9521279996498,40.8514480001063],[-73.9431870002533,40.8497550002095],[-73.9440690003352,40.8478499998231],[-73.9424800000735,40.8483199996873],[-73.9395240002063,40.8478380000056],[-73.9430659998795,40.8401929998394],[-73.9555339997787,40.8444359997836]]]},"properties":{"GEOID":"36061025500","County":"New York","Pop_Cnt":5999,"Vulner_Pct":79.3471,"Traff_Veh":97.7992035212744,"Asthma":82.1105738911078,"PM25":76.3553906411049}},{"type":"Feature","geometry":{"type":"Polygon","coordinates":[[[-73.9400790000501,40.8304639996968],[-73.9383850002065,40.833113999915],[-73.9350629997431,40.8356780002066],[-73.9330059996763,40.8356789999785],[-73.9334590003111,40.8331840002111],[-73.933059000278,40.8281560000113],[-73.9348369997873,40.8280319998406],[-73.9400790000501,40.8304639996968]]]},"properties":{"GEOID":"36061024302","County":"New York","Pop_Cnt":7756,"Vulner_Pct":94.5386,"Traff_Veh":95.9966464053658,"Asthma":99.5795669539626,"PM25":75.4483611626469}},{"type":"Feature","geometry":{"type":"Polygon","coordinates":[[[-73.9446850002783,40.8360679998136],[-73.9430659998795,40.8401929998394],[-73.939827000155,40.8384979997374],[-73.9397750002765,40.8351829998064],[-73.9403600002575,40.8337859997064],[-73.9411179995926,40.8341140000439],[-73.9415770000752,40.8334870002519],[-73.9444259998123,40.8346809999207],[-73.9439670002279,40.8353089997522],[-73.9446850002783,40.8360679998136]]]},"properties":{"GEOID":"36061024500","County":"New York","Pop_Cnt":14717,"Vulner_Pct":86.9638,"Traff_Veh":86.1664221337246,"Asthma":82.1105738911078,"PM25":75.9843331271903}},{"type":"Feature","geometry":{"type":"Polygon","coordinates":[[[-73.9383430003737,40.8379090002092],[-73.9377809999589,40.83868699997],[-73.9355670004315,40.8417129997631],[-73.9352379996453,40.8389870001604],[-73.9366910003628,40.8371930002544],[-73.9383430003737,40.8379090002092]]]},"properties":{"GEOID":"36061024900","County":"New York","Pop_Cnt":1047,"Vulner_Pct":86.4825,"Traff_Veh":90.0440159295745,"Asthma":82.1105738911078,"PM25":74.9330035044321}},{"type":"Feature","geometry":{"type":"Polygon","coordinates":[[[-73.940380000349,40.8457059997494],[-73.9395240002063,40.8478380000056],[-73.938036000227,40.8475579997959],[-73.9363969997366,40.8495409996632],[-73.9342390002858,40.8486259999441],[-73.9375180001932,40.844137000115],[-73.940380000349,40.8457059997494]]]},"properties":{"GEOID":"36061026300","County":"New York","Pop_Cnt":9177,"Vulner_Pct":85.1433,"Traff_Veh":99.5179207713268,"Asthma":82.1105738911078,"PM25":74.8505462791177}},{"type":"Feature","geometry":{"type":"Polygon","coordinates":[[[-73.9440690003352,40.8478499998231],[-73.9420390000326,40.8519310002351],[-73.9357540000293,40.8501679998147],[-73.938036000227,40.8475579997959],[-73.9420540001012,40.8483170002641],[-73.9440690003352,40.8478499998231]]]},"properties":{"GEOID":"36061026500","County":"New York","Pop_Cnt":7951,"Vulner_Pct":69.91,"Traff_Veh":100,"Asthma":82.1105738911078,"PM25":75.0979179550608}},{"type":"Feature","geometry":{"type":"Polygon","coordinates":[[[-73.9304659997357,40.848696999744],[-73.9276949998164,40.8524879999723],[-73.9271390001477,40.8521500001926],[-73.9274770002565,40.8506939999333],[-73.9297769999976,40.8481499999911],[-73.9304659997357,40.848696999744]]]},"properties":{"GEOID":"36061026700","County":"New York","Pop_Cnt":1994,"Vulner_Pct":68.7382,"Traff_Veh":95.1372877803395,"Asthma":72.6718520075678,"PM25":73.572459286745}},{"type":"Feature","geometry":{"type":"Polygon","coordinates":[[[-73.9342390002858,40.8486259999441],[-73.9305390004289,40.8536849996911],[-73.9276949998164,40.8524879999723],[-73.9313930000234,40.8474280002914],[-73.9342390002858,40.8486259999441]]]},"properties":{"GEOID":"36061026900","County":"New York","Pop_Cnt":8986,"Vulner_Pct":87.0893,"Traff_Veh":93.0622511003982,"Asthma":72.6718520075678,"PM25":74.1084312512884}},{"type":"Feature","geometry":{"type":"Polygon","coordinates":[[[-73.9312149997482,40.8596650002382],[-73.9300029999534,40.8621030002582],[-73.9260110000185,40.8635750002766],[-73.9247420003223,40.8615940000308],[-73.9312149997482,40.8596650002382]]]},"properties":{"GEOID":"36061028500","County":"New York","Pop_Cnt":7907,"Vulner_Pct":81.1885,"Traff_Veh":71.2638859777824,"Asthma":72.6718520075678,"PM25":73.3250876108019}},{"type":"Feature","geometry":{"type":"Polygon","coordinates":[[[-73.9305390004289,40.8536849996911],[-73.9272660003693,40.8579290001677],[-73.9249320002931,40.857761000223],[-73.9246920000936,40.8566419998036],[-73.9276949998164,40.8524879999723],[-73.9305390004289,40.8536849996911]]]},"properties":{"GEOID":"36061027700","County":"New York","Pop_Cnt":6538,"Vulner_Pct":93.1576,"Traff_Veh":62.2091804653113,"Asthma":72.6718520075678,"PM25":73.6343022057308}},{"type":"Feature","geometry":{"type":"Polygon","coordinates":[[[-73.934626999725,40.8545010000179],[-73.9321500004319,40.8595269999763],[-73.9313129996575,40.8593279998015],[-73.9326309997575,40.8567160002486],[-73.9282329999418,40.8571680001625],[-73.9309960003634,40.8530620002832],[-73.934626999725,40.8545010000179]]]},"properties":{"GEOID":"36061027900","County":"New York","Pop_Cnt":12053,"Vulner_Pct":79.7447,"Traff_Veh":69.7338084259065,"Asthma":72.6718520075678,"PM25":74.2733457019171}},{"type":"Feature","geometry":{"type":"Polygon","coordinates":[[[-74.1970939998145,40.6357370002807],[-74.1896799998571,40.6431879997651],[-74.1856360000436,40.6459949999445],[-74.1813899996655,40.6464750002651],[-74.170610999587,40.6452890002688],[-74.171195999568,40.6359499999127],[-74.166186999832,40.6358539997114],[-74.166559000276,40.6273670003313],[-74.1675960001686,40.6231250001394],[-74.1687250001227,40.6212089997162],[-74.1741079999526,40.6222600003397],[-74.1816790002688,40.6277899999823],[-74.1970939998145,40.6357370002807]]]},"properties":{"GEOID":"36085032300","County":"Richmond","Pop_Cnt":1073,"Vulner_Pct":87.0056,"Traff_Veh":35.4433032907147,"Asthma":84.1496741643893,"PM25":100}},{"type":"Feature","geometry":{"type":"Polygon","coordinates":[[[-74.1313099996559,40.6263279999136],[-74.130246999824,40.6296090000091],[-74.1304610000842,40.6308969998188],[-74.1248909997583,40.6317279997764],[-74.123033999708,40.62901099998],[-74.1212570000237,40.6278230002389],[-74.1313099996559,40.6263279999136]]]},"properties":{"GEOID":"36085014100","County":"Richmond","Pop_Cnt":2287,"Vulner_Pct":70.8516,"Traff_Veh":67.4491720813247,"Asthma":90.9186462055918,"PM25":99.4021851164708}},{"type":"Feature","geometry":{"type":"Polygon","coordinates":[[[-73.9787189998323,40.7199830002912],[-73.9768929997441,40.7224979997593],[-73.966511000224,40.7179170001382],[-73.9677160003461,40.7160400000695],[-73.9736349997531,40.718611999789],[-73.9787189998323,40.7199830002912]]]},"properties":{"GEOID":"36061002000","County":"New York","Pop_Cnt":4586,"Vulner_Pct":96.9031,"Traff_Veh":94.4456088870258,"Asthma":92.4952701282321,"PM25":95.4854669140383}},{"type":"Feature","geometry":{"type":"Polygon","coordinates":[[[-73.9975040004202,40.7140689999956],[-73.9948079999457,40.7184569999421],[-73.9891549997791,40.7167080002457],[-73.9902200001591,40.7144050000486],[-73.9975040004202,40.7140689999956]]]},"properties":{"GEOID":"36061001600","County":"New York","Pop_Cnt":6968,"Vulner_Pct":60.159,"Traff_Veh":92.9364913016139,"Asthma":65.3983603111205,"PM25":98.3096268810555}},{"type":"Feature","geometry":{"type":"Polygon","coordinates":[[[-73.9948079999457,40.7184569999421],[-73.9935230003559,40.7216319999195],[-73.9867520001059,40.7195930000916],[-73.9883670003068,40.7164459998727],[-73.9948079999457,40.7184569999421]]]},"properties":{"GEOID":"36061001800","County":"New York","Pop_Cnt":6788,"Vulner_Pct":72.1699,"Traff_Veh":93.9635296583526,"Asthma":65.3983603111205,"PM25":98.0416408987838}},{"type":"Feature","geometry":{"type":"Polygon","coordinates":[[[-73.9768929997441,40.7224979997593],[-73.9732980003676,40.7274280002645],[-73.9626449997874,40.7227470000561],[-73.966511000224,40.7179170001382],[-73.9768929997441,40.7224979997593]]]},"properties":{"GEOID":"36061002400","County":"New York","Pop_Cnt":4192,"Vulner_Pct":98.5353,"Traff_Veh":95.4726472437644,"Asthma":92.4952701282321,"PM25":95.1350237064523}},{"type":"Feature","geometry":{"type":"Polygon","coordinates":[[[-73.9850740001557,40.7190830002061],[-73.9838239998278,40.7214729997742],[-73.9787530001675,40.7199340002677],[-73.9805769997075,40.7164549996843],[-73.9831040001276,40.7171810002261],[-73.9824770003138,40.7182900003181],[-73.9850740001557,40.7190830002061]]]},"properties":{"GEOID":"36061002201","County":"New York","Pop_Cnt":6565,"Vulner_Pct":84.4319,"Traff_Veh":87.48690002096,"Asthma":92.4952701282321,"PM25":96.8460111317254}},{"type":"Feature","geometry":{"type":"Polygon","coordinates":[[[-73.9838239998278,40.7214729997742],[-73.9829640003855,40.7226709997143],[-73.9782309999356,40.7206740002695],[-73.9787530001675,40.7199340002677],[-73.9838239998278,40.7214729997742]]]},"properties":{"GEOID":"36061002202","County":"New York","Pop_Cnt":2099,"Vulner_Pct":57.4806,"Traff_Veh":81.0102703835674,"Asthma":92.4952701282321,"PM25":96.7017109874253}},{"type":"Feature","geometry":{"type":"Polygon","coordinates":[[[-73.9829640003855,40.7226709997143],[-73.9816370000646,40.7244940002196],[-73.9768929997441,40.7224979997593],[-73.9782309999356,40.7206740002695],[-73.9829640003855,40.7226709997143]]]},"properties":{"GEOID":"36061002601","County":"New York","Pop_Cnt":3488,"Vulner_Pct":80.0377,"Traff_Veh":78.2016348773842,"Asthma":92.4952701282321,"PM25":96.1038961038961}},{"type":"Feature","geometry":{"type":"Polygon","coordinates":[[[-73.9816370000646,40.7244940002196],[-73.9803330002083,40.7262809997611],[-73.9755980001086,40.7242830002953],[-73.9768929997441,40.7224979997593],[-73.9816370000646,40.7244940002196]]]},"properties":{"GEOID":"36061002602","County":"New York","Pop_Cnt":3946,"Vulner_Pct":63.235,"Traff_Veh":69.3355690630895,"Asthma":92.4952701282321,"PM25":96.6810966810967}},{"type":"Feature","geometry":{"type":"Polygon","coordinates":[[[-73.9803330002083,40.7262809997611],[-73.9780009997819,40.7294289999685],[-73.9732980003676,40.7274280002645],[-73.9755980001086,40.7242830002953],[-73.9803330002083,40.7262809997611]]]},"properties":{"GEOID":"36061002800","County":"New York","Pop_Cnt":6765,"Vulner_Pct":73.3417,"Traff_Veh":81.8486690421295,"Asthma":92.4952701282321,"PM25":95.1762523191095}},{"type":"Feature","geometry":{"type":"Polygon","coordinates":[[[-74.005588999674,40.7121699998866],[-74.0025979996467,40.7143129999919],[-73.9999559995989,40.7180170000794],[-73.9960590000986,40.7162319996812],[-73.9977289996528,40.7138609997616],[-74.0008910002826,40.7130150002973],[-74.0005099996178,40.7109840003145],[-74.0014190003622,40.7098149997977],[-74.0035369996301,40.71149499988],[-74.005588999674,40.7121699998866]]]},"properties":{"GEOID":"36061002900","County":"New York","Pop_Cnt":5924,"Vulner_Pct":80.5608,"Traff_Veh":89.5828966673653,"Asthma":65.3983603111205,"PM25":99.0517419088848}},{"type":"Feature","geometry":{"type":"Polygon","coordinates":[[[-73.9935230003559,40.7216319999195],[-73.9926039995658,40.7241360000817],[-73.988642999593,40.7229330000965],[-73.989856999936,40.7205329997618],[-73.9935230003559,40.7216319999195]]]},"properties":{"GEOID":"36061003601","County":"New York","Pop_Cnt":3132,"Vulner_Pct":77.6104,"Traff_Veh":90.9033745546007,"Asthma":65.3983603111205,"PM25":97.979797979798}},{"type":"Feature","geometry":{"type":"Polygon","coordinates":[[[-73.9917940003522,40.7263909999583],[-73.9894820000172,40.7301329999129],[-73.9848749999641,40.7281940000951],[-73.9875019999433,40.7245840003356],[-73.9917940003522,40.7263909999583]]]},"properties":{"GEOID":"36061003800","County":"New York","Pop_Cnt":8927,"Vulner_Pct":53.9653,"Traff_Veh":84.1542653531754,"Asthma":70.8219466050031,"PM25":97.4644403215832}},{"type":"Feature","geometry":{"type":"Polygon","coordinates":[[[-73.9784979998993,40.7367909998235],[-73.9735119997295,40.7437819998098],[-73.9715659999908,40.7429930001131],[-73.9626199996731,40.7390330000458],[-73.9626049996045,40.7349019998909],[-73.9612139997095,40.7295080001108],[-73.9784979998993,40.7367909998235]]]},"properties":{"GEOID":"36061006200","County":"New York","Pop_Cnt":4444,"Vulner_Pct":46.4114,"Traff_Veh":96.3739258017187,"Asthma":69.0981711162497,"PM25":94.5165945165945}},{"type":"Feature","geometry":{"type":"Polygon","coordinates":[[[-73.9118049998946,40.6927849999197],[-73.9087989997987,40.6958450001957],[-73.9050429998654,40.6937040001181],[-73.9080420002886,40.6906470000126],[-73.9118049998946,40.6927849999197]]]},"properties":{"GEOID":"36047043700","County":"Kings","Pop_Cnt":5696,"Vulner_Pct":84.8504,"Traff_Veh":13.6449381680989,"Asthma":92.179945343704,"PM25":80.5194805194805}},{"type":"Feature","geometry":{"type":"Polygon","coordinates":[[[-73.9841179995556,40.7548419997246],[-73.9808860004023,40.759269999855],[-73.9776550001755,40.7579119997942],[-73.9808880000521,40.7534810000856],[-73.9841179995556,40.7548419997246]]]},"properties":{"GEOID":"36061009600","County":"New York","Pop_Cnt":177,"Vulner_Pct":0,"Traff_Veh":71.8088451058478,"Asthma":0,"PM25":93.5271078128221}},{"type":"Feature","geometry":{"type":"Polygon","coordinates":[[[-74.0170220002288,40.7441269997509],[-74.0137840003293,40.7566010002803],[-74.0098519997706,40.7625849996639],[-73.9973060000535,40.7571100001743],[-74.0082039999577,40.7421479998076],[-74.0170220002288,40.7441269997509]]]},"properties":{"GEOID":"36061009900","County":"New York","Pop_Cnt":5981,"Vulner_Pct":20.4645,"Traff_Veh":91.9513728778034,"Asthma":65.3983603111205,"PM25":97.7118119975263}},{"type":"Feature","geometry":{"type":"Polygon","coordinates":[[[-73.9897909998137,40.7572340001811],[-73.9879270000908,40.7597909998258],[-73.9822560003808,40.7573869996623],[-73.9841179995556,40.7548419997246],[-73.9897909998137,40.7572340001811]]]},"properties":{"GEOID":"36061011900","County":"New York","Pop_Cnt":1071,"Vulner_Pct":88.031,"Traff_Veh":80.6539509536785,"Asthma":35.0851376918226,"PM25":94.2073799216656}},{"type":"Feature","geometry":{"type":"Polygon","coordinates":[[[-74.0097990000671,40.7626660002772],[-74.0082700000799,40.7648470003398],[-73.9954740001176,40.759626999864],[-73.9973060000535,40.7571100001743],[-74.0097990000671,40.7626660002772]]]},"properties":{"GEOID":"36061011700","County":"New York","Pop_Cnt":4191,"Vulner_Pct":18.0791,"Traff_Veh":97.4638440578495,"Asthma":65.3983603111205,"PM25":95.7946815089672}},{"type":"Feature","geometry":{"type":"Polygon","coordinates":[[[-73.9954740001176,40.759626999864],[-73.9936089996714,40.7621839999955],[-73.9879270000908,40.7597909998258],[-73.9897909998137,40.7572340001811],[-73.9954740001176,40.759626999864]]]},"properties":{"GEOID":"36061012100","County":"New York","Pop_Cnt":7763,"Vulner_Pct":66.3319,"Traff_Veh":90.0649758960386,"Asthma":67.0170275383645,"PM25":94.9701092558235}},{"type":"Feature","geometry":{"type":"Polygon","coordinates":[[[-74.0043280003737,40.7702399998025],[-74.0002190002629,40.7760469997149],[-73.9933249999892,40.7728309997745],[-73.9937819999237,40.7721990001518],[-73.9880629996349,40.7697910001009],[-73.9917879996061,40.7646840000869],[-74.0043280003737,40.7702399998025]]]},"properties":{"GEOID":"36061013500","County":"New York","Pop_Cnt":9705,"Vulner_Pct":59.6778,"Traff_Veh":92.4124921400126,"Asthma":67.0170275383645,"PM25":94.3722943722944}},{"type":"Feature","geometry":{"type":"Polygon","coordinates":[[[-74.0082700000799,40.7648470003398],[-74.0043280003737,40.7702399998025],[-73.9917879996061,40.7646840000869],[-73.9954740001176,40.759626999864],[-74.0082700000799,40.7648470003398]]]},"properties":{"GEOID":"36061012900","County":"New York","Pop_Cnt":8351,"Vulner_Pct":34.7772,"Traff_Veh":93.6491301613918,"Asthma":67.0170275383645,"PM25":95.0525664811379}},{"type":"Feature","geometry":{"type":"Polygon","coordinates":[[[-74.0002190002629,40.7760469997149],[-73.9977680000108,40.7797500003142],[-73.9938689999624,40.7780970000506],[-73.9907609997592,40.7776879997041],[-73.9844120001818,40.7748080000887],[-73.9866950002045,40.7716680002789],[-73.9895399997436,40.772865999762],[-73.9909130000952,40.7709880000244],[-73.9937819999237,40.7721990001518],[-73.9933249999892,40.7728309997745],[-74.0002190002629,40.7760469997149]]]},"properties":{"GEOID":"36061015100","County":"New York","Pop_Cnt":10143,"Vulner_Pct":49.1525,"Traff_Veh":87.5497799203521,"Asthma":42.7370191297036,"PM25":92.9911358482787}},{"type":"Feature","geometry":{"type":"Polygon","coordinates":[[[-73.9548169995533,40.789205000314],[-73.9511109998486,40.7942850002025],[-73.9478960004137,40.7929279999949],[-73.951608999791,40.7878579998296],[-73.9548169995533,40.789205000314]]]},"properties":{"GEOID":"36061016800","County":"New York","Pop_Cnt":5115,"Vulner_Pct":93.9109,"Traff_Veh":59.0232655627751,"Asthma":98.5915492957747,"PM25":82.6839826839827}},{"type":"Feature","geometry":{"type":"Polygon","coordinates":[[[-73.9447229999132,40.7832470000545],[-73.937736999578,40.7928160001986],[-73.9317880000336,40.7901730003127],[-73.9362389995529,40.7856869998981],[-73.9356639996176,40.7846830000777],[-73.9359289999315,40.7838070003065],[-73.9277080002352,40.7809640003343],[-73.9257449998797,40.778404999792],[-73.9298809997547,40.7762219998406],[-73.9317880000336,40.7778709999724],[-73.9344119996398,40.7780930002124],[-73.9376079997065,40.7817540003008],[-73.9436040000048,40.7826499998052],[-73.9447229999132,40.7832470000545]]]},"properties":{"GEOID":"36061016200","County":"New York","Pop_Cnt":9412,"Vulner_Pct":91.6719,"Traff_Veh":96.7931251309998,"Asthma":98.5915492957747,"PM25":81.3234384662956}},{"type":"Feature","geometry":{"type":"Polygon","coordinates":[[[-73.951608999791,40.7878579998296],[-73.9483859999601,40.7922559997435],[-73.9451680001521,40.7908940000384],[-73.9483779995642,40.7864970002063],[-73.951608999791,40.7878579998296]]]},"properties":{"GEOID":"36061016600","County":"New York","Pop_Cnt":6377,"Vulner_Pct":84.4737,"Traff_Veh":77.1326765877175,"Asthma":98.5915492957747,"PM25":82.6427540713255}},{"type":"Feature","geometry":{"type":"Polygon","coordinates":[[[-73.9456359999572,40.7902539999412],[-73.9432719997438,40.7934880002227],[-73.9386489997971,40.7915579996976],[-73.9410189998584,40.7883190002421],[-73.9456359999572,40.7902539999412]]]},"properties":{"GEOID":"36061017000","County":"New York","Pop_Cnt":7829,"Vulner_Pct":88.1147,"Traff_Veh":88.4091385453783,"Asthma":98.5915492957747,"PM25":81.1379097093383}},{"type":"Feature","geometry":{"type":"Polygon","coordinates":[[[-73.9490970003378,40.7970569998583],[-73.948310999617,40.7981290001764],[-73.9450960001821,40.7967640001865],[-73.9460419998381,40.7954669999126],[-73.9490970003378,40.7970569998583]]]},"properties":{"GEOID":"36061017402","County":"New York","Pop_Cnt":2375,"Vulner_Pct":81.4396,"Traff_Veh":55.48103123035,"Asthma":98.5915492957747,"PM25":81.1585240156669}},{"type":"Feature","geometry":{"type":"Polygon","coordinates":[[[-73.937736999578,40.7928160001986],[-73.9339909996903,40.7979319999515],[-73.9272570001485,40.7948760003078],[-73.9282680001019,40.7922989997042],[-73.9261349998671,40.7913500002973],[-73.9265099997858,40.790867999974],[-73.9301619999621,40.7913059999614],[-73.9317880000336,40.7901730003127],[-73.937736999578,40.7928160001986]]]},"properties":{"GEOID":"36061017800","County":"New York","Pop_Cnt":3987,"Vulner_Pct":85.1643,"Traff_Veh":94.4246489205617,"Asthma":98.8227874710952,"PM25":78.3549783549784}},{"type":"Feature","geometry":{"type":"Polygon","coordinates":[[[-73.9450960001821,40.7967640001865],[-73.9418249997723,40.8012400000644],[-73.9386029997663,40.7998829998968],[-73.9418759998259,40.7954059999449],[-73.9450960001821,40.7967640001865]]]},"properties":{"GEOID":"36061018200","County":"New York","Pop_Cnt":7902,"Vulner_Pct":97.5518,"Traff_Veh":75.2672395724167,"Asthma":98.8227874710952,"PM25":79.6124510410225}},{"type":"Feature","geometry":{"type":"Polygon","coordinates":[[[-73.9524830003753,40.7982529998041],[-73.950186000109,40.8013320002587],[-73.9469740001488,40.7999609996687],[-73.9492200003615,40.7969100000059],[-73.9524830003753,40.7982529998041]]]},"properties":{"GEOID":"36061018600","County":"New York","Pop_Cnt":6909,"Vulner_Pct":93.7016,"Traff_Veh":48.6061622301404,"Asthma":97.9608997267185,"PM25":81.2203669346526}},{"type":"Feature","geometry":{"type":"Polygon","coordinates":[[[-73.948310999617,40.7981290001764],[-73.9450519998012,40.8025990002303],[-73.9418249997723,40.8012400000644],[-73.9450960001821,40.7967640001865],[-73.948310999617,40.7981290001764]]]},"properties":{"GEOID":"36061018400","County":"New York","Pop_Cnt":7116,"Vulner_Pct":93.4087,"Traff_Veh":61.0983022427164,"Asthma":98.8227874710952,"PM25":80.0453514739229}},{"type":"Feature","geometry":{"type":"Polygon","coordinates":[[[-73.9405190002662,40.797260999697],[-73.9386029997663,40.7998829998968],[-73.9339909996903,40.7979319999515],[-73.9359120002131,40.7953120002974],[-73.9405190002662,40.797260999697]]]},"properties":{"GEOID":"36061018800","County":"New York","Pop_Cnt":5437,"Vulner_Pct":88.4285,"Traff_Veh":80.1718717250052,"Asthma":98.8227874710952,"PM25":78.8909503195217}},{"type":"Feature","geometry":{"type":"Polygon","coordinates":[[[-73.9339909996903,40.7979319999515],[-73.9307300002246,40.8024269997058],[-73.9282250004441,40.8038499998694],[-73.9272499995775,40.8025580000034],[-73.925081000256,40.8025210001584],[-73.9275989995569,40.7980299999673],[-73.9269390001312,40.7960000000221],[-73.9272570001485,40.7948760003078],[-73.9339909996903,40.7979319999515]]]},"properties":{"GEOID":"36061019200","County":"New York","Pop_Cnt":3802,"Vulner_Pct":95.8778,"Traff_Veh":98.2184028505554,"Asthma":98.8227874710952,"PM25":77.2211915069058}},{"type":"Feature","geometry":{"type":"Polygon","coordinates":[[[-73.9657110001578,40.8004370001612],[-73.9638609997802,40.8029720001526],[-73.9581950000931,40.8005529998668],[-73.9600370000748,40.7980379999622],[-73.9657110001578,40.8004370001612]]]},"properties":{"GEOID":"36061019300","County":"New York","Pop_Cnt":10255,"Vulner_Pct":71.5212,"Traff_Veh":73.3808425906519,"Asthma":87.7023334034055,"PM25":83.7353123067409}},{"type":"Feature","geometry":{"type":"Polygon","coordinates":[[[-73.9386029997663,40.7998829998968],[-73.936309999698,40.8030240003107],[-73.931772999965,40.800978999743],[-73.9339909996903,40.7979319999515],[-73.9386029997663,40.7998829998968]]]},"properties":{"GEOID":"36061019400","County":"New York","Pop_Cnt":6166,"Vulner_Pct":91.4208,"Traff_Veh":92.1400125759799,"Asthma":98.8227874710952,"PM25":77.7365491651206}},{"type":"Feature","geometry":{"type":"Polygon","coordinates":[[[-73.9770209997907,40.8079689998037],[-73.9680479997088,40.8046839999017],[-73.9638609997802,40.8029720001526],[-73.9657110001578,40.8004370001612],[-73.9787609996651,40.8056669999303],[-73.9770209997907,40.8079689998037]]]},"properties":{"GEOID":"36061019500","County":"New York","Pop_Cnt":7167,"Vulner_Pct":52.3122,"Traff_Veh":80.6120310207504,"Asthma":87.7023334034055,"PM25":84.889713461142}},{"type":"Feature","geometry":{"type":"Polygon","coordinates":[[[-73.9418249997723,40.8012400000644],[-73.9385440002151,40.8057299997553],[-73.9353260004071,40.8043709997818],[-73.9386029997663,40.7998829998968],[-73.9418249997723,40.8012400000644]]]},"properties":{"GEOID":"36061019600","County":"New York","Pop_Cnt":4310,"Vulner_Pct":94.6642,"Traff_Veh":80.3814713896458,"Asthma":98.8227874710952,"PM25":78.1282209853638}},{"type":"Feature","geometry":{"type":"Polygon","coordinates":[[[-73.9596470000875,40.8011560000417],[-73.958204000314,40.8038940000515],[-73.9563210003244,40.8031149998094],[-73.9581950000931,40.8005529998668],[-73.9596470000875,40.8011560000417]]]},"properties":{"GEOID":"36061019702","County":"New York","Pop_Cnt":2478,"Vulner_Pct":77.3802,"Traff_Veh":72.4166841333054,"Asthma":97.9608997267185,"PM25":82.6015254586683}},{"type":"Feature","geometry":{"type":"Polygon","coordinates":[[[-73.9711299999727,40.8162600003042],[-73.9679830003098,40.8208259997909],[-73.9594930001017,40.8170070002228],[-73.9562690004459,40.8133749998042],[-73.958272000086,40.8106290001688],[-73.9711299999727,40.8162600003042]]]},"properties":{"GEOID":"36061021100","County":"New York","Pop_Cnt":10824,"Vulner_Pct":66.855,"Traff_Veh":90.5051351917837,"Asthma":87.7023334034055,"PM25":81.1997526283241}},{"type":"Feature","geometry":{"type":"Polygon","coordinates":[[[-73.9482729999822,40.8039570001995],[-73.9449940000748,40.8084460001622],[-73.941771000244,40.8070889997777],[-73.9427539997099,40.8057440001615],[-73.9443019999637,40.8063909999792],[-73.9447830001876,40.8057609998738],[-73.9461310004249,40.803876999861],[-73.9445970004148,40.8032280001714],[-73.9450519998012,40.8025990002303],[-73.9482729999822,40.8039570001995]]]},"properties":{"GEOID":"36061020000","County":"New York","Pop_Cnt":3606,"Vulner_Pct":69.4288,"Traff_Veh":62.481660029344,"Asthma":97.9608997267185,"PM25":78.9115646258503}},{"type":"Feature","geometry":{"type":"Polygon","coordinates":[[[-73.958204000314,40.8038940000515],[-73.9572660001556,40.8069159998047],[-73.9544159996953,40.805724999998],[-73.9563210003244,40.8031149998094],[-73.958204000314,40.8038940000515]]]},"properties":{"GEOID":"36061020102","County":"New York","Pop_Cnt":4137,"Vulner_Pct":71.8351,"Traff_Veh":62.7960595263048,"Asthma":97.9608997267185,"PM25":82.1273964131107}},{"type":"Feature","geometry":{"type":"Polygon","coordinates":[[[-73.9499209997951,40.8220729998806],[-73.9476040003356,40.8252330002511],[-73.9429239995892,40.8232600000774],[-73.9451549997333,40.8208760002441],[-73.9480830000114,40.8221079997477],[-73.9485409997708,40.821486999868],[-73.9499209997951,40.8220729998806]]]},"properties":{"GEOID":"36061022700","County":"New York","Pop_Cnt":5218,"Vulner_Pct":84.9132,"Traff_Veh":60.9935024103961,"Asthma":88.2909396678579,"PM25":77.5922490208204}},{"type":"Feature","geometry":{"type":"Polygon","coordinates":[[[-73.941771000244,40.8070889997777],[-73.939017999868,40.8108559997352],[-73.9358190003266,40.8095029996668],[-73.9385440002151,40.8057299997553],[-73.941771000244,40.8070889997777]]]},"properties":{"GEOID":"36061020600","County":"New York","Pop_Cnt":3432,"Vulner_Pct":83.5112,"Traff_Veh":88.5348983441627,"Asthma":99.5795669539626,"PM25":77.612863327149}},{"type":"Feature","geometry":{"type":"Polygon","coordinates":[[[-73.9578079995805,40.8112640003132],[-73.9557070000311,40.8141439996626],[-73.9540809999595,40.8122800001419],[-73.9521009998856,40.811441999836],[-73.9535760003445,40.8094770000913],[-73.9578079995805,40.8112640003132]]]},"properties":{"GEOID":"36061020901","County":"New York","Pop_Cnt":3511,"Vulner_Pct":88.8889,"Traff_Veh":78.4741144414169,"Asthma":87.7023334034055,"PM25":80.2514945372088}},{"type":"Feature","geometry":{"type":"Polygon","coordinates":[[[-73.939017999868,40.8108559997352],[-73.9339820003678,40.8177039998008],[-73.9344750002873,40.8196970003139],[-73.9323269999839,40.8195030002538],[-73.9326049998183,40.811516999893],[-73.9358190003266,40.8095029996668],[-73.939017999868,40.8108559997352]]]},"properties":{"GEOID":"36061021000","County":"New York","Pop_Cnt":7540,"Vulner_Pct":87.9263,"Traff_Veh":98.6166422133725,"Asthma":98.8227874710952,"PM25":76.2729334157906}},{"type":"Feature","geometry":{"type":"Polygon","coordinates":[[[-73.9422490000948,40.8122009997642],[-73.9389910001039,40.8166629999909],[-73.9357559996791,40.8153259999453],[-73.939017999868,40.8108559997352],[-73.9422490000948,40.8122009997642]]]},"properties":{"GEOID":"36061021200","County":"New York","Pop_Cnt":4112,"Vulner_Pct":80.6445,"Traff_Veh":85.558583106267,"Asthma":99.5795669539626,"PM25":77.0150484436199}},{"type":"Feature","geometry":{"type":"Polygon","coordinates":[[[-73.9389910001039,40.8166629999909],[-73.9362269998573,40.8204380002689],[-73.9344750002873,40.8196970003139],[-73.9339820003678,40.8177039998008],[-73.9357559996791,40.8153259999453],[-73.9389910001039,40.8166629999909]]]},"properties":{"GEOID":"36061021400","County":"New York","Pop_Cnt":3373,"Vulner_Pct":73.6347,"Traff_Veh":92.4753720394047,"Asthma":99.5795669539626,"PM25":76.5203050917337}},{"type":"Feature","geometry":{"type":"Polygon","coordinates":[[[-73.9563210003244,40.8031149998094],[-73.9544159996953,40.805724999998],[-73.9487280002669,40.8033309997862],[-73.9506360003708,40.8007199996732],[-73.9563210003244,40.8031149998094]]]},"properties":{"GEOID":"36061021800","County":"New York","Pop_Cnt":6236,"Vulner_Pct":76.1038,"Traff_Veh":59.3586250262,"Asthma":97.9608997267185,"PM25":81.0760667903525}},{"type":"Feature","geometry":{"type":"Polygon","coordinates":[[[-73.9506799998534,40.8108429998739],[-73.9484189995721,40.8139379998443],[-73.9431720001847,40.8109420000091],[-73.9449940000748,40.8084460001622],[-73.9506799998534,40.8108429998739]]]},"properties":{"GEOID":"36061022400","County":"New York","Pop_Cnt":7586,"Vulner_Pct":88.1565,"Traff_Veh":62.900859358625,"Asthma":99.5795669539626,"PM25":79.0146361574933}},{"type":"Feature","geometry":{"type":"Polygon","coordinates":[[[-73.9679830003098,40.8208259997909],[-73.9659859996191,40.8233520003338],[-73.9560230003986,40.8188019997579],[-73.9554509999381,40.8193770001842],[-73.9527210000267,40.8182360001005],[-73.9562690004459,40.8133749998042],[-73.9594930001017,40.8170070002228],[-73.9679830003098,40.8208259997909]]]},"properties":{"GEOID":"36061021900","County":"New York","Pop_Cnt":6008,"Vulner_Pct":98.1168,"Traff_Veh":84.3219450848879,"Asthma":96.3212108471726,"PM25":80.3751803751804}},{"type":"Feature","geometry":{"type":"Polygon","coordinates":[[[-73.9659859996191,40.8233520003338],[-73.9650919998416,40.824483000018],[-73.9550760000193,40.8200970001747],[-73.9560230003986,40.8188019997579],[-73.9659859996191,40.8233520003338]]]},"properties":{"GEOID":"36061022302","County":"New York","Pop_Cnt":3175,"Vulner_Pct":93.4714,"Traff_Veh":93.376650597359,"Asthma":96.3212108471726,"PM25":79.8804370232942}},{"type":"Feature","geometry":{"type":"Polygon","coordinates":[[[-73.9484189995721,40.8139379998443],[-73.9470340004232,40.8158300003325],[-73.9413469999214,40.8134379997901],[-73.9431720001847,40.8109420000091],[-73.9484189995721,40.8139379998443]]]},"properties":{"GEOID":"36061022600","County":"New York","Pop_Cnt":4954,"Vulner_Pct":79.8912,"Traff_Veh":48.8996017606372,"Asthma":99.5795669539626,"PM25":78.2312925170068}},{"type":"Feature","geometry":{"type":"Polygon","coordinates":[[[-73.9470340004232,40.8158300003325],[-73.9451410003879,40.818424000275],[-73.9394570002592,40.8160269997817],[-73.9413469999214,40.8134379997901],[-73.9470340004232,40.8158300003325]]]},"properties":{"GEOID":"36061022800","County":"New York","Pop_Cnt":6162,"Vulner_Pct":81.4187,"Traff_Veh":52.8400754558793,"Asthma":99.5795669539626,"PM25":77.5097917955061}},{"type":"Feature","geometry":{"type":"Polygon","coordinates":[[[-73.9614499997111,40.8308689997755],[-73.954429000114,40.8280739998477],[-73.9537119998886,40.8272750000244],[-73.9519689996411,40.8270410002256],[-73.9512730002303,40.8276580001908],[-73.9471170002639,40.8259039997858],[-73.9490060001012,40.823314999847],[-73.9623490004097,40.8288080002076],[-73.9614499997111,40.8308689997755]]]},"properties":{"GEOID":"36061022900","County":"New York","Pop_Cnt":9205,"Vulner_Pct":85.0596,"Traff_Veh":90.4003353594634,"Asthma":88.2909396678579,"PM25":78.1076066790352}},{"type":"Feature","geometry":{"type":"Polygon","coordinates":[[[-73.9451410003879,40.818424000275],[-73.9433219999725,40.8209170000301],[-73.9376410002168,40.8185169997918],[-73.9394570002592,40.8160269997817],[-73.9451410003879,40.818424000275]]]},"properties":{"GEOID":"36061023000","County":"New York","Pop_Cnt":8717,"Vulner_Pct":89.3702,"Traff_Veh":54.4330329071473,"Asthma":99.5795669539626,"PM25":76.8707482993197}},{"type":"Feature","geometry":{"type":"Polygon","coordinates":[[[-73.7948949996129,40.7054609999514],[-73.786739000214,40.7078919997191],[-73.7827720003935,40.7079999996772],[-73.771736000397,40.710312999692],[-73.7684449998957,40.7096370002993],[-73.773559999937,40.7078770001462],[-73.7754660003911,40.7063850000444],[-73.7756329998973,40.705346000076],[-73.7750370000457,40.7052330000702],[-73.7723079999592,40.7005720000664],[-73.773956999597,40.6998059997435],[-73.7803450004308,40.7054120001354],[-73.7825659996308,40.7054250002012],[-73.7923680000911,40.7021209998381],[-73.7948949996129,40.7054609999514]]]},"properties":{"GEOID":"36081044400","County":"Queens","Pop_Cnt":3529,"Vulner_Pct":92.0904,"Traff_Veh":71.8298050723119,"Asthma":80.2396468362413,"PM25":53.6384250669965}},{"type":"Feature","geometry":{"type":"Polygon","coordinates":[[[-73.8631710000315,40.6582770003224],[-73.8603599999293,40.6596460003287],[-73.8576149999493,40.6601190000361],[-73.8584300000841,40.6634530000358],[-73.8556850001041,40.6638669998903],[-73.857633000391,40.6716559999469],[-73.8603890002416,40.6712690001091],[-73.8613180001792,40.67502100009],[-73.8425719999493,40.6692839998879],[-73.8422659996276,40.6682719996969],[-73.8479339998628,40.6700449997643],[-73.8510980001424,40.6694120002857],[-73.8498539996623,40.6644080000555],[-73.8488129995717,40.6628040001666],[-73.8604829999529,40.6546590001829],[-73.8631710000315,40.6582770003224]]]},"properties":{"GEOID":"36081006202","County":"Queens","Pop_Cnt":6459,"Vulner_Pct":71.856,"Traff_Veh":81.660029343953,"Asthma":44.5028379230608,"PM25":66.1513090084519}},{"type":"Feature","geometry":{"type":"Polygon","coordinates":[[[-73.9479240000027,40.7871209998885],[-73.9456359999572,40.7902539999412],[-73.9410189998584,40.7883190002421],[-73.9433189995994,40.7851739997624],[-73.9479240000027,40.7871209998885]]]},"properties":{"GEOID":"36061016400","County":"New York","Pop_Cnt":7474,"Vulner_Pct":88.847,"Traff_Veh":90.3793753929994,"Asthma":98.5915492957747,"PM25":82.4984539270254}},{"type":"Feature","geometry":{"type":"Polygon","coordinates":[[[-73.9600270000291,40.5832089998444],[-73.9565360004096,40.582658999817],[-73.959662999981,40.5783660000819],[-73.9598599996245,40.5808249999105],[-73.9600270000291,40.5832089998444]]]},"properties":{"GEOID":"36047061003","County":"Kings","Pop_Cnt":1669,"Vulner_Pct":75.204,"Traff_Veh":91.2596939844896,"Asthma":37.7338658818583,"PM25":77.262420119563}},{"type":"Feature","geometry":{"type":"Polygon","coordinates":[[[-73.959662999981,40.5783660000819],[-73.9565360004096,40.582658999817],[-73.9541429998838,40.58310499966],[-73.9528740001876,40.5768819999276],[-73.959662999981,40.5783660000819]]]},"properties":{"GEOID":"36047061004","County":"Kings","Pop_Cnt":6221,"Vulner_Pct":67.1479,"Traff_Veh":71.3896457765668,"Asthma":37.7338658818583,"PM25":76.6233766233766}},{"type":"Feature","geometry":{"type":"Polygon","coordinates":[[[-73.8862819995669,40.6527560003305],[-73.8822129996391,40.6544980000904],[-73.8748919995681,40.6450950001775],[-73.8760819996216,40.6432929997962],[-73.8841130002454,40.6499559998855],[-73.8862819995669,40.6527560003305]]]},"properties":{"GEOID":"36047105801","County":"Kings","Pop_Cnt":5809,"Vulner_Pct":89.2865,"Traff_Veh":77.4680360511423,"Asthma":84.6541938196342,"PM25":71.902700474129}},{"type":"Feature","geometry":{"type":"Polygon","coordinates":[[[-73.9458140002325,40.7577989998853],[-73.9441670002445,40.7593080002273],[-73.9424559997841,40.7586830003152],[-73.937635000369,40.7664749996623],[-73.9360050000994,40.765885000047],[-73.9408620003978,40.7581110001786],[-73.9390999998838,40.7574940000152],[-73.9412389999664,40.7552340001246],[-73.9458140002325,40.7577989998853]]]},"properties":{"GEOID":"36081008500","County":"Queens","Pop_Cnt":883,"Vulner_Pct":85.4363,"Traff_Veh":28.8618738210019,"Asthma":91.4021442085348,"PM25":85.6730571016285}},{"type":"Feature","geometry":{"type":"Polygon","coordinates":[[[-73.7644019999072,40.5945719997143],[-73.7627780003837,40.5947570000605],[-73.7629969997685,40.5959869998552],[-73.7613020001,40.5961509997552],[-73.7532029997041,40.5951520000821],[-73.7523709998509,40.5879650002661],[-73.7555019996203,40.5853869997184],[-73.7555700002907,40.5830939999459],[-73.7639430003229,40.5851720002823],[-73.7635139999775,40.5903699998787],[-73.7644019999072,40.5945719997143]]]},"properties":{"GEOID":"36081099802","County":"Queens","Pop_Cnt":6422,"Vulner_Pct":85.8966,"Traff_Veh":51.7082372668204,"Asthma":81.8583140634854,"PM25":46.7120181405896}},{"type":"Feature","geometry":{"type":"Polygon","coordinates":[[[-73.8763879999433,40.7689999999601],[-73.8761190003298,40.7716290001133],[-73.8712860003209,40.7716440002843],[-73.8680020003906,40.7702550002872],[-73.863123000351,40.7663019999915],[-73.8640780002278,40.765749000147],[-73.8652740001291,40.7669389998708],[-73.8689820003819,40.764912999911],[-73.8755350001737,40.7642310002734],[-73.8763879999433,40.7689999999601]]]},"properties":{"GEOID":"36081035700","County":"Queens","Pop_Cnt":3710,"Vulner_Pct":83.009,"Traff_Veh":93.6281701949277,"Asthma":69.6657557284002,"PM25":70.542156256442}},{"type":"Feature","geometry":{"type":"Polygon","coordinates":[[[-73.9005959996458,40.7126969999983],[-73.8885460002212,40.7122750002713],[-73.8872470003878,40.7102620001242],[-73.8889949997598,40.7091130000699],[-73.8887029996818,40.707669000317],[-73.8855490003462,40.7061549998812],[-73.8891189996084,40.7055989999483],[-73.8927440000205,40.7018509999561],[-73.8934360001316,40.7021880001084],[-73.891333000034,40.7050880000832],[-73.891813000433,40.7063979999203],[-73.8963309998994,40.705273999751],[-73.9005959996458,40.7126969999983]]]},"properties":{"GEOID":"36081061301","County":"Queens","Pop_Cnt":5742,"Vulner_Pct":67.3363,"Traff_Veh":59.2538251938797,"Asthma":68.9089762455329,"PM25":76.2110904968048}},{"type":"Feature","geometry":{"type":"Polygon","coordinates":[[[-73.8394169998905,40.7654280003349],[-73.8372920000516,40.7686889998546],[-73.8334280001633,40.7714340003024],[-73.830685999658,40.7647119998374],[-73.8278629998602,40.7653630000655],[-73.8281969997711,40.7637959998401],[-73.8275160004289,40.7624209997916],[-73.8349219999904,40.7602549997498],[-73.8355930001851,40.7628529998124],[-73.8369170001329,40.7627669998368],[-73.8382639996469,40.7649339998228],[-73.8394169998905,40.7654280003349]]]},"properties":{"GEOID":"36081086900","County":"Queens","Pop_Cnt":1771,"Vulner_Pct":59.5104,"Traff_Veh":88.0108991825613,"Asthma":42.5268026066849,"PM25":61.3069470212327}},{"type":"Feature","geometry":{"type":"Polygon","coordinates":[[[-73.8890059996305,40.6785569999587],[-73.8846709995639,40.6799400002853],[-73.8832260001406,40.6763699999843],[-73.888255999793,40.6756250002407],[-73.8890059996305,40.6785569999587]]]},"properties":{"GEOID":"36047117000","County":"Kings","Pop_Cnt":1791,"Vulner_Pct":94.7688,"Traff_Veh":78.8723538042339,"Asthma":94.618457010721,"PM25":74.6031746031746}},{"type":"Feature","geometry":{"type":"Polygon","coordinates":[[[-73.8169259995979,40.6902500002079],[-73.810749000448,40.6919170000189],[-73.8080169999885,40.6870600001985],[-73.8116449998753,40.6856560000512],[-73.8124879995992,40.6874409998869],[-73.8149740000114,40.6866949999255],[-73.8169259995979,40.6902500002079]]]},"properties":{"GEOID":"36081015801","County":"Queens","Pop_Cnt":3746,"Vulner_Pct":78.2172,"Traff_Veh":91.5740934814504,"Asthma":70.191297035947,"PM25":57.3490002061431}},{"type":"Feature","geometry":{"type":"Polygon","coordinates":[[[-73.8896950002669,40.6338020001501],[-73.8807389999034,40.6396129999675],[-73.8763000000798,40.6351919998346],[-73.8739569997827,40.6337729997745],[-73.8823900000894,40.6275420001766],[-73.8896950002669,40.6338020001501]]]},"properties":{"GEOID":"36047103400","County":"Kings","Pop_Cnt":4294,"Vulner_Pct":83.9715,"Traff_Veh":94.3827289876336,"Asthma":82.9514399831827,"PM25":70.8307565450423}},{"type":"Feature","geometry":{"type":"Polygon","coordinates":[[[-73.8822129996391,40.6544980000904],[-73.8691559995608,40.6601190000361],[-73.8671810004081,40.6604519998929],[-73.8639359999376,40.6561340001743],[-73.8606760002968,40.6548680003373],[-73.8569620001962,40.6505840001553],[-73.8561479998864,40.6491980000424],[-73.855020999582,40.6430980000938],[-73.8739569997827,40.6337729997745],[-73.8763000000798,40.6351919998346],[-73.8788140000811,40.6379419996947],[-73.8748919995681,40.6450950001775],[-73.8822129996391,40.6544980000904]]]},"properties":{"GEOID":"36047107000","County":"Kings","Pop_Cnt":2330,"Vulner_Pct":82.4022,"Traff_Veh":13.3514986376022,"Asthma":94.618457010721,"PM25":68.5837971552257}},{"type":"Feature","geometry":{"type":"Polygon","coordinates":[[[-73.8856809996923,40.6548499997465],[-73.8808130004216,40.6569449999653],[-73.8818260000248,40.6583079997066],[-73.8694850003471,40.6635459997874],[-73.8671810004081,40.6604519998929],[-73.8691559995608,40.6601190000361],[-73.8846530000206,40.653450999666],[-73.8856809996923,40.6548499997465]]]},"properties":{"GEOID":"36047107800","County":"Kings","Pop_Cnt":4662,"Vulner_Pct":77.6522,"Traff_Veh":35.9882624187801,"Asthma":94.618457010721,"PM25":71.4698000412286}},{"type":"Feature","geometry":{"type":"Polygon","coordinates":[[[-73.909449000077,40.6515220000896],[-73.9074000004062,40.6528440003309],[-73.9078559996174,40.6545889998349],[-73.9031730002946,40.6553009998716],[-73.9003029997428,40.6572629999287],[-73.8953819998703,40.6577199998103],[-73.8935469995614,40.6552020002715],[-73.8976099996414,40.653453999714],[-73.8958610004445,40.6518809998211],[-73.9039819996833,40.6466290000312],[-73.909449000077,40.6515220000896]]]},"properties":{"GEOID":"36047109800","County":"Kings","Pop_Cnt":2359,"Vulner_Pct":83.1555,"Traff_Veh":73.42276252358,"Asthma":94.618457010721,"PM25":76.9944341372913}},{"type":"Feature","geometry":{"type":"Polygon","coordinates":[[[-73.889906999979,40.6637779998043],[-73.8833089999813,40.6661119997198],[-73.881856000162,40.6641500003087],[-73.8883849996645,40.66133800022],[-73.889906999979,40.6637779998043]]]},"properties":{"GEOID":"36047112200","County":"Kings","Pop_Cnt":3168,"Vulner_Pct":95.0408,"Traff_Veh":55.0408719346049,"Asthma":95.1860416228716,"PM25":74.3558029272315}},{"type":"Feature","geometry":{"type":"Polygon","coordinates":[[[-73.8906939996264,40.6668520001581],[-73.8835969998614,40.6679050002855],[-73.8831519996224,40.6661809999623],[-73.889906999979,40.6637779998043],[-73.8906939996264,40.6668520001581]]]},"properties":{"GEOID":"36047112400","County":"Kings","Pop_Cnt":3054,"Vulner_Pct":81.0002,"Traff_Veh":23.9572416684133,"Asthma":94.618457010721,"PM25":74.8299319727891}},{"type":"Feature","geometry":{"type":"Polygon","coordinates":[[[-73.8963159998308,40.6660190001392],[-73.8906939996264,40.6668520001581],[-73.889906999979,40.6637779998043],[-73.8955309998333,40.662945000232],[-73.8963159998308,40.6660190001392]]]},"properties":{"GEOID":"36047112600","County":"Kings","Pop_Cnt":3237,"Vulner_Pct":92.2159,"Traff_Veh":60.930622511004,"Asthma":95.1860416228716,"PM25":75.8606472892187}},{"type":"Feature","geometry":{"type":"Polygon","coordinates":[[[-73.8955309998333,40.662945000232],[-73.889906999979,40.6637779998043],[-73.8883849996645,40.66133800022],[-73.8932789997728,40.6592300000846],[-73.8951509998917,40.6613139999416],[-73.8955309998333,40.662945000232]]]},"properties":{"GEOID":"36047112800","County":"Kings","Pop_Cnt":3764,"Vulner_Pct":91.8811,"Traff_Veh":74.8061203102075,"Asthma":95.1860416228716,"PM25":75.242218099361}},{"type":"Feature","geometry":{"type":"Polygon","coordinates":[[[-73.8990759998794,40.6656080001977],[-73.8963159998308,40.6660190001392],[-73.8951509998917,40.6613139999416],[-73.8932789997728,40.6592300000846],[-73.8961669998679,40.6579740003295],[-73.89697500033,40.6611349999784],[-73.8978959998717,40.6609989999173],[-73.8990759998794,40.6656080001977]]]},"properties":{"GEOID":"36047113000","County":"Kings","Pop_Cnt":3699,"Vulner_Pct":86.5662,"Traff_Veh":59.5263047579124,"Asthma":95.1860416228716,"PM25":76.252319109462}},{"type":"Feature","geometry":{"type":"Polygon","coordinates":[[[-73.9014509999636,40.6636590003076],[-73.900417000444,40.6638059997753],[-73.9008509999139,40.6653459998365],[-73.8990759998794,40.6656080001977],[-73.8978959998717,40.6609989999173],[-73.89697500033,40.6611349999784],[-73.8961099999665,40.6577539999895],[-73.8988070002659,40.6574069999921],[-73.8996519996396,40.660734999809],[-73.9006609999431,40.6605870000243],[-73.9014509999636,40.6636590003076]]]},"properties":{"GEOID":"36047113200","County":"Kings","Pop_Cnt":1973,"Vulner_Pct":73.1743,"Traff_Veh":62.7331796269126,"Asthma":95.1860416228716,"PM25":76.705833848691}},{"type":"Feature","geometry":{"type":"Polygon","coordinates":[[[-73.9040460001557,40.6792200003013],[-73.9026219997505,40.6806640002353],[-73.9002829996514,40.6794420001662],[-73.8974940001888,40.6800739997286],[-73.8963309998994,40.6828299997296],[-73.8942000002128,40.6853090001315],[-73.8919749999164,40.6827429998094],[-73.8943120003657,40.6815659998682],[-73.8931850000614,40.6801609997263],[-73.8999899997484,40.6769000002894],[-73.9040460001557,40.6792200003013]]]},"properties":{"GEOID":"36047114201","County":"Kings","Pop_Cnt":1554,"Vulner_Pct":91.4836,"Traff_Veh":89.9811360301824,"Asthma":83.7292411183519,"PM25":77.1387342815914}},{"type":"Feature","geometry":{"type":"Polygon","coordinates":[[[-73.8965369997638,40.6785940000149],[-73.8897739999096,40.6818010000024],[-73.8890059996305,40.6785569999587],[-73.8962179999215,40.6773579999486],[-73.8965369997638,40.6785940000149]]]},"properties":{"GEOID":"36047114600","County":"Kings","Pop_Cnt":2852,"Vulner_Pct":97.0705,"Traff_Veh":80.7168308530706,"Asthma":83.7292411183519,"PM25":75.9431045145331}},{"type":"Feature","geometry":{"type":"Polygon","coordinates":[[[-73.893669999585,40.6748219998549],[-73.8891510002937,40.6754960000477],[-73.8881920002189,40.6717149999836],[-73.8927110004085,40.6710460000752],[-73.893669999585,40.6748219998549]]]},"properties":{"GEOID":"36047115200","County":"Kings","Pop_Cnt":3122,"Vulner_Pct":92.9483,"Traff_Veh":63.655418151331,"Asthma":94.618457010721,"PM25":75.4895897753041}},{"type":"Feature","geometry":{"type":"Polygon","coordinates":[[[-73.8983410001106,40.6702119997605],[-73.8945559998649,40.6707699997338],[-73.8934460001773,40.6664459999141],[-73.8972330000728,40.6658779997583],[-73.8983410001106,40.6702119997605]]]},"properties":{"GEOID":"36047115600","County":"Kings","Pop_Cnt":3924,"Vulner_Pct":95.0617,"Traff_Veh":64.1374973800042,"Asthma":95.1860416228716,"PM25":76.5615337043909}},{"type":"Feature","geometry":{"type":"Polygon","coordinates":[[[-73.8908779997494,40.6713179998272],[-73.8872890002206,40.6718480000945],[-73.8861829998327,40.6675209998978],[-73.8897699997116,40.6669899997219],[-73.8908779997494,40.6713179998272]]]},"properties":{"GEOID":"36047116000","County":"Kings","Pop_Cnt":2324,"Vulner_Pct":92.1113,"Traff_Veh":15.4474952840075,"Asthma":94.618457010721,"PM25":74.9123891981035}},{"type":"Feature","geometry":{"type":"Polygon","coordinates":[[[-73.8838889999394,40.6723550000302],[-73.8795680001165,40.6729870000095],[-73.8784890003911,40.6686550002875],[-73.8827819997266,40.6680260002051],[-73.8838889999394,40.6723550000302]]]},"properties":{"GEOID":"36047116400","County":"Kings","Pop_Cnt":3596,"Vulner_Pct":85.52,"Traff_Veh":8.80318591490254,"Asthma":94.618457010721,"PM25":73.4900020614306}},{"type":"Feature","geometry":{"type":"Polygon","coordinates":[[[-73.8897739999096,40.6818010000024],[-73.886505000048,40.6833490002066],[-73.8858149995866,40.6806740001757],[-73.88489300022,40.6808109996862],[-73.8846709995639,40.6799400002853],[-73.8890059996305,40.6785569999587],[-73.8897739999096,40.6818010000024]]]},"properties":{"GEOID":"36047117201","County":"Kings","Pop_Cnt":2745,"Vulner_Pct":91.7556,"Traff_Veh":62.7122196604485,"Asthma":83.7292411183519,"PM25":75.0154607297464}},{"type":"Feature","geometry":{"type":"Polygon","coordinates":[[[-73.886505000048,40.6833490002066],[-73.8822029995933,40.6853599997324],[-73.8811680002488,40.6813540001032],[-73.8858149995866,40.6806740001757],[-73.886505000048,40.6833490002066]]]},"properties":{"GEOID":"36047117202","County":"Kings","Pop_Cnt":3756,"Vulner_Pct":83.7204,"Traff_Veh":54.9570320687487,"Asthma":83.7292411183519,"PM25":74.3351886209029}},{"type":"Feature","geometry":{"type":"Polygon","coordinates":[[[-73.8709480002121,40.6905020002878],[-73.8680590002921,40.6911839998813],[-73.8670180002015,40.6868300000635],[-73.8699089997713,40.6861160001377],[-73.8709480002121,40.6905020002878]]]},"properties":{"GEOID":"36047118202","County":"Kings","Pop_Cnt":3317,"Vulner_Pct":81.2932,"Traff_Veh":45.0639278977154,"Asthma":83.7292411183519,"PM25":70.2535559678417}},{"type":"Feature","geometry":{"type":"Polygon","coordinates":[[[-73.8822029995933,40.6853599997324],[-73.879075000197,40.6868819998318],[-73.8774290000339,40.680016999739],[-73.8806090002071,40.6791109999221],[-73.8822029995933,40.6853599997324]]]},"properties":{"GEOID":"36047117400","County":"Kings","Pop_Cnt":4143,"Vulner_Pct":84.3691,"Traff_Veh":70.3835673862922,"Asthma":83.7292411183519,"PM25":73.2632446918161}},{"type":"Feature","geometry":{"type":"Polygon","coordinates":[[[-73.8776740002563,40.6820870000509],[-73.8721869997711,40.6836489999898],[-73.8712000001072,40.6802219998684],[-73.8732760004405,40.679921000256],[-73.8736039996053,40.6811209998664],[-73.8774290000339,40.680016999739],[-73.8776740002563,40.6820870000509]]]},"properties":{"GEOID":"36047117800","County":"Kings","Pop_Cnt":1694,"Vulner_Pct":90.7094,"Traff_Veh":83.2739467616852,"Asthma":83.7292411183519,"PM25":72.0882292310864}},{"type":"Feature","geometry":{"type":"Polygon","coordinates":[[[-73.8740539998671,40.689299000169],[-73.8709480002121,40.6905020002878],[-73.8699089997713,40.6861160001377],[-73.8727390001401,40.6854099999844],[-73.8740539998671,40.689299000169]]]},"properties":{"GEOID":"36047118201","County":"Kings","Pop_Cnt":2868,"Vulner_Pct":80.2469,"Traff_Veh":52.3160762942779,"Asthma":83.7292411183519,"PM25":71.3667285095857}},{"type":"Feature","geometry":{"type":"Polygon","coordinates":[[[-73.8727390001401,40.6854099999844],[-73.8670180002015,40.6868300000635],[-73.8662950001282,40.6831889999063],[-73.871570000003,40.6816860001562],[-73.8727390001401,40.6854099999844]]]},"properties":{"GEOID":"36047118400","County":"Kings","Pop_Cnt":5105,"Vulner_Pct":88.2821,"Traff_Veh":58.0591071054286,"Asthma":83.7292411183519,"PM25":70.6658420944135}},{"type":"Feature","geometry":{"type":"Polygon","coordinates":[[[-73.871570000003,40.6816860001562],[-73.8662950001282,40.6831889999063],[-73.8660270003396,40.681917999737],[-73.864100999794,40.6823730002347],[-73.8637869999747,40.6811140001595],[-73.8712000001072,40.6802219998684],[-73.871570000003,40.6816860001562]]]},"properties":{"GEOID":"36047118600","County":"Kings","Pop_Cnt":2960,"Vulner_Pct":79.3681,"Traff_Veh":70.6770069167889,"Asthma":83.7292411183519,"PM25":70.1504844361987}},{"type":"Feature","geometry":{"type":"Polygon","coordinates":[[[-73.869342000232,40.6801909997696],[-73.8637869999747,40.6811140001595],[-73.8632820003596,40.6790730000668],[-73.862345999851,40.679164999751],[-73.8620279998337,40.6778859996852],[-73.8685470001887,40.6772059998066],[-73.869342000232,40.6801909997696]]]},"properties":{"GEOID":"36047118800","County":"Kings","Pop_Cnt":4536,"Vulner_Pct":84.955,"Traff_Veh":71.3267658771746,"Asthma":83.7292411183519,"PM25":69.4083694083694}},{"type":"Feature","geometry":{"type":"Polygon","coordinates":[[[-73.8810560000959,40.6789839998368],[-73.8765650003937,40.6801799996872],[-73.8752749998827,40.6749179998679],[-73.8798819999359,40.674254999663],[-73.8810560000959,40.6789839998368]]]},"properties":{"GEOID":"36047119200","County":"Kings","Pop_Cnt":3090,"Vulner_Pct":93.0739,"Traff_Veh":71.7040452735276,"Asthma":94.618457010721,"PM25":72.9952587095444}},{"type":"Feature","geometry":{"type":"Polygon","coordinates":[[[-73.8798819999359,40.674254999663],[-73.8752749998827,40.6749179998679],[-73.8742310003174,40.6708630001838],[-73.8788709999825,40.6701950001227],[-73.8798819999359,40.674254999663]]]},"properties":{"GEOID":"36047119400","County":"Kings","Pop_Cnt":4892,"Vulner_Pct":91.7347,"Traff_Veh":17.1452525675959,"Asthma":94.618457010721,"PM25":72.3974438260152}},{"type":"Feature","geometry":{"type":"Polygon","coordinates":[[[-73.8762099996681,40.6802080002651],[-73.874831000367,40.6799629999191],[-73.8725869998042,40.6778660003288],[-73.8704390003991,40.6772179998125],[-73.8694469998139,40.6731430002512],[-73.8746239997795,40.6723890002441],[-73.8762099996681,40.6802080002651]]]},"properties":{"GEOID":"36047119600","County":"Kings","Pop_Cnt":4993,"Vulner_Pct":92.467,"Traff_Veh":72.7520435967302,"Asthma":94.618457010721,"PM25":71.5934858792002}},{"type":"Feature","geometry":{"type":"Polygon","coordinates":[[[-73.8704390003991,40.6772179998125],[-73.8641329995811,40.6749969999665],[-73.861764000243,40.6742330002625],[-73.8694469998139,40.6731430002512],[-73.8704390003991,40.6772179998125]]]},"properties":{"GEOID":"36047120000","County":"Kings","Pop_Cnt":2630,"Vulner_Pct":91.0442,"Traff_Veh":70.2368476210438,"Asthma":94.618457010721,"PM25":69.9443413729128}},{"type":"Feature","geometry":{"type":"Polygon","coordinates":[[[-73.913845000243,40.7228979996894],[-73.912563000128,40.7232389999545],[-73.9074099995536,40.7272089997568],[-73.9042059999893,40.7257630002129],[-73.9045630003647,40.7225999998541],[-73.9040960003844,40.7210309998284],[-73.9049180001919,40.7205249999655],[-73.9083040002294,40.7204600000528],[-73.9113210001959,40.7196240002417],[-73.913845000243,40.7228979996894]]]},"properties":{"GEOID":"36081053100","County":"Queens","Pop_Cnt":3417,"Vulner_Pct":66.3109,"Traff_Veh":84.9297841123454,"Asthma":38.7008618877444,"PM25":79.3032364460936}},{"type":"Feature","geometry":{"type":"Polygon","coordinates":[[[-73.8697759997019,40.6770270002573],[-73.8620279998337,40.6778859996852],[-73.861063999736,40.6743429999176],[-73.861764000243,40.6742330002625],[-73.8697759997019,40.6770270002573]]]},"properties":{"GEOID":"36047120200","County":"Kings","Pop_Cnt":1933,"Vulner_Pct":82.8207,"Traff_Veh":81.0312303500314,"Asthma":83.7292411183519,"PM25":69.1403834260977}},{"type":"Feature","geometry":{"type":"Polygon","coordinates":[[[-73.8713030000393,40.6728580001629],[-73.861063999736,40.6743429999176],[-73.8603890002416,40.6712690001091],[-73.857633000391,40.6716559999469],[-73.8572819998634,40.6703119997866],[-73.8688860001224,40.6686619999398],[-73.8701120001609,40.6680139999076],[-73.8713030000393,40.6728580001629]]]},"properties":{"GEOID":"36047120800","County":"Kings","Pop_Cnt":10413,"Vulner_Pct":86.357,"Traff_Veh":64.829176273318,"Asthma":94.618457010721,"PM25":68.8930117501546}},{"type":"Feature","geometry":{"type":"Polygon","coordinates":[[[-73.8746239997795,40.6723890002441],[-73.8713030000393,40.6728580001629],[-73.8701120001609,40.6680139999076],[-73.8718749996015,40.6667640002379],[-73.8738000003222,40.6693350001663],[-73.8746239997795,40.6723890002441]]]},"properties":{"GEOID":"36047121000","County":"Kings","Pop_Cnt":4196,"Vulner_Pct":97.3635,"Traff_Veh":61.4546216726053,"Asthma":94.618457010721,"PM25":71.1399711399711}},{"type":"Feature","geometry":{"type":"Polygon","coordinates":[[[-73.8379170002156,40.754540999793],[-73.8294689998403,40.7581939999576],[-73.8282799996117,40.755392000271],[-73.8326010003329,40.7530069998661],[-73.8322950000112,40.7519419997959],[-73.8356020004059,40.7513949996945],[-73.8370140002173,40.7540269997163],[-73.8379170002156,40.754540999793]]]},"properties":{"GEOID":"36081084900","County":"Queens","Pop_Cnt":6909,"Vulner_Pct":84.683,"Traff_Veh":76.0427583315867,"Asthma":42.5268026066849,"PM25":60.7297464440322}},{"type":"Feature","geometry":{"type":"Polygon","coordinates":[[[-73.9438349999835,40.7525299999982],[-73.9367909999219,40.759883000291],[-73.9321520000817,40.7577100000566],[-73.93334499961,40.7562390002703],[-73.9346319997479,40.7569400000964],[-73.9367790002264,40.754749999768],[-73.9360090002974,40.7543409999733],[-73.9371700000386,40.7530790002807],[-73.9356140002872,40.7522819998988],[-73.9361299997729,40.7517240000361],[-73.9347430000759,40.7509789998259],[-73.9367569995867,40.7491470000212],[-73.9373950001695,40.7489140000913],[-73.9378749996702,40.7498039998403],[-73.9438349999835,40.7525299999982]]]},"properties":{"GEOID":"36081003300","County":"Queens","Pop_Cnt":3569,"Vulner_Pct":70.9772,"Traff_Veh":89.1427373716202,"Asthma":91.4021442085348,"PM25":85.9822716965574}},{"type":"Feature","geometry":{"type":"Polygon","coordinates":[[[-73.9470639996621,40.7375159998749],[-73.9414620004475,40.7392490001635],[-73.9386780001094,40.7382140000627],[-73.9376510002625,40.7433049997844],[-73.9302270002594,40.7424459999035],[-73.9311019997703,40.7380700003174],[-73.929946000052,40.7375359997033],[-73.9316139999564,40.7368259997305],[-73.9250489995706,40.7356750002322],[-73.9223999998501,40.7343600002188],[-73.9246760002,40.7329810001003],[-73.9290580001223,40.7276880002267],[-73.9375249998658,40.7298149996961],[-73.9396599997505,40.7314870003379],[-73.9421629998811,40.7356779999836],[-73.9470639996621,40.7375159998749]]]},"properties":{"GEOID":"36081019900","County":"Queens","Pop_Cnt":697,"Vulner_Pct":76.5432,"Traff_Veh":91.3854537832739,"Asthma":60.584401933992,"PM25":85.8379715522573}},{"type":"Feature","geometry":{"type":"Polygon","coordinates":[[[-73.9255880004192,40.7419079997326],[-73.9245099996204,40.7473209999187],[-73.9226529995701,40.7471070003237],[-73.9237389998665,40.7416920000818],[-73.9255880004192,40.7419079997326]]]},"properties":{"GEOID":"36081018101","County":"Queens","Pop_Cnt":3497,"Vulner_Pct":68.4244,"Traff_Veh":77.1536365541815,"Asthma":60.584401933992,"PM25":83.0138115852402}},{"type":"Feature","geometry":{"type":"Polygon","coordinates":[[[-73.8718749996015,40.6667640002379],[-73.8683299995554,40.6687280002269],[-73.8675179997937,40.6654730000075],[-73.8620420000774,40.6662530002874],[-73.8628449996183,40.6695219997179],[-73.8572819998634,40.6703119997866],[-73.8556850001041,40.6638669998903],[-73.8584300000841,40.6634530000358],[-73.8576149999493,40.6601190000361],[-73.8603599999293,40.6596460003287],[-73.8631710000315,40.6582770003224],[-73.8607619996122,40.654836000268],[-73.8640730002049,40.6562709996782],[-73.8718749996015,40.6667640002379]]]},"properties":{"GEOID":"36047122000","County":"Kings","Pop_Cnt":5945,"Vulner_Pct":84.7458,"Traff_Veh":47.4533640746175,"Asthma":94.618457010721,"PM25":68.1302824159967}},{"type":"Feature","geometry":{"type":"Polygon","coordinates":[[[-73.8683299995554,40.6687280002269],[-73.8628449996183,40.6695219997179],[-73.8620420000774,40.6662530002874],[-73.8675179997937,40.6654730000075],[-73.8683299995554,40.6687280002269]]]},"properties":{"GEOID":"36047121400","County":"Kings","Pop_Cnt":4820,"Vulner_Pct":94.6223,"Traff_Veh":62.5445399287361,"Asthma":94.618457010721,"PM25":68.872397443826}},{"type":"Feature","geometry":{"type":"Polygon","coordinates":[[[-73.9554369996944,40.6799580002363],[-73.9532819997183,40.6801999997119],[-73.953371000305,40.6806410001621],[-73.9439730000757,40.6800880000413],[-73.9441410003052,40.6782369998128],[-73.9530049997088,40.6788149998308],[-73.9553089996478,40.6792729999588],[-73.9554369996944,40.6799580002363]]]},"properties":{"GEOID":"36047024700","County":"Kings","Pop_Cnt":2672,"Vulner_Pct":80.3934,"Traff_Veh":82.5613079019074,"Asthma":93.48328778642,"PM25":91.9810348381777}},{"type":"Feature","geometry":{"type":"Polygon","coordinates":[[[-73.9407689996131,40.6820999999001],[-73.9350080003898,40.682763999777],[-73.9343510004388,40.6795639996666],[-73.9403279995722,40.6798900000172],[-73.9407689996131,40.6820999999001]]]},"properties":{"GEOID":"36047027300","County":"Kings","Pop_Cnt":3431,"Vulner_Pct":80.1841,"Traff_Veh":57.0530287151541,"Asthma":97.7506832036998,"PM25":89.692846835704}},{"type":"Feature","geometry":{"type":"Polygon","coordinates":[[[-73.992637999901,40.5781179996841],[-73.9841490004161,40.5790530002677],[-73.9834349996653,40.5754139999142],[-73.9917430002986,40.5734300001263],[-73.992637999901,40.5781179996841]]]},"properties":{"GEOID":"36047032600","County":"Kings","Pop_Cnt":6730,"Vulner_Pct":95.2501,"Traff_Veh":58.7507859987424,"Asthma":88.1437881017448,"PM25":81.1172954030097}},{"type":"Feature","geometry":{"type":"Polygon","coordinates":[[[-73.9627429996967,40.7076850002745],[-73.9620349996921,40.7103619999876],[-73.9566240002731,40.7103839997195],[-73.9584560002091,40.7072519997273],[-73.9627429996967,40.7076850002745]]]},"properties":{"GEOID":"36047052500","County":"Kings","Pop_Cnt":3270,"Vulner_Pct":84.7667,"Traff_Veh":97.9878432194509,"Asthma":75.1524069791886,"PM25":92.9292929292929}},{"type":"Feature","geometry":{"type":"Polygon","coordinates":[[[-73.9308680003169,40.6714739998857],[-73.9306149996986,40.6741470001828],[-73.9250820000809,40.6738440000638],[-73.9253280001282,40.6711690001556],[-73.9308680003169,40.6714739998857]]]},"properties":{"GEOID":"36047034700","County":"Kings","Pop_Cnt":3350,"Vulner_Pct":87.4869,"Traff_Veh":59.379584992664,"Asthma":93.48328778642,"PM25":86.8893011750155}},{"type":"Feature","geometry":{"type":"Polygon","coordinates":[[[-73.9804200002469,40.6423850000829],[-73.9783270001951,40.6432679999012],[-73.9773430000059,40.6380670001884],[-73.9764149998932,40.6381680000236],[-73.9759620001567,40.6357789998203],[-73.9791120001926,40.6354399998612],[-73.9804200002469,40.6423850000829]]]},"properties":{"GEOID":"36047048600","County":"Kings","Pop_Cnt":3200,"Vulner_Pct":80.3306,"Traff_Veh":56.8015091175854,"Asthma":43.3886903510616,"PM25":90.7854050711194}},{"type":"Feature","geometry":{"type":"Polygon","coordinates":[[[-73.9410430001478,40.7278410002927],[-73.9381890003879,40.7280999999719],[-73.9341229999348,40.7268550001261],[-73.9402210003403,40.722891999715],[-73.9410430001478,40.7278410002927]]]},"properties":{"GEOID":"36047059300","County":"Kings","Pop_Cnt":2022,"Vulner_Pct":52.1239,"Traff_Veh":96.7092852651436,"Asthma":36.4935883960479,"PM25":86.8480725623583}},{"type":"Feature","geometry":{"type":"Polygon","coordinates":[[[-73.8933750000323,40.6371079999435],[-73.8903279999285,40.6390799998575],[-73.886645999615,40.6357750002873],[-73.8896950002669,40.6338020001501],[-73.8933750000323,40.6371079999435]]]},"properties":{"GEOID":"36047102200","County":"Kings","Pop_Cnt":2171,"Vulner_Pct":59.5731,"Traff_Veh":66.9461328861874,"Asthma":82.9514399831827,"PM25":72.459286745001}},{"type":"Feature","geometry":{"type":"Polygon","coordinates":[[[-73.9019820004162,40.6696700001172],[-73.8983410001106,40.6702119997605],[-73.8972330000728,40.6658779997583],[-73.9008509999139,40.6653459998365],[-73.9019820004162,40.6696700001172]]]},"properties":{"GEOID":"36047113400","County":"Kings","Pop_Cnt":3105,"Vulner_Pct":92.8855,"Traff_Veh":32.6137078180675,"Asthma":95.1860416228716,"PM25":77.9220779220779}},{"type":"Feature","geometry":{"type":"Polygon","coordinates":[[[-73.8945559998649,40.6707699997338],[-73.8908779997494,40.6713179998272],[-73.8897699997116,40.6669899997219],[-73.8934460001773,40.6664459999141],[-73.8945559998649,40.6707699997338]]]},"properties":{"GEOID":"36047115800","County":"Kings","Pop_Cnt":2878,"Vulner_Pct":95.4175,"Traff_Veh":49.6541605533431,"Asthma":95.1860416228716,"PM25":75.5720470006184}},{"type":"Feature","geometry":{"type":"Polygon","coordinates":[[[-73.884853999862,40.6761289996796],[-73.8805049995517,40.6767659999161],[-73.8795680001165,40.6729870000095],[-73.8838889999394,40.6723550000302],[-73.884853999862,40.6761289996796]]]},"properties":{"GEOID":"36047116600","County":"Kings","Pop_Cnt":3128,"Vulner_Pct":85.6874,"Traff_Veh":39.7400964158457,"Asthma":94.618457010721,"PM25":73.7786023500309}},{"type":"Feature","geometry":{"type":"Polygon","coordinates":[[[-73.8675570001517,40.741677999784],[-73.8624100003234,40.7428900001598],[-73.8600720000492,40.7383729996888],[-73.8658299997978,40.7366430001103],[-73.8675570001517,40.741677999784]]]},"properties":{"GEOID":"36081044302","County":"Queens","Pop_Cnt":4076,"Vulner_Pct":86.1687,"Traff_Veh":87.2773003563194,"Asthma":62.9598486441034,"PM25":68.5013399299114}},{"type":"Feature","geometry":{"type":"Polygon","coordinates":[[[-73.7910790003034,40.5968279998423],[-73.7902619996205,40.5992599997475],[-73.7861690003016,40.6030749996912],[-73.7890580002216,40.6056209998451],[-73.7803539997533,40.6113080000054],[-73.7773209998932,40.6130780000109],[-73.7723740000814,40.608452000077],[-73.7726069997099,40.6029599998534],[-73.7706619997961,40.5960020000458],[-73.7870439998125,40.5949109997334],[-73.7891329996664,40.5940440002875],[-73.7896990002791,40.5962279997358],[-73.7897389995638,40.5947440002446],[-73.7901779999549,40.5960709997876],[-73.7901550003887,40.5947759997869],[-73.7905939998815,40.5961079998868],[-73.7904199998043,40.5947530001175],[-73.7908630003933,40.5950130000125],[-73.7910790003034,40.5968279998423]]]},"properties":{"GEOID":"36081097203","County":"Queens","Pop_Cnt":7356,"Vulner_Pct":91.2743,"Traff_Veh":19.5556487109621,"Asthma":91.0868194240067,"PM25":49.1238919810348}},{"type":"Feature","geometry":{"type":"Polygon","coordinates":[[[-73.9554569997859,40.8144880000388],[-73.9521999996198,40.8189500000945],[-73.9508799998699,40.8183950000189],[-73.9527629998595,40.8165430003284],[-73.9529739997467,40.8150699996851],[-73.9508599997784,40.8141869997221],[-73.9517700003478,40.8129400002765],[-73.9509269997256,40.8125750002306],[-73.9521009998856,40.811441999836],[-73.9540809999595,40.8122800001419],[-73.9554569997859,40.8144880000388]]]},"properties":{"GEOID":"36061021303","County":"New York","Pop_Cnt":6283,"Vulner_Pct":88.2402,"Traff_Veh":71.2219660448543,"Asthma":96.3212108471726,"PM25":79.5299938157081}},{"type":"Feature","geometry":{"type":"Polygon","coordinates":[[[-73.9476040003356,40.8252330002511],[-73.9452920000007,40.8284010000123],[-73.9405950004342,40.8264140001629],[-73.9429239995892,40.8232600000774],[-73.9476040003356,40.8252330002511]]]},"properties":{"GEOID":"36061023100","County":"New York","Pop_Cnt":6807,"Vulner_Pct":82.5487,"Traff_Veh":62.0624607000629,"Asthma":88.2909396678579,"PM25":76.6852195423624}},{"type":"Feature","geometry":{"type":"Polygon","coordinates":[[[-73.9499719998487,40.7636459999924],[-73.9421460001627,40.7720370002945],[-73.9400430000651,40.772953000312],[-73.934955999613,40.7717300003381],[-73.9364040003076,40.7694749998496],[-73.9413119997613,40.7669179999123],[-73.9447150004156,40.7628789999571],[-73.9471800000131,40.7641359998744],[-73.9484470000595,40.7634750001205],[-73.9491369996225,40.7640389996777],[-73.9499719998487,40.7636459999924]]]},"properties":{"GEOID":"36061023802","County":"New York","Pop_Cnt":6086,"Vulner_Pct":32.7265,"Traff_Veh":83.0014671976525,"Asthma":18.7723355055707,"PM25":85.4050711193568}},{"type":"Feature","geometry":{"type":"Polygon","coordinates":[[[-73.8921320002753,40.8646330002505],[-73.8883140004177,40.8685470002916],[-73.8859369997854,40.865924000223],[-73.8881219998987,40.8642549998195],[-73.8888960000256,40.8647539998518],[-73.8901610004222,40.8634769999387],[-73.8921320002753,40.8646330002505]]]},"properties":{"GEOID":"36005040502","County":"Bronx","Pop_Cnt":7264,"Vulner_Pct":90.2699,"Traff_Veh":72.5634038985538,"Asthma":89.8044986335926,"PM25":68.6456400742115}},{"type":"Feature","geometry":{"type":"Polygon","coordinates":[[[-73.9204609997841,40.8309150000794],[-73.9177059997583,40.8345100001125],[-73.915857000104,40.8338389999828],[-73.9181099999894,40.8300050001062],[-73.9204609997841,40.8309150000794]]]},"properties":{"GEOID":"36005018102","County":"Bronx","Pop_Cnt":5294,"Vulner_Pct":95.4593,"Traff_Veh":61.8319010689583,"Asthma":97.2671852007568,"PM25":72.1294578437436}},{"type":"Feature","geometry":{"type":"Polygon","coordinates":[[[-73.9221370000844,40.8504530003314],[-73.9195949995957,40.8533389997824],[-73.9164470001079,40.8519050003038],[-73.919371000188,40.8496209999737],[-73.9221370000844,40.8504530003314]]]},"properties":{"GEOID":"36005020502","County":"Bronx","Pop_Cnt":2160,"Vulner_Pct":96.8194,"Traff_Veh":98.2393628170195,"Asthma":94.9337817952491,"PM25":72.5211296639868}},{"type":"Feature","geometry":{"type":"Polygon","coordinates":[[[-73.9204790002257,40.8371399999408],[-73.9176830001921,40.8402249998679],[-73.9159399999447,40.8395519997095],[-73.9184120001132,40.8364400000821],[-73.9204790002257,40.8371399999408]]]},"properties":{"GEOID":"36005022101","County":"Bronx","Pop_Cnt":4133,"Vulner_Pct":92.1741,"Traff_Veh":66.8832529867952,"Asthma":95.5013664073996,"PM25":72.665429808287}},{"type":"Feature","geometry":{"type":"Polygon","coordinates":[[[-73.9181669998908,40.8529830002408],[-73.9165390001694,40.854715000172],[-73.9122729996998,40.8537590000419],[-73.915452000048,40.8504940001762],[-73.9161140000219,40.8517930001693],[-73.9181669998908,40.8529830002408]]]},"properties":{"GEOID":"36005024501","County":"Bronx","Pop_Cnt":4871,"Vulner_Pct":96.5892,"Traff_Veh":93.2928107315028,"Asthma":94.9337817952491,"PM25":72.2325293753865}},{"type":"Feature","geometry":{"type":"Polygon","coordinates":[[[-73.9007789999439,40.856047000309],[-73.8988320003803,40.8593049996608],[-73.8963629996865,40.8583760000929],[-73.8981650003835,40.8551460002386],[-73.9007789999439,40.856047000309]]]},"properties":{"GEOID":"36005038301","County":"Bronx","Pop_Cnt":5084,"Vulner_Pct":92.7809,"Traff_Veh":69.3565290295535,"Asthma":95.3542148412865,"PM25":69.7794269222841}},{"type":"Feature","geometry":{"type":"Polygon","coordinates":[[[-73.8932989998643,40.8652939997175],[-73.8898919999104,40.8695219998574],[-73.8883140004177,40.8685470002916],[-73.8921320002753,40.8646330002505],[-73.8932989998643,40.8652939997175]]]},"properties":{"GEOID":"36005040501","County":"Bronx","Pop_Cnt":4399,"Vulner_Pct":91.5882,"Traff_Veh":72.2280444351289,"Asthma":89.8044986335926,"PM25":69.0373118944548}},{"type":"Feature","geometry":{"type":"Polygon","coordinates":[[[-73.9116939995665,40.827759000166],[-73.9089600003555,40.8302260001798],[-73.905530999762,40.8291040000783],[-73.9045059995649,40.8306249999051],[-73.9022750003192,40.829636999887],[-73.9050799996753,40.827113999839],[-73.9042930000279,40.8269199997211],[-73.9064570002249,40.8217150003351],[-73.9084180000322,40.8221810000325],[-73.9077409999897,40.8238150002337],[-73.9113100003253,40.8248489997394],[-73.9116939995665,40.827759000166]]]},"properties":{"GEOID":"36005018500","County":"Bronx","Pop_Cnt":9001,"Vulner_Pct":98.9538,"Traff_Veh":65.625654998952,"Asthma":96.9728820685306,"PM25":69.882498453927}},{"type":"Feature","geometry":{"type":"Polygon","coordinates":[[[-73.8810460000501,40.8284319997343],[-73.876402000187,40.8289770000223],[-73.8758020001374,40.8264019998632],[-73.8804269997339,40.8257800001623],[-73.8810460000501,40.8284319997343]]]},"properties":{"GEOID":"36005005002","County":"Bronx","Pop_Cnt":5592,"Vulner_Pct":98.0121,"Traff_Veh":91.8884929784112,"Asthma":92.8736598696658,"PM25":65.9451659451659}},{"type":"Feature","geometry":{"type":"Polygon","coordinates":[[[-73.901175999604,40.8243890000868],[-73.8988740002131,40.8238499998612],[-73.8932000001301,40.82400799997],[-73.9016019995763,40.8196950002882],[-73.9006120004376,40.8221089997242],[-73.901988000264,40.8224399999572],[-73.901175999604,40.8243890000868]]]},"properties":{"GEOID":"36005012901","County":"Bronx","Pop_Cnt":4419,"Vulner_Pct":97.8447,"Traff_Veh":69.0002095996646,"Asthma":97.3722934622661,"PM25":67.8416821273964}},{"type":"Feature","geometry":{"type":"Polygon","coordinates":[[[-73.8309429995759,40.8269049998005],[-73.8252939996073,40.8296890002192],[-73.8206890001023,40.8253049998871],[-73.8191400000236,40.8223469998224],[-73.8309429995759,40.8269049998005]]]},"properties":{"GEOID":"36005015200","County":"Bronx","Pop_Cnt":2481,"Vulner_Pct":80.3725,"Traff_Veh":93.5233703626074,"Asthma":78.9783476981291,"PM25":59.121830550402}},{"type":"Feature","geometry":{"type":"Polygon","coordinates":[[[-73.907402000056,40.8362319999773],[-73.905979000374,40.8385049998815],[-73.9019670003476,40.8371720000839],[-73.9029060003309,40.8359270000323],[-73.9012119995889,40.8354980002416],[-73.9018560000195,40.8346220002314],[-73.9035210004492,40.8350099996901],[-73.907402000056,40.8362319999773]]]},"properties":{"GEOID":"36005014702","County":"Bronx","Pop_Cnt":5435,"Vulner_Pct":94.2457,"Traff_Veh":60.6581429469713,"Asthma":99.2432205171326,"PM25":69.6969696969697}},{"type":"Feature","geometry":{"type":"Polygon","coordinates":[[[-73.9138440004181,40.8336940003316],[-73.9129000004119,40.835296999703],[-73.9086909998437,40.8339379997827],[-73.9104900001676,40.83073699979],[-73.9123949998985,40.8309360001928],[-73.9112850002109,40.832829000277],[-73.9138440004181,40.8336940003316]]]},"properties":{"GEOID":"36005017701","County":"Bronx","Pop_Cnt":4650,"Vulner_Pct":93.3459,"Traff_Veh":57.7866275413959,"Asthma":97.2671852007568,"PM25":71.0575139146568}},{"type":"Feature","geometry":{"type":"Polygon","coordinates":[[[-73.9129000004119,40.835296999703],[-73.9113899997929,40.8378659998967],[-73.9091639996717,40.8369819998574],[-73.9079800003643,40.8371779999391],[-73.905382999624,40.8397689997022],[-73.9086909998437,40.8339379997827],[-73.9129000004119,40.835296999703]]]},"properties":{"GEOID":"36005017702","County":"Bronx","Pop_Cnt":5423,"Vulner_Pct":96.5055,"Traff_Veh":60.7000628798994,"Asthma":97.2671852007568,"PM25":70.6452277880849}},{"type":"Feature","geometry":{"type":"Polygon","coordinates":[[[-73.9158710003477,40.8363929997724],[-73.9137549998313,40.8387430002627],[-73.9113899997929,40.8378659998967],[-73.9129000004119,40.835296999703],[-73.9158710003477,40.8363929997724]]]},"properties":{"GEOID":"36005017902","County":"Bronx","Pop_Cnt":4032,"Vulner_Pct":92.6135,"Traff_Veh":69.1888492978411,"Asthma":97.2671852007568,"PM25":71.3873428159143}},{"type":"Feature","geometry":{"type":"Polygon","coordinates":[[[-73.9181099999894,40.8300050001062],[-73.915857000104,40.8338389999828],[-73.9140789996964,40.8332859997334],[-73.9164100002979,40.8292900002993],[-73.9181099999894,40.8300050001062]]]},"properties":{"GEOID":"36005018101","County":"Bronx","Pop_Cnt":3351,"Vulner_Pct":96.2963,"Traff_Veh":53.5946342485852,"Asthma":97.2671852007568,"PM25":71.7171717171717}},{"type":"Feature","geometry":{"type":"Polygon","coordinates":[[[-73.9211520000703,40.826398000216],[-73.9189440003907,40.8303349998218],[-73.9164100002979,40.8292900002993],[-73.9184589999688,40.825573999771],[-73.9211520000703,40.826398000216]]]},"properties":{"GEOID":"36005018302","County":"Bronx","Pop_Cnt":3824,"Vulner_Pct":91.9648,"Traff_Veh":68.6019702368476,"Asthma":97.2671852007568,"PM25":72.3149866007009}},{"type":"Feature","geometry":{"type":"Polygon","coordinates":[[[-73.9281500001011,40.8455070001903],[-73.923903999723,40.8504880001673],[-73.919371000188,40.8496209999737],[-73.9213450004141,40.8471799997766],[-73.9205419999749,40.8468939998499],[-73.9226850002555,40.8445679996762],[-73.9281500001011,40.8455070001903]]]},"properties":{"GEOID":"36005020501","County":"Bronx","Pop_Cnt":6976,"Vulner_Pct":97.0287,"Traff_Veh":99.3921609725424,"Asthma":94.9337817952491,"PM25":73.2426303854875}},{"type":"Feature","geometry":{"type":"Polygon","coordinates":[[[-73.8635800002854,40.8412779998758],[-73.8533350001343,40.8424699998777],[-73.8530349996603,40.840735000191],[-73.8566860000117,40.8402260002508],[-73.8606899996422,40.8385099998868],[-73.8635800002854,40.8412779998758]]]},"properties":{"GEOID":"36005021001","County":"Bronx","Pop_Cnt":8930,"Vulner_Pct":80.1214,"Traff_Veh":67.7426116118214,"Asthma":85.5581248686147,"PM25":63.5745207173779}},{"type":"Feature","geometry":{"type":"Polygon","coordinates":[[[-73.8677029997416,40.8544930000368],[-73.8675880001139,40.8578300001911],[-73.8617910000072,40.8579830002778],[-73.8619199998787,40.8567829996804],[-73.8647410000266,40.8566910002911],[-73.8648139998216,40.8544429997935],[-73.8677029997416,40.8544930000368]]]},"properties":{"GEOID":"36005022403","County":"Bronx","Pop_Cnt":3194,"Vulner_Pct":85.6665,"Traff_Veh":86.732341228254,"Asthma":79.1675425688459,"PM25":65.8627087198516}},{"type":"Feature","geometry":{"type":"Polygon","coordinates":[[[-73.9161900001899,40.8545819999417],[-73.9154479998501,40.8564979998942],[-73.9104130001748,40.8557289999249],[-73.9122729996998,40.8537590000419],[-73.9161900001899,40.8545819999417]]]},"properties":{"GEOID":"36005024502","County":"Bronx","Pop_Cnt":3677,"Vulner_Pct":95.5639,"Traff_Veh":89.3942569691888,"Asthma":94.9337817952491,"PM25":71.6347144918574}},{"type":"Feature","geometry":{"type":"Polygon","coordinates":[[[-73.9034760002433,40.8698429997231],[-73.9026500002379,40.8705850002261],[-73.8989179996957,40.8696579997958],[-73.8995999997611,40.8689269998997],[-73.8995300003392,40.8678810001803],[-73.9023580001598,40.8686960002656],[-73.9034760002433,40.8698429997231]]]},"properties":{"GEOID":"36005026701","County":"Bronx","Pop_Cnt":4185,"Vulner_Pct":85.6246,"Traff_Veh":84.762104380633,"Asthma":83.224721463107,"PM25":70.4184704184704}},{"type":"Feature","geometry":{"type":"Polygon","coordinates":[[[-73.8705790001411,40.8614049999048],[-73.8704190003076,40.8653629999907],[-73.8673599996099,40.8654290001848],[-73.8674860000066,40.8613460002259],[-73.8705790001411,40.8614049999048]]]},"properties":{"GEOID":"36005033202","County":"Bronx","Pop_Cnt":4033,"Vulner_Pct":93.032,"Traff_Veh":92.202892475372,"Asthma":89.4891738490645,"PM25":66.6048237476809}},{"type":"Feature","geometry":{"type":"Polygon","coordinates":[[[-73.8986349998385,40.8539069998159],[-73.8963629996865,40.8583760000929],[-73.8957400000706,40.8581389996692],[-73.8946939999572,40.8594260001638],[-73.8938079996773,40.8589420002228],[-73.8914469998369,40.8616339997151],[-73.8908869999702,40.8613450001618],[-73.8956089996511,40.8545710001507],[-73.8970990001785,40.855172000257],[-73.8986349998385,40.8539069998159]]]},"properties":{"GEOID":"36005038302","County":"Bronx","Pop_Cnt":6032,"Vulner_Pct":97.9284,"Traff_Veh":71.7878851393838,"Asthma":95.3542148412865,"PM25":69.3465264893836}},{"type":"Feature","geometry":{"type":"Polygon","coordinates":[[[-73.8505230002072,40.8427900000275],[-73.848068999582,40.8430719999958],[-73.8462349999963,40.8444900000186],[-73.8478850003573,40.8459889998381],[-73.8457460002747,40.8480250002561],[-73.8449289995918,40.8501440003375],[-73.8449100002235,40.84542699967],[-73.8415049999195,40.8410159996971],[-73.8445810003356,40.8385360003165],[-73.8505230002072,40.8427900000275]]]},"properties":{"GEOID":"36005020000","County":"Bronx","Pop_Cnt":4711,"Vulner_Pct":90.3536,"Traff_Veh":67.3862921819325,"Asthma":86.9035106159344,"PM25":61.6367759224902}},{"type":"Feature","geometry":{"type":"Polygon","coordinates":[[[-73.9012600001679,40.844572000266],[-73.8956089996511,40.8545710001507],[-73.8939840003027,40.8542469998078],[-73.8942050002356,40.853855000135],[-73.8930710002586,40.8532500002462],[-73.8947879996685,40.8510819997656],[-73.8940729999912,40.8507130001269],[-73.8961769999136,40.8466589996945],[-73.8929010003793,40.8462689998819],[-73.8935669996528,40.8451380000858],[-73.8948089995849,40.8437610002694],[-73.9012600001679,40.844572000266]]]},"properties":{"GEOID":"36005039500","County":"Bronx","Pop_Cnt":4257,"Vulner_Pct":98.9328,"Traff_Veh":88.0737790819535,"Asthma":99.2432205171326,"PM25":69.1197691197691}},{"type":"Feature","geometry":{"type":"Polygon","coordinates":[[[-73.8566140000417,40.8712499997188],[-73.8565129997593,40.8742180001703],[-73.8485969996616,40.871669999854],[-73.8499270003555,40.8713289997131],[-73.850083999816,40.8653349998885],[-73.8557810003636,40.8654400002108],[-73.8555720001262,40.8712220000679],[-73.8566140000417,40.8712499997188]]]},"properties":{"GEOID":"36005034800","County":"Bronx","Pop_Cnt":5707,"Vulner_Pct":83.9297,"Traff_Veh":43.2823307482708,"Asthma":77.359680470885,"PM25":64.3578643578644}},{"type":"Feature","geometry":{"type":"Polygon","coordinates":[[[-73.847198000269,40.8675549997831],[-73.8451729999893,40.8699149998157],[-73.8369709996613,40.8656429996823],[-73.8369890001029,40.8650949998856],[-73.8471849998502,40.8652829996673],[-73.847198000269,40.8675549997831]]]},"properties":{"GEOID":"36005036000","County":"Bronx","Pop_Cnt":3271,"Vulner_Pct":74.0741,"Traff_Veh":63.5715782854747,"Asthma":77.359680470885,"PM25":62.4819624819625}},{"type":"Feature","geometry":{"type":"Polygon","coordinates":[[[-73.8698419998242,40.8249229996605],[-73.8563000002223,40.8267570002205],[-73.8553119998352,40.8231920001015],[-73.8584450001527,40.8227739997973],[-73.8582640004027,40.8220129998713],[-73.8657460001322,40.8210120001166],[-73.8698419998242,40.8249229996605]]]},"properties":{"GEOID":"36005004200","County":"Bronx","Pop_Cnt":7697,"Vulner_Pct":80.9374,"Traff_Veh":92.9155313351499,"Asthma":93.9037208324574,"PM25":63.7600494743352}},{"type":"Feature","geometry":{"type":"Polygon","coordinates":[[[-73.8573680000771,40.893394000268],[-73.8549350002666,40.897723999945],[-73.8503750000692,40.9034280002555],[-73.8470450001082,40.9017299997948],[-73.8474240002248,40.900273999825],[-73.8500470000061,40.8996230002257],[-73.8544919996775,40.892478999959],[-73.8573680000771,40.893394000268]]]},"properties":{"GEOID":"36005043400","County":"Bronx","Pop_Cnt":3710,"Vulner_Pct":82.8416,"Traff_Veh":55.6277509955984,"Asthma":75.4467101114148,"PM25":62.4201195629767}},{"type":"Feature","geometry":{"type":"Polygon","coordinates":[[[-73.9318009995541,40.8078759997791],[-73.9292189997808,40.8095640002783],[-73.915448999675,40.8035410002419],[-73.9066549996933,40.8073119997771],[-73.9030739996621,40.8098800001856],[-73.9018920000045,40.8050070002091],[-73.892503999821,40.8012059996794],[-73.8998690002729,40.7924490001557],[-73.9124559999979,40.7960960001128],[-73.9198609997344,40.7993529999609],[-73.923021999641,40.8024249998394],[-73.9272499995775,40.8025580000034],[-73.9318009995541,40.8078759997791]]]},"properties":{"GEOID":"36005001900","County":"Bronx","Pop_Cnt":3141,"Vulner_Pct":95.9824,"Traff_Veh":99.8952001676797,"Asthma":100,"PM25":73.6961451247166}},{"type":"Feature","geometry":{"type":"Polygon","coordinates":[[[-73.9326299999326,40.8106060001245],[-73.9324009996038,40.8141510003382],[-73.9302759997649,40.8132559997432],[-73.9288570002808,40.8148800000325],[-73.927313000225,40.8185599997363],[-73.9251850000131,40.8180130001033],[-73.9266269999616,40.8161189998728],[-73.9239999999824,40.8154389999105],[-73.9230929997861,40.8166979999933],[-73.9212449999567,40.8162199997445],[-73.9215830000655,40.8155500002124],[-73.9204819997005,40.8145640001423],[-73.9264429998386,40.8115069998903],[-73.9281350000325,40.8096220003396],[-73.9288060002272,40.8098989998394],[-73.9318009995541,40.8078759997791],[-73.9326299999326,40.8106060001245]]]},"properties":{"GEOID":"36005005100","County":"Bronx","Pop_Cnt":5737,"Vulner_Pct":99.163,"Traff_Veh":78.3064347097045,"Asthma":100,"PM25":74.8711605854463}},{"type":"Feature","geometry":{"type":"Polygon","coordinates":[[[-73.9030739996621,40.8098800001856],[-73.8968499997582,40.8144600001935],[-73.890824000221,40.8203069999177],[-73.8879960004003,40.8166640000495],[-73.8804130003885,40.8093930002949],[-73.8793570002293,40.8056579999505],[-73.8770290000009,40.8057040000614],[-73.8736200003971,40.8028010001823],[-73.8631469997421,40.7974969998351],[-73.8671179997606,40.7937419999665],[-73.892503999821,40.8012059996794],[-73.9018920000045,40.8050070002091],[-73.9030739996621,40.8098800001856]]]},"properties":{"GEOID":"36005009300","County":"Bronx","Pop_Cnt":6154,"Vulner_Pct":98.326,"Traff_Veh":75.372039404737,"Asthma":95.6695396258146,"PM25":68.0478251906823}},{"type":"Feature","geometry":{"type":"Polygon","coordinates":[[[-73.8961180003624,40.8467789999069],[-73.8940729999912,40.8507130001269],[-73.8947879996685,40.8510819997656],[-73.8943180002135,40.8518910001275],[-73.8930710002586,40.8532500002462],[-73.8921670004354,40.8527700001214],[-73.8903890000278,40.8546889999743],[-73.8896070004033,40.8532380000476],[-73.8904989996327,40.8512240001416],[-73.8893320000437,40.8508320002496],[-73.8899000003063,40.8498690001867],[-73.890936000374,40.8504769996967],[-73.8933740002073,40.8464010002009],[-73.8961180003624,40.8467789999069]]]},"properties":{"GEOID":"36005037504","County":"Bronx","Pop_Cnt":3323,"Vulner_Pct":99.4978,"Traff_Veh":74.5336407461748,"Asthma":99.0750472987177,"PM25":68.5425685425685}},{"type":"Feature","geometry":{"type":"Polygon","coordinates":[[[-73.8495590001095,40.8344090002253],[-73.842041000395,40.8406460000362],[-73.8393640001871,40.8408780000064],[-73.8393320004,40.8335540000628],[-73.8422790000464,40.8312669998713],[-73.8423080003587,40.8287989999682],[-73.845255000005,40.8284630001215],[-73.8472610000182,40.8293129999834],[-73.8484860002318,40.8345249996721],[-73.8495590001095,40.8344090002253]]]},"properties":{"GEOID":"36005009600","County":"Bronx","Pop_Cnt":2792,"Vulner_Pct":95.4384,"Traff_Veh":90.7776147558164,"Asthma":88.438091233971,"PM25":61.5130900845187}},{"type":"Feature","geometry":{"type":"Polygon","coordinates":[[[-73.8879960004003,40.8166640000495],[-73.8823459997085,40.8174159997345],[-73.8809809997528,40.8182380001703],[-73.877969999634,40.8161520000295],[-73.8713030000393,40.8139540000775],[-73.8664840002741,40.8059010003385],[-73.8629650001672,40.7976699998789],[-73.8736200003971,40.8028010001823],[-73.8770290000009,40.8057040000614],[-73.8793570002293,40.8056579999505],[-73.8804130003885,40.8093930002949],[-73.8879960004003,40.8166640000495]]]},"properties":{"GEOID":"36005011700","County":"Bronx","Pop_Cnt":1443,"Vulner_Pct":99.9791,"Traff_Veh":57.4722280444351,"Asthma":95.6695396258146,"PM25":66.2131519274376}},{"type":"Feature","geometry":{"type":"Polygon","coordinates":[[[-73.9179490003309,40.8422290002676],[-73.9174019999847,40.8450359997718],[-73.9119270000933,40.843267000082],[-73.9126979998472,40.8409299996773],[-73.9161840003421,40.8423350001899],[-73.9179490003309,40.8422290002676]]]},"properties":{"GEOID":"36005020900","County":"Bronx","Pop_Cnt":4287,"Vulner_Pct":89.9561,"Traff_Veh":97.1284845944246,"Asthma":95.5013664073996,"PM25":71.4904143475572}},{"type":"Feature","geometry":{"type":"Polygon","coordinates":[[[-73.8610119998575,40.8345970000939],[-73.8551250002374,40.8360490001786],[-73.8554469995544,40.8374629999116],[-73.8534880002952,40.8376760003001],[-73.854151000094,40.8406169999828],[-73.8530349996603,40.840735000191],[-73.8516839999484,40.8342009998652],[-73.8603440000358,40.8332940002357],[-73.8610119998575,40.8345970000939]]]},"properties":{"GEOID":"36005022200","County":"Bronx","Pop_Cnt":3293,"Vulner_Pct":84.8922,"Traff_Veh":86.0825822678684,"Asthma":85.5581248686147,"PM25":62.9973201401773}},{"type":"Feature","geometry":{"type":"Polygon","coordinates":[[[-73.8661190004011,40.8452229997745],[-73.8594400002125,40.8466589996945],[-73.857484000428,40.8437940002635],[-73.8533350001343,40.8424699998777],[-73.8635800002854,40.8412779998758],[-73.865166999999,40.8424659998405],[-73.8661190004011,40.8452229997745]]]},"properties":{"GEOID":"36005023800","County":"Bronx","Pop_Cnt":2241,"Vulner_Pct":89.0354,"Traff_Veh":53.0915950534479,"Asthma":86.9035106159344,"PM25":64.1929499072356}},{"type":"Feature","geometry":{"type":"Polygon","coordinates":[[[-73.8373370002575,40.8938139997903],[-73.8240170004135,40.8897500001197],[-73.8232440001115,40.8911990001543],[-73.7929420002015,40.8834110001414],[-73.7937020000847,40.88289699997],[-73.8052979999478,40.8859979997213],[-73.8079109996833,40.8858000000088],[-73.8131289996567,40.8867220001232],[-73.8198139996931,40.8855740000107],[-73.8207739995928,40.8867099998772],[-73.8237520000996,40.8878319998879],[-73.8244919998913,40.8873780000747],[-73.8294730000383,40.8890829997436],[-73.8355489998042,40.8891330003195],[-73.8373370002575,40.8938139997903]]]},"properties":{"GEOID":"36005045600","County":"Bronx","Pop_Cnt":3220,"Vulner_Pct":66.4365,"Traff_Veh":87.3192202892475,"Asthma":87.5551818372924,"PM25":58.2766439909297}},{"type":"Feature","geometry":{"type":"Polygon","coordinates":[[[-73.923903999723,40.8504880001673],[-73.9212149998195,40.8546929999532],[-73.9195949995957,40.8533389997824],[-73.9224199999416,40.8501230001933],[-73.923903999723,40.8504880001673]]]},"properties":{"GEOID":"36005005300","County":"Bronx","Pop_Cnt":4888,"Vulner_Pct":95.543,"Traff_Veh":99.2873611402222,"Asthma":94.9337817952491,"PM25":73.0364873222016}},{"type":"Feature","geometry":{"type":"Polygon","coordinates":[[[-73.9278069999694,40.7698890001492],[-73.9258999996904,40.7722619997628],[-73.9212419995837,40.7683780003346],[-73.9189979999191,40.7703089996908],[-73.9181159998372,40.7700290000646],[-73.919956000169,40.768440000062],[-73.918493000304,40.7677349999492],[-73.9197779998938,40.7661519996765],[-73.9278069999694,40.7698890001492]]]},"properties":{"GEOID":"36081007100","County":"Queens","Pop_Cnt":3344,"Vulner_Pct":55.3045,"Traff_Veh":76.7344372249004,"Asthma":78.1374816060542,"PM25":81.6326530612245}},{"type":"Feature","geometry":{"type":"Polygon","coordinates":[[[-73.9199650003898,40.7826350000785],[-73.917171000006,40.7841930000316],[-73.9168329998972,40.7851909999815],[-73.915344000093,40.7861160001432],[-73.9171070004319,40.7840570001941],[-73.910147000036,40.7791500000927],[-73.9123830002029,40.7773100000403],[-73.9199650003898,40.7826350000785]]]},"properties":{"GEOID":"36081010300","County":"Queens","Pop_Cnt":4136,"Vulner_Pct":56.3089,"Traff_Veh":25.5292391532174,"Asthma":51.1877233550557,"PM25":78.6435786435786}},{"type":"Feature","geometry":{"type":"Polygon","coordinates":[[[-73.9169500000731,40.7841469999777],[-73.915236000138,40.7860409999483],[-73.9086709997522,40.7814009997567],[-73.9108349999491,40.7796350002494],[-73.9169500000731,40.7841469999777]]]},"properties":{"GEOID":"36081010500","County":"Queens","Pop_Cnt":4522,"Vulner_Pct":65.9971,"Traff_Veh":12.7646195766087,"Asthma":51.1877233550557,"PM25":78.0251494537209}},{"type":"Feature","geometry":{"type":"Polygon","coordinates":[[[-73.8285109995904,40.6892390000938],[-73.8259880002666,40.6899459997947],[-73.821356999924,40.6804969998493],[-73.8222189999144,40.6802509998158],[-73.8230730004073,40.6819959996731],[-73.8239010000625,40.6817600001807],[-73.826702000119,40.6874729999797],[-73.8275299997743,40.6872390000534],[-73.8285109995904,40.6892390000938]]]},"properties":{"GEOID":"36081010600","County":"Queens","Pop_Cnt":3733,"Vulner_Pct":82.5068,"Traff_Veh":42.4648920561727,"Asthma":70.191297035947,"PM25":59.9257884972171}},{"type":"Feature","geometry":{"type":"Polygon","coordinates":[[[-73.8421750002893,40.6853539997814],[-73.8369360003995,40.6868429996688],[-73.8359510003854,40.6848439999271],[-73.8380779998741,40.6842390001883],[-73.8369749998592,40.6819880000158],[-73.8401879996444,40.6811360000143],[-73.8421750002893,40.6853539997814]]]},"properties":{"GEOID":"36081011200","County":"Queens","Pop_Cnt":2279,"Vulner_Pct":79.6192,"Traff_Veh":33.0748270802767,"Asthma":77.9693083876393,"PM25":62.2758194186766}},{"type":"Feature","geometry":{"type":"Polygon","coordinates":[[[-73.826329999675,40.6790840003319],[-73.8246989995805,40.6795450002114],[-73.8255549997232,40.6812939996874],[-73.8230730004073,40.6819959996731],[-73.8222189999144,40.6802509998158],[-73.821356999924,40.6804969998493],[-73.8192250004124,40.6761330002006],[-73.8254059997603,40.6771469998598],[-73.826329999675,40.6790840003319]]]},"properties":{"GEOID":"36081010200","County":"Queens","Pop_Cnt":2817,"Vulner_Pct":81.1467,"Traff_Veh":60.155103751834,"Asthma":70.191297035947,"PM25":59.5959595959596}},{"type":"Feature","geometry":{"type":"Polygon","coordinates":[[[-73.8434420003357,40.6951870003071],[-73.8396339996255,40.6955349997122],[-73.8383850000208,40.6930479999519],[-73.8394150002407,40.6927500000106],[-73.8386789997486,40.6909609997116],[-73.8410460003352,40.69028400015],[-73.8434420003357,40.6951870003071]]]},"properties":{"GEOID":"36081012602","County":"Queens","Pop_Cnt":2792,"Vulner_Pct":78.9077,"Traff_Veh":52.7981555229512,"Asthma":77.9693083876393,"PM25":62.9560915275201}},{"type":"Feature","geometry":{"type":"Polygon","coordinates":[[[-73.8375110003348,40.6912969998809],[-73.8312999999513,40.6930580000777],[-73.8305259998244,40.6914310003313],[-73.8331040002981,40.6908280002692],[-73.8318520003204,40.68829299967],[-73.8337260000891,40.6877600001675],[-73.8351510003192,40.6905980001972],[-73.8360440002718,40.6903529998989],[-73.8354609999406,40.6891760001611],[-73.8363460003956,40.688928000269],[-73.8375110003348,40.6912969998809]]]},"properties":{"GEOID":"36081011800","County":"Queens","Pop_Cnt":2522,"Vulner_Pct":79.0333,"Traff_Veh":58.3106267029973,"Asthma":77.9693083876393,"PM25":61.3481756338899}},{"type":"Feature","geometry":{"type":"Polygon","coordinates":[[[-73.8340659998477,40.698695000037],[-73.8308859996745,40.7000090000717],[-73.8279719996401,40.6939919998952],[-73.8312999999513,40.6930580000777],[-73.8340659998477,40.698695000037]]]},"properties":{"GEOID":"36081012200","County":"Queens","Pop_Cnt":3128,"Vulner_Pct":90.2909,"Traff_Veh":64.7243764409977,"Asthma":77.9693083876393,"PM25":61.2038754895898}},{"type":"Feature","geometry":{"type":"Polygon","coordinates":[[[-73.9059550000845,40.7761880002488],[-73.9008719998303,40.7792800001244],[-73.9001670001987,40.7787790002304],[-73.8977899995664,40.7807279999285],[-73.8942319999998,40.7781539997592],[-73.8965650002511,40.7762470002097],[-73.8928899996103,40.7738079998663],[-73.8952200003869,40.7719040002172],[-73.8966480000918,40.7729140002203],[-73.8988089999157,40.7711460001419],[-73.9059550000845,40.7761880002488]]]},"properties":{"GEOID":"36081012301","County":"Queens","Pop_Cnt":2782,"Vulner_Pct":38.2088,"Traff_Veh":15.4055753510794,"Asthma":51.1877233550557,"PM25":76.8913626056483}},{"type":"Feature","geometry":{"type":"Polygon","coordinates":[[[-73.8371670003782,40.696865999751],[-73.8340659998477,40.698695000037],[-73.8312999999513,40.6930580000777],[-73.8348059996394,40.6920709997718],[-73.8371670003782,40.696865999751]]]},"properties":{"GEOID":"36081012400","County":"Queens","Pop_Cnt":3374,"Vulner_Pct":87.5915,"Traff_Veh":54.8522322364284,"Asthma":77.9693083876393,"PM25":61.4512471655329}},{"type":"Feature","geometry":{"type":"Polygon","coordinates":[[[-73.8275280001244,40.6979180000449],[-73.8212499997939,40.6996989998952],[-73.8225050001447,40.7017570000885],[-73.8224590001139,40.7036560002363],[-73.8164770000594,40.7024500000612],[-73.8137189996606,40.6971529996663],[-73.8258319997326,40.6944480002314],[-73.8275280001244,40.6979180000449]]]},"properties":{"GEOID":"36081014202","County":"Queens","Pop_Cnt":2856,"Vulner_Pct":87.6543,"Traff_Veh":95.8289666736533,"Asthma":77.9693083876393,"PM25":59.2867450010307}},{"type":"Feature","geometry":{"type":"Polygon","coordinates":[[[-73.826594000164,40.691178999678],[-73.8151210003245,40.6944400000254],[-73.8145199995517,40.6932150002208],[-73.8259880002666,40.6899459997947],[-73.826594000164,40.691178999678]]]},"properties":{"GEOID":"36081015400","County":"Queens","Pop_Cnt":2170,"Vulner_Pct":78.9286,"Traff_Veh":69.4822888283379,"Asthma":77.9693083876393,"PM25":59.1836734693878}},{"type":"Feature","geometry":{"type":"Polygon","coordinates":[[[-73.9105050002363,40.7639790002708],[-73.9084919996521,40.7664519999679],[-73.904512000311,40.7645890003353],[-73.9065099999283,40.762108999996],[-73.9105050002363,40.7639790002708]]]},"properties":{"GEOID":"36081014500","County":"Queens","Pop_Cnt":2412,"Vulner_Pct":65.3693,"Traff_Veh":85.6843429050514,"Asthma":59.764557494219,"PM25":79.5506081220367}},{"type":"Feature","geometry":{"type":"Polygon","coordinates":[[[-73.8162100000957,40.6927320001086],[-73.8145199995517,40.6932150002208],[-73.8161740001107,40.6965829999361],[-73.8137189996606,40.6971529996663],[-73.810749000448,40.6919170000189],[-73.8152279995563,40.6907329999211],[-73.8162100000957,40.6927320001086]]]},"properties":{"GEOID":"36081015200","County":"Queens","Pop_Cnt":2822,"Vulner_Pct":82.0255,"Traff_Veh":97.3800041919933,"Asthma":77.9693083876393,"PM25":57.7612863327149}},{"type":"Feature","geometry":{"type":"Polygon","coordinates":[[[-73.8259880002666,40.6899459997947],[-73.8162100000957,40.6927320001086],[-73.8152279995563,40.6907329999211],[-73.8250109997501,40.6879520002559],[-73.8259880002666,40.6899459997947]]]},"properties":{"GEOID":"36081015600","County":"Queens","Pop_Cnt":2908,"Vulner_Pct":78.824,"Traff_Veh":45.0429679312513,"Asthma":77.9693083876393,"PM25":59.3485879200165}},{"type":"Feature","geometry":{"type":"Polygon","coordinates":[[[-73.925626999879,40.7521370003177],[-73.9216590002335,40.7570510002326],[-73.9208650000151,40.7566780002538],[-73.9189979999191,40.7589740001147],[-73.9182029998758,40.7585999997857],[-73.9213210001247,40.7547600001541],[-73.9205210000585,40.7543879998863],[-73.9216190000505,40.7530280001369],[-73.925626999879,40.7521370003177]]]},"properties":{"GEOID":"36081015700","County":"Queens","Pop_Cnt":1305,"Vulner_Pct":67.6083,"Traff_Veh":73.6323621882205,"Asthma":59.764557494219,"PM25":82.3953823953824}},{"type":"Feature","geometry":{"type":"Polygon","coordinates":[[[-73.8279719996401,40.6939919998952],[-73.8161740001107,40.6965829999361],[-73.8157089997803,40.6956380000878],[-73.8271809997948,40.6923779996855],[-73.8279719996401,40.6939919998952]]]},"properties":{"GEOID":"36081014800","County":"Queens","Pop_Cnt":1719,"Vulner_Pct":80.2678,"Traff_Veh":80.6329909872144,"Asthma":77.9693083876393,"PM25":59.5135023706452}},{"type":"Feature","geometry":{"type":"Polygon","coordinates":[[[-73.9135420002943,40.7534690002079],[-73.9117639998867,40.7555730001066],[-73.9126109998085,40.7559709999931],[-73.9106840003364,40.758319000241],[-73.9098850000951,40.7579459998919],[-73.9077939996931,40.7605180000076],[-73.9063149999346,40.7598440000132],[-73.9099539996921,40.7532179998872],[-73.9135420002943,40.7534690002079]]]},"properties":{"GEOID":"36081016300","County":"Queens","Pop_Cnt":3519,"Vulner_Pct":87.2149,"Traff_Veh":66.5688534898344,"Asthma":59.764557494219,"PM25":80.1690373118945}},{"type":"Feature","geometry":{"type":"Polygon","coordinates":[[[-73.8241730000491,40.6862339997696],[-73.8224540000911,40.6869029998577],[-73.8170760002841,40.6757959997475],[-73.8192250004124,40.6761330002006],[-73.8241730000491,40.6862339997696]]]},"properties":{"GEOID":"36081016600","County":"Queens","Pop_Cnt":3984,"Vulner_Pct":88.6587,"Traff_Veh":52.8819953888074,"Asthma":70.191297035947,"PM25":58.9156874871161}},{"type":"Feature","geometry":{"type":"Polygon","coordinates":[[[-73.8204210003137,40.6827550001809],[-73.8178110000529,40.6834949998474],[-73.8138690003467,40.6754780002544],[-73.8170760002841,40.6757959997475],[-73.8204210003137,40.6827550001809]]]},"properties":{"GEOID":"36081016800","County":"Queens","Pop_Cnt":3257,"Vulner_Pct":80.1004,"Traff_Veh":45.315447495284,"Asthma":70.191297035947,"PM25":58.4003298289013}},{"type":"Feature","geometry":{"type":"Polygon","coordinates":[[[-73.8177809999157,40.6835040000247],[-73.8080169999885,40.6870600001985],[-73.8067480002923,40.6846829998078],[-73.8169430002147,40.681758000089],[-73.8177809999157,40.6835040000247]]]},"properties":{"GEOID":"36081017000","County":"Queens","Pop_Cnt":2622,"Vulner_Pct":78.7612,"Traff_Veh":86.2712219660448,"Asthma":70.191297035947,"PM25":57.555143269429}},{"type":"Feature","geometry":{"type":"Polygon","coordinates":[[[-73.8160739996532,40.6800069996999],[-73.8058910003247,40.6828970003268],[-73.8050309999841,40.681145999884],[-73.8152159998608,40.6782579998375],[-73.8160739996532,40.6800069996999]]]},"properties":{"GEOID":"36081017400","County":"Queens","Pop_Cnt":2285,"Vulner_Pct":77.15,"Traff_Veh":78.138754977992,"Asthma":70.191297035947,"PM25":57.3696145124717}},{"type":"Feature","geometry":{"type":"Polygon","coordinates":[[[-73.8152159998608,40.6782579998375],[-73.8050309999841,40.681145999884],[-73.8042350001159,40.6794160001097],[-73.8143620002662,40.6765099998574],[-73.8152159998608,40.6782579998375]]]},"properties":{"GEOID":"36081017600","County":"Queens","Pop_Cnt":2135,"Vulner_Pct":82.2139,"Traff_Veh":84.5315447495284,"Asthma":70.191297035947,"PM25":56.9573283858998}},{"type":"Feature","geometry":{"type":"Polygon","coordinates":[[[-73.8099920000396,40.675760000318],[-73.803356000407,40.6776439999844],[-73.8017930000846,40.6743939997332],[-73.8097819999773,40.6751079998693],[-73.8099920000396,40.675760000318]]]},"properties":{"GEOID":"36081018000","County":"Queens","Pop_Cnt":1328,"Vulner_Pct":92.8228,"Traff_Veh":95.1163278138755,"Asthma":70.191297035947,"PM25":56.3388991960421}},{"type":"Feature","geometry":{"type":"Polygon","coordinates":[[[-73.8089020004435,40.6925640001077],[-73.8023670001949,40.6978739998295],[-73.7993410000076,40.6992909998895],[-73.7975369996607,40.6981990000389],[-73.8064250002521,40.6908740001883],[-73.8089020004435,40.6925640001077]]]},"properties":{"GEOID":"36081020400","County":"Queens","Pop_Cnt":2350,"Vulner_Pct":86.629,"Traff_Veh":83.7350660238944,"Asthma":80.2396468362413,"PM25":56.3595135023707}},{"type":"Feature","geometry":{"type":"Polygon","coordinates":[[[-73.8031410003218,40.6777030001726],[-73.7982150004265,40.6790970000855],[-73.7969230002657,40.6764900000882],[-73.7959349998786,40.6765969997374],[-73.7947259995585,40.6737609999798],[-73.8017930000846,40.6743939997332],[-73.8031410003218,40.6777030001726]]]},"properties":{"GEOID":"36081018200","County":"Queens","Pop_Cnt":2499,"Vulner_Pct":92.2996,"Traff_Veh":90.8824145881367,"Asthma":85.4109733025016,"PM25":55.4730983302412}},{"type":"Feature","geometry":{"type":"Polygon","coordinates":[[[-73.9149490000828,40.742908000117],[-73.9143030000024,40.7461379998295],[-73.9112469996778,40.7457840001837],[-73.9119870003678,40.7421889998954],[-73.9149490000828,40.742908000117]]]},"properties":{"GEOID":"36081025302","County":"Queens","Pop_Cnt":3046,"Vulner_Pct":62.7956,"Traff_Veh":71.6621253405995,"Asthma":60.584401933992,"PM25":80.746237889095}},{"type":"Feature","geometry":{"type":"Polygon","coordinates":[[[-73.7959349998786,40.6765969997374],[-73.7911279998089,40.6777730001088],[-73.789367999843,40.6744410002502],[-73.7868680000854,40.6728240001882],[-73.7947259995585,40.6737609999798],[-73.7959349998786,40.6765969997374]]]},"properties":{"GEOID":"36081018401","County":"Queens","Pop_Cnt":2114,"Vulner_Pct":81.4606,"Traff_Veh":53.0077551875917,"Asthma":85.4109733025016,"PM25":54.6279117707689}},{"type":"Feature","geometry":{"type":"Polygon","coordinates":[[[-73.7982150004265,40.6790970000855],[-73.793695000412,40.6801870001734],[-73.7946350002202,40.6821100003064],[-73.7928769999042,40.6826119996996],[-73.7911279998089,40.6777730001088],[-73.7969230002657,40.6764900000882],[-73.7982150004265,40.6790970000855]]]},"properties":{"GEOID":"36081018402","County":"Queens","Pop_Cnt":2431,"Vulner_Pct":81.3141,"Traff_Veh":38.9016977572836,"Asthma":85.4109733025016,"PM25":54.8958977530406}},{"type":"Feature","geometry":{"type":"Polygon","coordinates":[[[-73.8039899998935,40.6794570000107],[-73.7946350002202,40.6821100003064],[-73.793695000412,40.6801870001734],[-73.803356000407,40.6776439999844],[-73.8039899998935,40.6794570000107]]]},"properties":{"GEOID":"36081018600","County":"Queens","Pop_Cnt":1869,"Vulner_Pct":84.8713,"Traff_Veh":83.1481869629009,"Asthma":85.4109733025016,"PM25":55.5761698618842}},{"type":"Feature","geometry":{"type":"Polygon","coordinates":[[[-73.8850949998864,40.743973999702],[-73.8834029996926,40.7464180000602],[-73.8807470002994,40.7452330000142],[-73.8826329997637,40.7427870000471],[-73.8850949998864,40.743973999702]]]},"properties":{"GEOID":"36081026902","County":"Queens","Pop_Cnt":3603,"Vulner_Pct":70.7889,"Traff_Veh":59.5053447914483,"Asthma":56.7584612150515,"PM25":74.0053597196454}},{"type":"Feature","geometry":{"type":"Polygon","coordinates":[[[-73.805697000156,40.6829509998135],[-73.7989819999824,40.6848589999184],[-73.799950000278,40.686828000124],[-73.7982859996733,40.6875239999681],[-73.796368000422,40.6836120000146],[-73.8050309999841,40.681145999884],[-73.805697000156,40.6829509998135]]]},"properties":{"GEOID":"36081019200","County":"Queens","Pop_Cnt":1969,"Vulner_Pct":77.5267,"Traff_Veh":75.9798784321945,"Asthma":85.4109733025016,"PM25":55.8647701504844}},{"type":"Feature","geometry":{"type":"Polygon","coordinates":[[[-73.9311019997703,40.7380700003174],[-73.9302270002594,40.7424459999035],[-73.9246639996062,40.7418000003352],[-73.9253990002733,40.7381110001963],[-73.9276300004174,40.7384010003114],[-73.929946000052,40.7375359997033],[-73.9311019997703,40.7380700003174]]]},"properties":{"GEOID":"36081018900","County":"Queens","Pop_Cnt":3136,"Vulner_Pct":54.2164,"Traff_Veh":84.0913854537833,"Asthma":60.584401933992,"PM25":84.0857555143269}},{"type":"Feature","geometry":{"type":"Polygon","coordinates":[[[-73.8120840002665,40.6953029998568],[-73.8082429999443,40.6963929998505],[-73.8074930001069,40.6952090002842],[-73.804891000242,40.6958519997176],[-73.8089020004435,40.6925640001077],[-73.810749000448,40.6919170000189],[-73.8118969997704,40.6939619999339],[-73.8114120002468,40.6940959997925],[-73.8120840002665,40.6953029998568]]]},"properties":{"GEOID":"36081020600","County":"Queens","Pop_Cnt":1855,"Vulner_Pct":80.0586,"Traff_Veh":96.876964996856,"Asthma":80.2396468362413,"PM25":57.3283858998145}},{"type":"Feature","geometry":{"type":"Polygon","coordinates":[[[-73.8144989996353,40.6984970001264],[-73.8024090000278,40.7018519997004],[-73.7986870004296,40.6997149997243],[-73.804891000242,40.6958519997176],[-73.8074930001069,40.6952090002842],[-73.8082429999443,40.6963929998505],[-73.8120840002665,40.6953029998568],[-73.8114120002468,40.6940959997925],[-73.8118969997704,40.6939619999339],[-73.8144989996353,40.6984970001264]]]},"properties":{"GEOID":"36081020800","County":"Queens","Pop_Cnt":3136,"Vulner_Pct":87.4032,"Traff_Veh":90.5680150911759,"Asthma":80.2396468362413,"PM25":56.5862708719852}},{"type":"Feature","geometry":{"type":"Polygon","coordinates":[[[-73.8162929999364,40.7024529999481],[-73.8079269995768,40.7017659998425],[-73.8044419998051,40.7021319997041],[-73.8041289998107,40.7014600000334],[-73.8144989996353,40.6984970001264],[-73.8162929999364,40.7024529999481]]]},"properties":{"GEOID":"36081021200","County":"Queens","Pop_Cnt":2434,"Vulner_Pct":93.6807,"Traff_Veh":98.4699224481241,"Asthma":80.2396468362413,"PM25":57.4108431251288}},{"type":"Feature","geometry":{"type":"Polygon","coordinates":[[[-73.8192360002831,40.7084190003222],[-73.81641599996,40.7098650000838],[-73.81341800026,40.7097109999267],[-73.8130590002348,40.706978000185],[-73.8121550004116,40.7070460000026],[-73.8115290004227,40.7022729996836],[-73.8164770000594,40.7024500000612],[-73.8192360002831,40.7084190003222]]]},"properties":{"GEOID":"36081021400","County":"Queens","Pop_Cnt":6984,"Vulner_Pct":81.1676,"Traff_Veh":98.1764829176273,"Asthma":65.7347067479504,"PM25":57.9468150896722}},{"type":"Feature","geometry":{"type":"Polygon","coordinates":[[[-73.854002999956,40.7371020001025],[-73.8523579996178,40.7413749998125],[-73.8478409999764,40.7399270000799],[-73.8475580001191,40.7390639999892],[-73.8480639995591,40.7388160000374],[-73.854002999956,40.7371020001025]]]},"properties":{"GEOID":"36081043701","County":"Queens","Pop_Cnt":2686,"Vulner_Pct":79.9958,"Traff_Veh":99.6436805701111,"Asthma":62.9598486441034,"PM25":64.8938363224078}},{"type":"Feature","geometry":{"type":"Polygon","coordinates":[[[-73.8927440000205,40.7018509999561],[-73.8910529996515,40.7038159997459],[-73.8891189996084,40.7055989999483],[-73.888043000256,40.7029720001441],[-73.8927440000205,40.7018509999561]]]},"properties":{"GEOID":"36081057900","County":"Queens","Pop_Cnt":1643,"Vulner_Pct":70.6215,"Traff_Veh":51.6663173338923,"Asthma":55.6022703384486,"PM25":75.3865182436611}},{"type":"Feature","geometry":{"type":"Polygon","coordinates":[[[-73.8526420001983,40.7720799997408],[-73.8488589996024,40.7720119997018],[-73.8487980004014,40.7732089997523],[-73.844602000252,40.773056999991],[-73.8445350003048,40.7743889997486],[-73.8436249997355,40.774364000041],[-73.8433870000841,40.7786089997974],[-73.8397640002202,40.7786150001883],[-73.8396040003866,40.7816929999786],[-73.8252850002848,40.7816970002802],[-73.829852000155,40.7741629999813],[-73.836732000185,40.7692219999085],[-73.8394169998905,40.7654280003349],[-73.8417240002026,40.7657310002494],[-73.8485149996458,40.7638220002963],[-73.8537019996571,40.7694800002958],[-73.8526420001983,40.7720799997408]]]},"properties":{"GEOID":"36081090700","County":"Queens","Pop_Cnt":1434,"Vulner_Pct":74.639,"Traff_Veh":32.0687486900021,"Asthma":52.9114988438091,"PM25":61.6573902288188}},{"type":"Feature","geometry":{"type":"Polygon","coordinates":[[[-73.9481850001187,40.6902420001789],[-73.9425160000585,40.6908919999111],[-73.9420759998425,40.6886969998277],[-73.9477480002757,40.6880439999461],[-73.9481850001187,40.6902420001789]]]},"properties":{"GEOID":"36047026300","County":"Kings","Pop_Cnt":2015,"Vulner_Pct":86.5453,"Traff_Veh":43.8063299098721,"Asthma":91.8015556022703,"PM25":90.8678622964337}},{"type":"Feature","geometry":{"type":"Polygon","coordinates":[[[-73.9471649999445,40.6851129999399],[-73.9414940002345,40.6857639999599],[-73.9409140002764,40.6828329998188],[-73.9465799999635,40.6821809997418],[-73.9471649999445,40.6851129999399]]]},"properties":{"GEOID":"36047026700","County":"Kings","Pop_Cnt":4055,"Vulner_Pct":74.6809,"Traff_Veh":31.8172290924335,"Asthma":91.8015556022703,"PM25":90.599876314162}},{"type":"Feature","geometry":{"type":"Polygon","coordinates":[[[-73.9419319999024,40.6879629997369],[-73.9361719996057,40.6886269997836],[-73.9355899999978,40.6856950002276],[-73.9413479997464,40.6850310002586],[-73.9419319999024,40.6879629997369]]]},"properties":{"GEOID":"36047027700","County":"Kings","Pop_Cnt":4582,"Vulner_Pct":92.4461,"Traff_Veh":32.3621882204989,"Asthma":97.7506832036998,"PM25":89.5073180787466}},{"type":"Feature","geometry":{"type":"Polygon","coordinates":[[[-73.9431000002146,40.6938229998009],[-73.9373419995677,40.6944850003204],[-73.93675800031,40.6915560000612],[-73.9425160000585,40.6908919999111],[-73.9431000002146,40.6938229998009]]]},"properties":{"GEOID":"36047028100","County":"Kings","Pop_Cnt":4764,"Vulner_Pct":90.0398,"Traff_Veh":45.7975267239572,"Asthma":97.7506832036998,"PM25":89.0125747268604}},{"type":"Feature","geometry":{"type":"Polygon","coordinates":[[[-73.9439489997863,40.6982220001823],[-73.9385679996063,40.6988479999982],[-73.9377919998295,40.6966900000219],[-73.943526000187,40.6960309997934],[-73.9439489997863,40.6982220001823]]]},"properties":{"GEOID":"36047028502","County":"Kings","Pop_Cnt":3205,"Vulner_Pct":97.9494,"Traff_Veh":58.6669461328862,"Asthma":97.7506832036998,"PM25":88.6621315192744}},{"type":"Feature","geometry":{"type":"Polygon","coordinates":[[[-74.008193000087,40.5954180003272],[-74.0000219997211,40.6029070002707],[-73.9978240000873,40.6015780002405],[-74.0061900004469,40.5943609997601],[-74.008193000087,40.5954180003272]]]},"properties":{"GEOID":"36047028600","County":"Kings","Pop_Cnt":5110,"Vulner_Pct":73.9485,"Traff_Veh":93.3347306644309,"Asthma":23.5862938826992,"PM25":86.6213151927438}},{"type":"Feature","geometry":{"type":"Polygon","coordinates":[[[-73.938176999794,40.6986409996863],[-73.9314580003208,40.6948550000808],[-73.9313450003429,40.6944219998988],[-73.937195000153,40.6937519998269],[-73.938176999794,40.6986409996863]]]},"properties":{"GEOID":"36047028700","County":"Kings","Pop_Cnt":3093,"Vulner_Pct":92.4252,"Traff_Veh":65.0178159714944,"Asthma":97.7506832036998,"PM25":87.6520305091734}},{"type":"Feature","geometry":{"type":"Polygon","coordinates":[[[-73.93675800031,40.6915560000612],[-73.9309069997766,40.6922280001972],[-73.9303250001687,40.6892980002362],[-73.9361719996057,40.6886269997836],[-73.93675800031,40.6915560000612]]]},"properties":{"GEOID":"36047029100","County":"Kings","Pop_Cnt":2991,"Vulner_Pct":74.6181,"Traff_Veh":38.7759379584993,"Asthma":97.7506832036998,"PM25":87.3840445269017}},{"type":"Feature","geometry":{"type":"Polygon","coordinates":[[[-74.0061900004469,40.5943609997601],[-73.9978240000873,40.6015780002405],[-73.9955939997682,40.6002329998814],[-74.0045550001544,40.591747999821],[-74.0061900004469,40.5943609997601]]]},"properties":{"GEOID":"36047029200","County":"Kings","Pop_Cnt":3033,"Vulner_Pct":61.7075,"Traff_Veh":89.1008174386921,"Asthma":23.5862938826992,"PM25":86.456400742115}},{"type":"Feature","geometry":{"type":"Polygon","coordinates":[[[-73.9361719996057,40.6886269997836],[-73.9303250001687,40.6892980002362],[-73.9297500002334,40.6863660002302],[-73.9355899999978,40.6856950002276],[-73.9361719996057,40.6886269997836]]]},"properties":{"GEOID":"36047029300","County":"Kings","Pop_Cnt":3437,"Vulner_Pct":91.1279,"Traff_Veh":30.45483127227,"Asthma":97.7506832036998,"PM25":87.569573283859}},{"type":"Feature","geometry":{"type":"Polygon","coordinates":[[[-73.9303219997956,40.6775440000542],[-73.9290580001223,40.6792770002911],[-73.9216459998147,40.6788699999886],[-73.921815999694,40.6770190000036],[-73.9303219997956,40.6775440000542]]]},"properties":{"GEOID":"36047029900","County":"Kings","Pop_Cnt":2941,"Vulner_Pct":84.2226,"Traff_Veh":79.0609935024104,"Asthma":93.48328778642,"PM25":86.1678004535147}},{"type":"Feature","geometry":{"type":"Polygon","coordinates":[[[-73.9933629996241,40.5988889996668],[-73.9915990003585,40.6005810002951],[-73.9893949999786,40.5992550001553],[-73.9852659997764,40.5967440001789],[-73.9846780003206,40.5936589998816],[-73.9933629996241,40.5988889996668]]]},"properties":{"GEOID":"36047030000","County":"Kings","Pop_Cnt":4207,"Vulner_Pct":73.3836,"Traff_Veh":49.9266401173758,"Asthma":20.7273491696447,"PM25":84.9721706864564}},{"type":"Feature","geometry":{"type":"Polygon","coordinates":[[[-73.9169769998373,40.681834000123],[-73.9116640003276,40.6824460001422],[-73.9107989999641,40.6782779997576],[-73.9163009996197,40.6785769997891],[-73.9169769998373,40.681834000123]]]},"properties":{"GEOID":"36047037100","County":"Kings","Pop_Cnt":4711,"Vulner_Pct":81.5861,"Traff_Veh":50.2619995808007,"Asthma":96.8047088501156,"PM25":82.3747680890538}},{"type":"Feature","geometry":{"type":"Polygon","coordinates":[[[-73.9180460004153,40.6872130003136],[-73.9115119999916,40.6835050000444],[-73.9116640003276,40.6824460001422],[-73.9169769998373,40.681834000123],[-73.9180460004153,40.6872130003136]]]},"properties":{"GEOID":"36047037300","County":"Kings","Pop_Cnt":4486,"Vulner_Pct":90.5629,"Traff_Veh":41.0396143366171,"Asthma":96.8047088501156,"PM25":82.8901257472686}},{"type":"Feature","geometry":{"type":"Polygon","coordinates":[[[-73.9685070001914,40.5764219999883],[-73.968073999648,40.5783130001072],[-73.9598010000732,40.5800799999042],[-73.9596329998438,40.5779930002686],[-73.9685070001914,40.5764219999883]]]},"properties":{"GEOID":"36047036200","County":"Kings","Pop_Cnt":3855,"Vulner_Pct":73.1534,"Traff_Veh":49.0253615594215,"Asthma":37.7338658818583,"PM25":77.819006390435}},{"type":"Feature","geometry":{"type":"Polygon","coordinates":[[[-73.9242870000376,40.6907680002085],[-73.9180460004153,40.6872130003136],[-73.9178499996984,40.686232999791],[-73.9232519997948,40.6856119999121],[-73.9242870000376,40.6907680002085]]]},"properties":{"GEOID":"36047037500","County":"Kings","Pop_Cnt":3229,"Vulner_Pct":89.5585,"Traff_Veh":44.3512890379375,"Asthma":97.7506832036998,"PM25":84.5598845598846}},{"type":"Feature","geometry":{"type":"Polygon","coordinates":[[[-73.9232519997948,40.6856119999121],[-73.9178499996984,40.686232999791],[-73.9171219996022,40.6825680002757],[-73.9225449996151,40.6819359998352],[-73.9232519997948,40.6856119999121]]]},"properties":{"GEOID":"36047037700","County":"Kings","Pop_Cnt":4541,"Vulner_Pct":87.2358,"Traff_Veh":20.4778872353804,"Asthma":97.7506832036998,"PM25":84.6835703978561}},{"type":"Feature","geometry":{"type":"Polygon","coordinates":[[[-73.9225449996151,40.6819359998352],[-73.9171219996022,40.6825680002757],[-73.9163009996197,40.6785769997891],[-73.9218349999606,40.678945999909],[-73.9225449996151,40.6819359998352]]]},"properties":{"GEOID":"36047037900","County":"Kings","Pop_Cnt":4660,"Vulner_Pct":76.606,"Traff_Veh":42.9050513519178,"Asthma":97.7506832036998,"PM25":84.7660276231705}},{"type":"Feature","geometry":{"type":"Polygon","coordinates":[[[-73.968073999648,40.5783130001072],[-73.9676019996449,40.5803619998715],[-73.9599430003635,40.5819590002501],[-73.9598010000732,40.5800799999042],[-73.968073999648,40.5783130001072]]]},"properties":{"GEOID":"36047036400","County":"Kings","Pop_Cnt":2443,"Vulner_Pct":74.3252,"Traff_Veh":86.8371410605743,"Asthma":37.7338658818583,"PM25":78.1488352916924}},{"type":"Feature","geometry":{"type":"Polygon","coordinates":[[[-73.9140040002517,40.67324000013],[-73.9136960002801,40.676495000031],[-73.9080880003193,40.6761900001049],[-73.9083100000772,40.6746049996781],[-73.9110750001486,40.6747570002999],[-73.9112240001116,40.6731519997822],[-73.9140040002517,40.67324000013]]]},"properties":{"GEOID":"36047036501","County":"Kings","Pop_Cnt":3417,"Vulner_Pct":77.0663,"Traff_Veh":86.3969817648292,"Asthma":96.8047088501156,"PM25":81.9418676561534}},{"type":"Feature","geometry":{"type":"Polygon","coordinates":[[[-73.9112240001116,40.6731519997822],[-73.9110750001486,40.6747570002999],[-73.9083100000772,40.6746049996781],[-73.9080880003193,40.6761900001049],[-73.9025349997118,40.6758840000119],[-73.9092549999083,40.672947999892],[-73.9112240001116,40.6731519997822]]]},"properties":{"GEOID":"36047036502","County":"Kings","Pop_Cnt":1415,"Vulner_Pct":84.5574,"Traff_Veh":88.1995388807378,"Asthma":96.8047088501156,"PM25":80.7668521954236}},{"type":"Feature","geometry":{"type":"Polygon","coordinates":[[[-73.9676019996449,40.5803619998715],[-73.9666140001561,40.5845749996932],[-73.9602610003808,40.5850390000376],[-73.9599430003635,40.5819590002501],[-73.9676019996449,40.5803619998715]]]},"properties":{"GEOID":"36047036600","County":"Kings","Pop_Cnt":4268,"Vulner_Pct":69.0521,"Traff_Veh":96.499685600503,"Asthma":37.7338658818583,"PM25":78.7054215625644}},{"type":"Feature","geometry":{"type":"Polygon","coordinates":[[[-73.9109260001857,40.6763450002194],[-73.9115119999916,40.6835050000444],[-73.9054930001272,40.6800369998126],[-73.9078330000512,40.678116000028],[-73.9080880003193,40.6761900001049],[-73.9109260001857,40.6763450002194]]]},"properties":{"GEOID":"36047036900","County":"Kings","Pop_Cnt":5787,"Vulner_Pct":86.8801,"Traff_Veh":76.9230769230769,"Asthma":96.8047088501156,"PM25":80.6431663574521}},{"type":"Feature","geometry":{"type":"Polygon","coordinates":[[[-73.9846399997875,40.5935520002468],[-73.9807109996017,40.5939969997579],[-73.9787640000381,40.592824999699],[-73.978480000356,40.5896540002088],[-73.9838029999114,40.5890419996772],[-73.9846399997875,40.5935520002468]]]},"properties":{"GEOID":"36047038200","County":"Kings","Pop_Cnt":5740,"Vulner_Pct":92.8646,"Traff_Veh":32.9700272479564,"Asthma":63.6956064746689,"PM25":83.0550401978973}},{"type":"Feature","geometry":{"type":"Polygon","coordinates":[[[-73.9419310000775,40.7007249998028],[-73.9369819997176,40.7019099998271],[-73.9354700003472,40.6990710003317],[-73.9322669997095,40.6973150001191],[-73.9352219997517,40.6969859997331],[-73.9419310000775,40.7007249998028]]]},"properties":{"GEOID":"36047038900","County":"Kings","Pop_Cnt":2837,"Vulner_Pct":83.2392,"Traff_Veh":73.1712429260113,"Asthma":96.1109943241539,"PM25":87.8375592661307}},{"type":"Feature","geometry":{"type":"Polygon","coordinates":[[[-73.9807109996017,40.5939969997579],[-73.9753520000613,40.5945759996682],[-73.9754070003129,40.5941219999614],[-73.9717819999008,40.5937560000209],[-73.9711509998891,40.5904430001766],[-73.9755710003444,40.589948000071],[-73.9775139997101,40.5911360000351],[-73.9776950003584,40.5921790000851],[-73.9807109996017,40.5939969997579]]]},"properties":{"GEOID":"36047038600","County":"Kings","Pop_Cnt":3669,"Vulner_Pct":65.3902,"Traff_Veh":40.5156151750157,"Asthma":63.6956064746689,"PM25":82.1892393320965}},{"type":"Feature","geometry":{"type":"Polygon","coordinates":[[[-73.9309069997766,40.6922280001972],[-73.9275070003938,40.6926040002112],[-73.9243919996196,40.6908309999983],[-73.923979000066,40.6892749997367],[-73.9301800004037,40.6885649998972],[-73.9309069997766,40.6922280001972]]]},"properties":{"GEOID":"36047038700","County":"Kings","Pop_Cnt":3882,"Vulner_Pct":87.1521,"Traff_Veh":50.3248794801928,"Asthma":97.7506832036998,"PM25":86.0235003092146}},{"type":"Feature","geometry":{"type":"Polygon","coordinates":[[[-73.9369819997176,40.7019099998271],[-73.9339510004057,40.7026740003265],[-73.9327810004437,40.7000590002287],[-73.9293159998651,40.6976400003314],[-73.9322669997095,40.6973150001191],[-73.9354700003472,40.6990710003317],[-73.9369819997176,40.7019099998271]]]},"properties":{"GEOID":"36047039100","County":"Kings","Pop_Cnt":3239,"Vulner_Pct":84.5993,"Traff_Veh":74.0725214839656,"Asthma":96.1109943241539,"PM25":87.0954442383014}},{"type":"Feature","geometry":{"type":"Polygon","coordinates":[[[-73.9352219997517,40.6969859997331],[-73.9293159998651,40.6976400003314],[-73.9264989999151,40.6957120002857],[-73.927497000348,40.6946969998639],[-73.9264810003718,40.69414100032],[-73.9278110001674,40.6927739998724],[-73.9352219997517,40.6969859997331]]]},"properties":{"GEOID":"36047039300","County":"Kings","Pop_Cnt":3890,"Vulner_Pct":89.9142,"Traff_Veh":75.8960385663383,"Asthma":96.1109943241539,"PM25":86.4770150484436}},{"type":"Feature","geometry":{"type":"Polygon","coordinates":[[[-73.9080880003193,40.6761900001049],[-73.9078330000512,40.678116000028],[-73.9054930001272,40.6800369998126],[-73.8999899997484,40.6769000002894],[-73.9025349997118,40.6758840000119],[-73.9080880003193,40.6761900001049]]]},"properties":{"GEOID":"36047036700","County":"Kings","Pop_Cnt":1281,"Vulner_Pct":90.4373,"Traff_Veh":86.6485013623978,"Asthma":96.8047088501156,"PM25":79.6742939600082}},{"type":"Feature","geometry":{"type":"Polygon","coordinates":[[[-73.9999239998119,40.6740040003117],[-73.9965269999037,40.6810599998658],[-73.9893880003059,40.6782849997623],[-73.9908019997671,40.6757830000314],[-73.9952749999259,40.6757780000352],[-73.9986190001306,40.6718299999976],[-73.9999239998119,40.6740040003117]]]},"properties":{"GEOID":"36047007700","County":"Kings","Pop_Cnt":5159,"Vulner_Pct":36.493,"Traff_Veh":92.3496122406204,"Asthma":74.2905192348119,"PM25":97.8561121418264}},{"type":"Feature","geometry":{"type":"Polygon","coordinates":[[[-73.921815999694,40.6770190000036],[-73.9216459998147,40.6788699999886],[-73.9107989999641,40.6782779997576],[-73.9109260001857,40.6763450002194],[-73.921815999694,40.6770190000036]]]},"properties":{"GEOID":"36047030100","County":"Kings","Pop_Cnt":2963,"Vulner_Pct":91.5463,"Traff_Veh":79.6478725634039,"Asthma":96.8047088501156,"PM25":82.9519686662544}},{"type":"Feature","geometry":{"type":"Polygon","coordinates":[[[-74.009467999631,40.5842349996616],[-74.0009499998338,40.5925139998814],[-73.9953080004362,40.5944279998501],[-73.9967470000117,40.5956429999726],[-73.9952249996972,40.5970930002896],[-73.9879880001901,40.5925529999401],[-73.9896209999344,40.5909819998535],[-73.9903640000992,40.5914320002743],[-73.9933090000957,40.5895839999211],[-73.9937579996343,40.5903319999631],[-74.0080929996296,40.5839919999244],[-74.009467999631,40.5842349996616]]]},"properties":{"GEOID":"36047030400","County":"Kings","Pop_Cnt":4189,"Vulner_Pct":77.6313,"Traff_Veh":94.8857681827709,"Asthma":20.7273491696447,"PM25":84.4774273345702}},{"type":"Feature","geometry":{"type":"Polygon","coordinates":[[[-73.9896209999344,40.5909819998535],[-73.9860189999868,40.5944459996795],[-73.9846780003206,40.5936589998816],[-73.9837230004438,40.5886190002799],[-73.9845050000682,40.587889999815],[-73.9896209999344,40.5909819998535]]]},"properties":{"GEOID":"36047030600","County":"Kings","Pop_Cnt":1736,"Vulner_Pct":72.8395,"Traff_Veh":54.0767134772584,"Asthma":63.6956064746689,"PM25":83.2817975675118}},{"type":"Feature","geometry":{"type":"Polygon","coordinates":[[[-73.9306149996986,40.6741470001828],[-73.9303219997956,40.6774849997253],[-73.921815999694,40.6770190000036],[-73.9221320000615,40.6736840001132],[-73.9306149996986,40.6741470001828]]]},"properties":{"GEOID":"36047030700","County":"Kings","Pop_Cnt":5954,"Vulner_Pct":92.3833,"Traff_Veh":71.0333263466779,"Asthma":93.48328778642,"PM25":86.3327149041435}},{"type":"Feature","geometry":{"type":"Polygon","coordinates":[[[-73.9874169995545,40.5851309997529],[-73.9838029999114,40.5890419996772],[-73.978480000356,40.5896540002088],[-73.9787640000381,40.592824999699],[-73.9776950003584,40.5921790000851],[-73.9775139997101,40.5911360000351],[-73.9755710003444,40.589948000071],[-73.9742170002594,40.5901109997207],[-73.9746380002089,40.5831139997348],[-73.9805919997761,40.5831730002712],[-73.9849279996675,40.5845959998592],[-73.9870840003669,40.5846190002933],[-73.9874169995545,40.5851309997529]]]},"properties":{"GEOID":"36047030800","County":"Kings","Pop_Cnt":1980,"Vulner_Pct":63.0676,"Traff_Veh":98.6795221127646,"Asthma":63.6956064746689,"PM25":82.0655534941249}},{"type":"Feature","geometry":{"type":"Polygon","coordinates":[[[-73.9416940002511,40.6747480003041],[-73.9413689996627,40.6780929997569],[-73.9358579997864,40.6778169999727],[-73.9360779998944,40.6753349998316],[-73.938841000316,40.6754930003096],[-73.9388949998444,40.6745990001216],[-73.9416940002511,40.6747480003041]]]},"properties":{"GEOID":"36047031100","County":"Kings","Pop_Cnt":2924,"Vulner_Pct":84.0762,"Traff_Veh":69.4194089289457,"Asthma":93.48328778642,"PM25":90.0020614306329}},{"type":"Feature","geometry":{"type":"Polygon","coordinates":[[[-74.0080929996296,40.5839919999244],[-73.9937579996343,40.5903319999631],[-73.9933090000957,40.5895839999211],[-73.9903640000992,40.5914320002743],[-73.9845050000682,40.587889999815],[-73.9874169995545,40.5851309997529],[-73.9866080001658,40.5837190002445],[-73.988358000086,40.5834749998427],[-73.9895449997664,40.5819329997333],[-73.9900059998989,40.5806760001636],[-73.9882369997121,40.5797040001456],[-74.0080929996296,40.5839919999244]]]},"properties":{"GEOID":"36047031400","County":"Kings","Pop_Cnt":4978,"Vulner_Pct":53.4421,"Traff_Veh":97.6105638230979,"Asthma":63.6956064746689,"PM25":83.7146980004123}},{"type":"Feature","geometry":{"type":"Polygon","coordinates":[[[-73.9530049997088,40.6788149998308],[-73.9469110003996,40.6783919999369],[-73.9472300002418,40.6750530000142],[-73.9527679998824,40.6753549999473],[-73.9530049997088,40.6788149998308]]]},"properties":{"GEOID":"36047031500","County":"Kings","Pop_Cnt":4970,"Vulner_Pct":72.2118,"Traff_Veh":81.5133095787047,"Asthma":93.48328778642,"PM25":92.7025355596784}},{"type":"Feature","geometry":{"type":"Polygon","coordinates":[[[-73.9630749999578,40.6621699997604],[-73.9624289998774,40.6631249997519],[-73.9606150003831,40.6633030001851],[-73.9603369996505,40.6641080002237],[-73.9572920000948,40.664302999859],[-73.957210000079,40.6635170000693],[-73.9538490001559,40.6637279996809],[-73.953700000193,40.6621739997561],[-73.9607700001938,40.6617340001586],[-73.9606620002388,40.6609469997205],[-73.9628139998418,40.6605039997942],[-73.9630749999578,40.6621699997604]]]},"properties":{"GEOID":"36047032700","County":"Kings","Pop_Cnt":2544,"Vulner_Pct":76.4386,"Traff_Veh":79.7526723957242,"Asthma":87.3239436619718,"PM25":92.5582354153783}},{"type":"Feature","geometry":{"type":"Polygon","coordinates":[[[-74.0032229998107,40.576886999828],[-73.992637999901,40.5781179996841],[-73.9921950002102,40.5758079999735],[-74.0027960000134,40.5746370000823],[-74.0032229998107,40.576886999828]]]},"properties":{"GEOID":"36047032800","County":"Kings","Pop_Cnt":2688,"Vulner_Pct":92.5507,"Traff_Veh":46.5520855166632,"Asthma":88.1437881017448,"PM25":82.1686250257679}},{"type":"Feature","geometry":{"type":"Polygon","coordinates":[[[-74.0041679996418,40.5831930000365],[-73.9906789997434,40.5800599998905],[-73.9905039998413,40.5783580002815],[-74.0032229998107,40.576886999828],[-74.0041679996418,40.5831930000365]]]},"properties":{"GEOID":"36047033000","County":"Kings","Pop_Cnt":5006,"Vulner_Pct":92.6554,"Traff_Veh":38.4196185286104,"Asthma":88.1437881017448,"PM25":82.972582972583}},{"type":"Feature","geometry":{"type":"Polygon","coordinates":[[[-73.9476419999705,40.6706639998026],[-73.9474799995887,40.6723799999287],[-73.9364059999574,40.6717739999682],[-73.9365690001641,40.6700410002406],[-73.9476419999705,40.6706639998026]]]},"properties":{"GEOID":"36047033900","County":"Kings","Pop_Cnt":4538,"Vulner_Pct":87.0475,"Traff_Veh":66.3173338922658,"Asthma":93.48328778642,"PM25":91.4244485673057}},{"type":"Feature","geometry":{"type":"Polygon","coordinates":[[[-73.9364059999574,40.6717739999682],[-73.9360779998944,40.6753349998316],[-73.9332979997543,40.675190000176],[-73.9333830001431,40.6743020002779],[-73.9306149996986,40.6741470001828],[-73.9308680003169,40.6714739998857],[-73.9364059999574,40.6717739999682]]]},"properties":{"GEOID":"36047034500","County":"Kings","Pop_Cnt":3108,"Vulner_Pct":78.6357,"Traff_Veh":61.1611821421086,"Asthma":93.48328778642,"PM25":88.6415172129458}},{"type":"Feature","geometry":{"type":"Polygon","coordinates":[[[-73.9474799995887,40.6723799999287],[-73.9472300002418,40.6750530000142],[-73.9416940002511,40.6747480003041],[-73.9419450003212,40.6720780001466],[-73.9474799995887,40.6723799999287]]]},"properties":{"GEOID":"36047034100","County":"Kings","Pop_Cnt":3056,"Vulner_Pct":78.7194,"Traff_Veh":54.0347935443303,"Asthma":93.48328778642,"PM25":91.6924345495774}},{"type":"Feature","geometry":{"type":"Polygon","coordinates":[[[-74.0027960000134,40.5746370000823],[-73.9921950002102,40.5758079999735],[-73.9917430002986,40.5734300001263],[-74.0003099996012,40.572932999716],[-74.0025480003163,40.5733270000562],[-74.0027960000134,40.5746370000823]]]},"properties":{"GEOID":"36047034200","County":"Kings","Pop_Cnt":6064,"Vulner_Pct":97.0914,"Traff_Veh":40.997694403689,"Asthma":88.1437881017448,"PM25":81.7563388991961}},{"type":"Feature","geometry":{"type":"Polygon","coordinates":[[[-73.9419450003212,40.6720780001466],[-73.9416940002511,40.6747480003041],[-73.9388949998444,40.6745990001216],[-73.938841000316,40.6754930003096],[-73.9360779998944,40.6753349998316],[-73.9364059999574,40.6717739999682],[-73.9419450003212,40.6720780001466]]]},"properties":{"GEOID":"36047034300","County":"Kings","Pop_Cnt":5163,"Vulner_Pct":90.3746,"Traff_Veh":47.6839237057221,"Asthma":93.48328778642,"PM25":90.4761904761905}},{"type":"Feature","geometry":{"type":"Polygon","coordinates":[[[-73.9122729996998,40.6839350002833],[-73.9094390000313,40.686845000289],[-73.9071829997729,40.6855609998229],[-73.9057380003495,40.6870400001887],[-73.9044939998694,40.6862989997143],[-73.9054329998527,40.683660000181],[-73.906376000034,40.6828020002531],[-73.9071259998715,40.6832300002115],[-73.9085169997664,40.6818040001379],[-73.9122729996998,40.6839350002833]]]},"properties":{"GEOID":"36047040300","County":"Kings","Pop_Cnt":3529,"Vulner_Pct":87.9682,"Traff_Veh":64.8082163068539,"Asthma":96.1109943241539,"PM25":80.4370232941662}},{"type":"Feature","geometry":{"type":"Polygon","coordinates":[[[-73.9085169997664,40.6818040001379],[-73.9071259998715,40.6832300002115],[-73.906376000034,40.6828020002531],[-73.9054329998527,40.683660000181],[-73.902821999767,40.6823530001808],[-73.9026219997505,40.6806640002353],[-73.9040460001557,40.6792200003013],[-73.9085169997664,40.6818040001379]]]},"properties":{"GEOID":"36047040500","County":"Kings","Pop_Cnt":1513,"Vulner_Pct":69.6798,"Traff_Veh":80.4443512890379,"Asthma":96.1109943241539,"PM25":79.7567511853226}},{"type":"Feature","geometry":{"type":"Polygon","coordinates":[[[-73.9101889998688,40.6872710002432],[-73.9072919995528,40.6902190000052],[-73.9041420004152,40.6885679997282],[-73.9071829997729,40.6855609998229],[-73.9101889998688,40.6872710002432]]]},"properties":{"GEOID":"36047041100","County":"Kings","Pop_Cnt":3034,"Vulner_Pct":89.4748,"Traff_Veh":32.5298679522113,"Asthma":96.1109943241539,"PM25":80.2308802308802}},{"type":"Feature","geometry":{"type":"Polygon","coordinates":[[[-73.9236440003303,40.6903990001459],[-73.9222299999708,40.691822999756],[-73.9146419999361,40.6875069999763],[-73.9160460002499,40.6860720003023],[-73.9236440003303,40.6903990001459]]]},"properties":{"GEOID":"36047039700","County":"Kings","Pop_Cnt":3553,"Vulner_Pct":86.0222,"Traff_Veh":62.3349402640956,"Asthma":96.1109943241539,"PM25":83.9620696763554}},{"type":"Feature","geometry":{"type":"Polygon","coordinates":[[[-73.9278110001674,40.6927739998724],[-73.9264810003718,40.69414100032],[-73.927497000348,40.6946969998639],[-73.9264989999151,40.6957120002857],[-73.9211539997201,40.6927959999652],[-73.9236440003303,40.6903990001459],[-73.9278110001674,40.6927739998724]]]},"properties":{"GEOID":"36047039500","County":"Kings","Pop_Cnt":3858,"Vulner_Pct":91.358,"Traff_Veh":69.9643680570111,"Asthma":96.1109943241539,"PM25":85.2607709750567}},{"type":"Feature","geometry":{"type":"Polygon","coordinates":[[[-73.913945999627,40.6894090001664],[-73.9110530004073,40.6923579999095],[-73.9072919995528,40.6902190000052],[-73.9101889998688,40.6872710002432],[-73.913945999627,40.6894090001664]]]},"properties":{"GEOID":"36047041300","County":"Kings","Pop_Cnt":3986,"Vulner_Pct":83.8251,"Traff_Veh":26.1999580800671,"Asthma":96.1109943241539,"PM25":80.8905380333952}},{"type":"Feature","geometry":{"type":"Polygon","coordinates":[[[-73.9222299999708,40.691822999756],[-73.9211539997201,40.6927959999652],[-73.9131940001398,40.6889799997626],[-73.9146419999361,40.6875069999763],[-73.9222299999708,40.691822999756]]]},"properties":{"GEOID":"36047039900","County":"Kings","Pop_Cnt":3873,"Vulner_Pct":90.8768,"Traff_Veh":59.2328652274156,"Asthma":96.1109943241539,"PM25":83.4673263244692}},{"type":"Feature","geometry":{"type":"Polygon","coordinates":[[[-73.9854909999073,40.5979300002528],[-73.980784000295,40.5984469997676],[-73.9799549999165,40.5940740001728],[-73.9846399997875,40.5935520002468],[-73.9854909999073,40.5979300002528]]]},"properties":{"GEOID":"36047040200","County":"Kings","Pop_Cnt":2988,"Vulner_Pct":71.7933,"Traff_Veh":53.2383148186963,"Asthma":20.7273491696447,"PM25":83.8383838383838}},{"type":"Feature","geometry":{"type":"Polygon","coordinates":[[[-73.9242490004028,40.6944290002513],[-73.9208240000072,40.6979180000449],[-73.9178179999113,40.6962079997302],[-73.9211539997201,40.6927959999652],[-73.9242490004028,40.6944290002513]]]},"properties":{"GEOID":"36047041900","County":"Kings","Pop_Cnt":3623,"Vulner_Pct":94.0155,"Traff_Veh":44.7285684342905,"Asthma":96.1109943241539,"PM25":83.982683982684}},{"type":"Feature","geometry":{"type":"Polygon","coordinates":[[[-73.9177910001471,40.6914600001697],[-73.9148079996175,40.69449699994],[-73.9110530004073,40.6923579999095],[-73.913945999627,40.6894090001664],[-73.9177910001471,40.6914600001697]]]},"properties":{"GEOID":"36047041500","County":"Kings","Pop_Cnt":4353,"Vulner_Pct":86.5244,"Traff_Veh":27.5413959337665,"Asthma":96.1109943241539,"PM25":82.2716965574108}},{"type":"Feature","geometry":{"type":"Polygon","coordinates":[[[-73.9272499995775,40.6961420000858],[-73.9238329995779,40.6996280000538],[-73.9208240000072,40.6979180000449],[-73.9242490004028,40.6944290002513],[-73.9272499995775,40.6961420000858]]]},"properties":{"GEOID":"36047042100","County":"Kings","Pop_Cnt":4259,"Vulner_Pct":90.0816,"Traff_Veh":55.4391112974219,"Asthma":96.1109943241539,"PM25":84.6011131725417}},{"type":"Feature","geometry":{"type":"Polygon","coordinates":[[[-73.9305209999873,40.6987720002973],[-73.9275879996863,40.701762000179],[-73.9238329995779,40.6996280000538],[-73.9272499995775,40.6961420000858],[-73.9305209999873,40.6987720002973]]]},"properties":{"GEOID":"36047042300","County":"Kings","Pop_Cnt":3978,"Vulner_Pct":79.6401,"Traff_Veh":53.7832739467617,"Asthma":96.1109943241539,"PM25":85.6524427952999}},{"type":"Feature","geometry":{"type":"Polygon","coordinates":[[[-73.9339510004057,40.7026740003265],[-73.9311550003721,40.7037729997367],[-73.9275879996863,40.701762000179],[-73.9305209999873,40.6987720002973],[-73.9327810004437,40.7000590002287],[-73.9339510004057,40.7026740003265]]]},"properties":{"GEOID":"36047042500","County":"Kings","Pop_Cnt":3338,"Vulner_Pct":75.7899,"Traff_Veh":46.5730454831272,"Asthma":96.1109943241539,"PM25":86.105957534529}},{"type":"Feature","geometry":{"type":"Polygon","coordinates":[[[-73.9311550003721,40.7037729997367],[-73.9260889998363,40.7056799998281],[-73.9238340003011,40.7043980001171],[-73.9268379998488,40.7013340000639],[-73.9311550003721,40.7037729997367]]]},"properties":{"GEOID":"36047042700","County":"Kings","Pop_Cnt":4896,"Vulner_Pct":86.1477,"Traff_Veh":44.6028086355062,"Asthma":92.179945343704,"PM25":85.3432282003711}},{"type":"Feature","geometry":{"type":"Polygon","coordinates":[[[-73.9268379998488,40.7013340000639],[-73.9238340003011,40.7043980001171],[-73.9200749999947,40.7022589999453],[-73.9230819999155,40.6991999998479],[-73.9268379998488,40.7013340000639]]]},"properties":{"GEOID":"36047042900","County":"Kings","Pop_Cnt":5441,"Vulner_Pct":87.5078,"Traff_Veh":33.0957870467407,"Asthma":92.179945343704,"PM25":84.5804988662131}},{"type":"Feature","geometry":{"type":"Polygon","coordinates":[[[-73.9230819999155,40.6991999998479],[-73.9200749999947,40.7022589999453],[-73.9163159996883,40.700122000087],[-73.9193209999593,40.6970610002932],[-73.9230819999155,40.6991999998479]]]},"properties":{"GEOID":"36047043100","County":"Kings","Pop_Cnt":4694,"Vulner_Pct":88.3239,"Traff_Veh":39.0903374554601,"Asthma":92.179945343704,"PM25":83.3436404864976}},{"type":"Feature","geometry":{"type":"Polygon","coordinates":[[[-73.8766809998463,40.6880879998419],[-73.8740539998671,40.689299000169],[-73.8721869997711,40.6836489999898],[-73.8741049999207,40.6831039998248],[-73.8745660000532,40.6849549997828],[-73.8758309995514,40.6846389997075],[-73.8766809998463,40.6880879998419]]]},"properties":{"GEOID":"36047117602","County":"Kings","Pop_Cnt":2841,"Vulner_Pct":92.4043,"Traff_Veh":61.2659819744288,"Asthma":83.7292411183519,"PM25":71.9851576994434}},{"type":"Feature","geometry":{"type":"Polygon","coordinates":[[[-73.9211539997201,40.6927959999652],[-73.9178179999113,40.6962079997302],[-73.9148079996175,40.69449699994],[-73.9177910001471,40.6914600001697],[-73.9211539997201,40.6927959999652]]]},"properties":{"GEOID":"36047041700","County":"Kings","Pop_Cnt":3132,"Vulner_Pct":99.3304,"Traff_Veh":38.6292181932509,"Asthma":96.1109943241539,"PM25":83.323026180169}},{"type":"Feature","geometry":{"type":"Polygon","coordinates":[[[-73.9162670001828,40.6646539999463],[-73.9125160002723,40.6652089998906],[-73.9113350004397,40.6605970002503],[-73.9141309995749,40.6601809998039],[-73.9145259995852,40.6617220000918],[-73.9154770001624,40.6615739997713],[-73.9162670001828,40.6646539999463]]]},"properties":{"GEOID":"36047089800","County":"Kings","Pop_Cnt":1820,"Vulner_Pct":87.4451,"Traff_Veh":36.4913016139174,"Asthma":98.3603111204541,"PM25":81.859410430839}},{"type":"Feature","geometry":{"type":"Polygon","coordinates":[[[-73.9632790001723,40.5772120000568],[-73.9596329998438,40.5779930002686],[-73.9594139995607,40.5751579999898],[-73.962880999789,40.5749830000962],[-73.9632790001723,40.5772120000568]]]},"properties":{"GEOID":"36047036002","County":"Kings","Pop_Cnt":4074,"Vulner_Pct":70.182,"Traff_Veh":22.8044435128904,"Asthma":37.7338658818583,"PM25":77.1181199752628}},{"type":"Feature","geometry":{"type":"Polygon","coordinates":[[[-73.9535999997356,40.6384219999869],[-73.9453730001915,40.6387870000292],[-73.9451229999462,40.6364480003177],[-73.9511009998029,40.6360729999475],[-73.9535999997356,40.6384219999869]]]},"properties":{"GEOID":"36047078800","County":"Kings","Pop_Cnt":3528,"Vulner_Pct":79.5145,"Traff_Veh":66.4430936910501,"Asthma":74.8370821946605,"PM25":85.9616573902288}},{"type":"Feature","geometry":{"type":"Polygon","coordinates":[[[-74.0202120004477,40.6419810001255],[-74.0179260000521,40.6442329998248],[-74.0138139995683,40.6417450001123],[-74.0161669999111,40.639483000333],[-74.0202120004477,40.6419810001255]]]},"properties":{"GEOID":"36047007400","County":"Kings","Pop_Cnt":5259,"Vulner_Pct":84.8085,"Traff_Veh":97.5057639907776,"Asthma":79.7141055286946,"PM25":95.856524427953}},{"type":"Feature","geometry":{"type":"Polygon","coordinates":[[[-73.9193209999593,40.6970610002932],[-73.9163159996883,40.700122000087],[-73.912555999557,40.6979819996873],[-73.9155619996529,40.6949220001674],[-73.9193209999593,40.6970610002932]]]},"properties":{"GEOID":"36047043300","County":"Kings","Pop_Cnt":3628,"Vulner_Pct":97.1124,"Traff_Veh":44.4141689373297,"Asthma":92.179945343704,"PM25":82.4572253143682}},{"type":"Feature","geometry":{"type":"Polygon","coordinates":[[[-73.9155619996529,40.6949220001674],[-73.912555999557,40.6979819996873],[-73.9087989997987,40.6958450001957],[-73.9118049998946,40.6927849999197],[-73.9155619996529,40.6949220001674]]]},"properties":{"GEOID":"36047043500","County":"Kings","Pop_Cnt":5115,"Vulner_Pct":84.0134,"Traff_Veh":22.3852441836093,"Asthma":92.179945343704,"PM25":81.6944959802103}},{"type":"Feature","geometry":{"type":"Polygon","coordinates":[[[-73.9140610001531,40.6988380000604],[-73.91142199958,40.7014870000931],[-73.9106790003135,40.7010460000171],[-73.9118080002677,40.6999379998796],[-73.904260000416,40.695700000204],[-73.9058000002738,40.6941280000951],[-73.9140610001531,40.6988380000604]]]},"properties":{"GEOID":"36047043900","County":"Kings","Pop_Cnt":3515,"Vulner_Pct":97.1961,"Traff_Veh":48.5432823307483,"Asthma":92.179945343704,"PM25":80.8080808080808}},{"type":"Feature","geometry":{"type":"Polygon","coordinates":[[[-73.9170680000739,40.7005480002896],[-73.913292000049,40.7043129998488],[-73.9118070004428,40.7034349997112],[-73.9129039997115,40.70236200014],[-73.91142199958,40.7014870000931],[-73.9140610001531,40.6988380000604],[-73.9170680000739,40.7005480002896]]]},"properties":{"GEOID":"36047044100","County":"Kings","Pop_Cnt":5124,"Vulner_Pct":91.1488,"Traff_Veh":49.5703206874869,"Asthma":92.179945343704,"PM25":81.4265099979386}},{"type":"Feature","geometry":{"type":"Polygon","coordinates":[[[-73.9200749999947,40.7022589999453],[-73.9162529999391,40.7060659997263],[-73.913292000049,40.7043129998488],[-73.9170680000739,40.7005480002896],[-73.9200749999947,40.7022589999453]]]},"properties":{"GEOID":"36047044300","County":"Kings","Pop_Cnt":4587,"Vulner_Pct":83.846,"Traff_Veh":39.4047369524209,"Asthma":92.179945343704,"PM25":82.4778396206968}},{"type":"Feature","geometry":{"type":"Polygon","coordinates":[[[-73.9230829997404,40.7039749998397],[-73.9192220002251,40.7078149997871],[-73.9162529999391,40.7060659997263],[-73.9200749999947,40.7022589999453],[-73.9230829997404,40.7039749998397]]]},"properties":{"GEOID":"36047044500","County":"Kings","Pop_Cnt":4729,"Vulner_Pct":88.1356,"Traff_Veh":42.2762523579962,"Asthma":92.179945343704,"PM25":83.5497835497836}},{"type":"Feature","geometry":{"type":"Polygon","coordinates":[[[-73.9339189997203,40.7074869998484],[-73.9241869995802,40.7090649998532],[-73.921891999862,40.7093959997651],[-73.9260889998363,40.7056799998281],[-73.9326979997047,40.7031710000979],[-73.9339189997203,40.7074869998484]]]},"properties":{"GEOID":"36047045300","County":"Kings","Pop_Cnt":2578,"Vulner_Pct":87.6334,"Traff_Veh":55.1875916998533,"Asthma":92.179945343704,"PM25":85.3638425066997}},{"type":"Feature","geometry":{"type":"Polygon","coordinates":[[[-73.9576369998763,40.64268899993],[-73.951652000347,40.643065999833],[-73.9511579997043,40.6384280000709],[-73.9535999997356,40.6384219999869],[-73.9576369998763,40.64268899993]]]},"properties":{"GEOID":"36047079000","County":"Kings","Pop_Cnt":5096,"Vulner_Pct":79.5982,"Traff_Veh":77.2584363865018,"Asthma":85.0746268656716,"PM25":87.6108018965162}},{"type":"Feature","geometry":{"type":"Polygon","coordinates":[[[-73.9587070002792,40.650387000276],[-73.9524690001316,40.6506699999513],[-73.952049999832,40.6467710000937],[-73.9581070002296,40.6465179997576],[-73.9587070002792,40.650387000276]]]},"properties":{"GEOID":"36047079400","County":"Kings","Pop_Cnt":1716,"Vulner_Pct":76.878,"Traff_Veh":75.8121987004821,"Asthma":85.0746268656716,"PM25":89.7340754483612}},{"type":"Feature","geometry":{"type":"Polygon","coordinates":[[[-73.9581070002296,40.6465179997576],[-73.952049999832,40.6467710000937],[-73.951652000347,40.643065999833],[-73.9576369998763,40.64268899993],[-73.9581070002296,40.6465179997576]]]},"properties":{"GEOID":"36047079200","County":"Kings","Pop_Cnt":3488,"Vulner_Pct":78.5729,"Traff_Veh":74.3450010479983,"Asthma":85.0746268656716,"PM25":88.4972170686456}},{"type":"Feature","geometry":{"type":"Polygon","coordinates":[[[-73.9489140000397,40.6939050002428],[-73.9432430003298,40.694557999902],[-73.9425160000585,40.6908919999111],[-73.9481850001187,40.6902420001789],[-73.9489140000397,40.6939050002428]]]},"properties":{"GEOID":"36047026100","County":"Kings","Pop_Cnt":4497,"Vulner_Pct":82.5696,"Traff_Veh":52.5466359253825,"Asthma":91.8015556022703,"PM25":90.3731189445475}},{"type":"Feature","geometry":{"type":"Polygon","coordinates":[[[-74.0155330004246,40.6464180001819],[-74.0131719996858,40.6486519999011],[-74.0091529999868,40.6462270003374],[-74.0114839996899,40.6439859996761],[-74.0155330004246,40.6464180001819]]]},"properties":{"GEOID":"36047007800","County":"Kings","Pop_Cnt":5246,"Vulner_Pct":78.7403,"Traff_Veh":93.355690630895,"Asthma":79.7141055286946,"PM25":96.2481962481963}},{"type":"Feature","geometry":{"type":"Polygon","coordinates":[[[-73.9443880001774,40.7004249999353],[-73.9419310000775,40.7007249998028],[-73.9385679996063,40.6988479999982],[-73.9439489997863,40.6982220001823],[-73.9443880001774,40.7004249999353]]]},"properties":{"GEOID":"36047028501","County":"Kings","Pop_Cnt":454,"Vulner_Pct":72.0444,"Traff_Veh":66.2963739258017,"Asthma":96.1109943241539,"PM25":89.1156462585034}},{"type":"Feature","geometry":{"type":"Polygon","coordinates":[[[-74.0006619999537,40.6474869999151],[-73.998275999999,40.6497339999976],[-73.9939850003133,40.6471010001281],[-73.9962659997878,40.6448270001707],[-74.0006619999537,40.6474869999151]]]},"properties":{"GEOID":"36047009000","County":"Kings","Pop_Cnt":3000,"Vulner_Pct":78.8868,"Traff_Veh":50.0943198490882,"Asthma":50.8513769182258,"PM25":94.846423417852}},{"type":"Feature","geometry":{"type":"Polygon","coordinates":[[[-73.9683220002435,40.7127999997111],[-73.9675780002538,40.7164959999455],[-73.9597969998753,40.7138869999966],[-73.9614210002971,40.711349000307],[-73.9674159998721,40.7133000002575],[-73.9677310004147,40.7125949997091],[-73.9683220002435,40.7127999997111]]]},"properties":{"GEOID":"36047055100","County":"Kings","Pop_Cnt":5361,"Vulner_Pct":61.8749,"Traff_Veh":87.5916998532802,"Asthma":75.1524069791886,"PM25":93.3828076685219}},{"type":"Feature","geometry":{"type":"Polygon","coordinates":[[[-73.9659060001515,40.693433000305],[-73.9601580004486,40.6941170002695],[-73.9594279998043,40.6904480001076],[-73.9602930001679,40.6903459997993],[-73.9600060001127,40.6888809997487],[-73.9648099998093,40.6883259999821],[-73.9659060001515,40.693433000305]]]},"properties":{"GEOID":"36047019300","County":"Kings","Pop_Cnt":5882,"Vulner_Pct":71.9607,"Traff_Veh":67.7635715782855,"Asthma":76.0983813327728,"PM25":93.9393939393939}},{"type":"Feature","geometry":{"type":"Polygon","coordinates":[[[-73.9319069998593,40.6565369999011],[-73.9279950002904,40.6568020000064],[-73.9275140000665,40.6523180002442],[-73.9313920001985,40.6516899999367],[-73.9319069998593,40.6565369999011]]]},"properties":{"GEOID":"36047086800","County":"Kings","Pop_Cnt":3413,"Vulner_Pct":79.4936,"Traff_Veh":71.7459652064557,"Asthma":90.4351482026487,"PM25":85.5905998763142}},{"type":"Feature","geometry":{"type":"Polygon","coordinates":[[[-73.9869470000995,40.6987129996901],[-73.9867980001366,40.7006170003058],[-73.9848270002835,40.7005770002459],[-73.9847610001613,40.701438999828],[-73.980455000407,40.7008520000025],[-73.9805149997832,40.6974370002757],[-73.9831180003712,40.6975420000529],[-73.9830510004241,40.6983779999382],[-73.9869470000995,40.6987129996901]]]},"properties":{"GEOID":"36047002300","County":"Kings","Pop_Cnt":4219,"Vulner_Pct":99.5187,"Traff_Veh":99.3292810731503,"Asthma":90.6874080302712,"PM25":97.1139971139971}},{"type":"Feature","geometry":{"type":"Polygon","coordinates":[[[-73.9223839999566,40.671008999918],[-73.9221320000615,40.6736840001132],[-73.9092549999083,40.672947999892],[-73.9148729999148,40.6705329998028],[-73.9223839999566,40.671008999918]]]},"properties":{"GEOID":"36047036300","County":"Kings","Pop_Cnt":5044,"Vulner_Pct":91.923,"Traff_Veh":77.7824355481031,"Asthma":96.8047088501156,"PM25":83.6116264687693}},{"type":"Feature","geometry":{"type":"Polygon","coordinates":[[[-73.9152260000922,40.6530390001816],[-73.9137439999607,40.6541690002933],[-73.9097260000865,40.6543130002197],[-73.9085579997743,40.652096000036],[-73.9118230003363,40.6499840002057],[-73.9152260000922,40.6530390001816]]]},"properties":{"GEOID":"36047092800","County":"Kings","Pop_Cnt":3022,"Vulner_Pct":76.1247,"Traff_Veh":73.4018025571159,"Asthma":90.4351482026487,"PM25":79.3650793650794}},{"type":"Feature","geometry":{"type":"Polygon","coordinates":[[[-73.9771649997307,40.6307469997238],[-73.9724189997604,40.6329920000596],[-73.9718060001903,40.6298740000106],[-73.9765780000998,40.6275739996974],[-73.9771649997307,40.6307469997238]]]},"properties":{"GEOID":"36047048000","County":"Kings","Pop_Cnt":3675,"Vulner_Pct":75.1831,"Traff_Veh":67.6797317124293,"Asthma":74.8370821946605,"PM25":88.9095031952175}},{"type":"Feature","geometry":{"type":"Polygon","coordinates":[[[-73.9420659997967,40.7147289997096],[-73.935612999564,40.7151909997019],[-73.9348019996272,40.7133730003282],[-73.9406880003206,40.7119619998483],[-73.9420659997967,40.7147289997096]]]},"properties":{"GEOID":"36047048100","County":"Kings","Pop_Cnt":2967,"Vulner_Pct":61.1425,"Traff_Veh":70.1530077551876,"Asthma":83.9394576413706,"PM25":87.0748299319728}},{"type":"Feature","geometry":{"type":"Polygon","coordinates":[[[-73.952049999832,40.6467710000937],[-73.9462600002963,40.6470060001718],[-73.9458689995858,40.6434240001293],[-73.951652000347,40.643065999833],[-73.952049999832,40.6467710000937]]]},"properties":{"GEOID":"36047082600","County":"Kings","Pop_Cnt":4911,"Vulner_Pct":77.9452,"Traff_Veh":60.4904632152589,"Asthma":85.0746268656716,"PM25":87.466501752216}},{"type":"Feature","geometry":{"type":"Polygon","coordinates":[[[-73.9563880002716,40.6558750000204],[-73.9530480002648,40.6560809998431],[-73.9524690001316,40.6506699999513],[-73.9558250000319,40.6505299996719],[-73.9563880002716,40.6558750000204]]]},"properties":{"GEOID":"36047082200","County":"Kings","Pop_Cnt":7170,"Vulner_Pct":79.7656,"Traff_Veh":79.291553133515,"Asthma":87.3239436619718,"PM25":90.6204906204906}},{"type":"Feature","geometry":{"type":"Polygon","coordinates":[[[-74.1687250001227,40.6212089997162],[-74.1681409999666,40.6220779998431],[-74.1651010004339,40.6211810002805],[-74.1649850000829,40.621619000142],[-74.1554250003702,40.6200689998578],[-74.1542910003932,40.619300000305],[-74.1496140000199,40.6227929997208],[-74.1487679999229,40.6251039999934],[-74.1461450001417,40.6249300001121],[-74.1476900000224,40.6220720003352],[-74.1519830002562,40.6175300001123],[-74.1536889997954,40.6123220002638],[-74.1605010000534,40.6174160002468],[-74.1687250001227,40.6212089997162]]]},"properties":{"GEOID":"36085030301","County":"Richmond","Pop_Cnt":4972,"Vulner_Pct":64.2812,"Traff_Veh":97.2123244602809,"Asthma":84.1496741643893,"PM25":99.7526283240569}},{"type":"Feature","geometry":{"type":"Polygon","coordinates":[[[-74.2082670000783,40.5791930002993],[-74.206297999875,40.5885419997228],[-74.2036879996142,40.5926910003322],[-74.1995199999522,40.5975390000503],[-74.1994079997992,40.6002010002228],[-74.203813000186,40.6059610002614],[-74.2031279997476,40.6141090002979],[-74.2018640000742,40.6185570000057],[-74.203737000018,40.6242269999222],[-74.2022470003889,40.6309029998973],[-74.1971359996473,40.6356990002526],[-74.1816790002688,40.6277899999823],[-74.1744009998555,40.622396999832],[-74.1687250001227,40.6212089997162],[-74.1802449998178,40.6064019997691],[-74.1840779997441,40.6026609998948],[-74.1782389998046,40.5998110002537],[-74.1795410000111,40.5967460000909],[-74.1862219998496,40.5898179999526],[-74.1856269998228,40.5883190002227],[-74.1899560000416,40.5856749998729],[-74.1943789999717,40.5850080000605],[-74.1994710004467,40.5822959997368],[-74.2004780002021,40.5799269997149],[-74.2035629999408,40.5804339999775],[-74.2082670000783,40.5791930002993]]]},"properties":{"GEOID":"36085029102","County":"Richmond","Pop_Cnt":3006,"Vulner_Pct":51.7263,"Traff_Veh":78.9352337036261,"Asthma":50.5360521336977,"PM25":99.8144712430427}},{"type":"Feature","geometry":{"type":"Polygon","coordinates":[[[-74.166559000276,40.6273670003313],[-74.1662749996955,40.6336500002744],[-74.1603110000826,40.6337879996647],[-74.1605019998783,40.6265300001759],[-74.166559000276,40.6273670003313]]]},"properties":{"GEOID":"36085031901","County":"Richmond","Pop_Cnt":2816,"Vulner_Pct":92.7391,"Traff_Veh":49.1930412911339,"Asthma":84.1496741643893,"PM25":99.9381570810142}},{"type":"Feature","geometry":{"type":"Polygon","coordinates":[[[-73.9561430000492,40.6945790002334],[-73.9524890002231,40.6950039999377],[-73.951464000026,40.6898639999297],[-73.9551220000501,40.6894439997869],[-73.9561430000492,40.6945790002334]]]},"properties":{"GEOID":"36047024100","County":"Kings","Pop_Cnt":2765,"Vulner_Pct":80.77,"Traff_Veh":76.9021169566129,"Asthma":91.8015556022703,"PM25":92.7849927849928}},{"type":"Feature","geometry":{"type":"Polygon","coordinates":[[[-73.9477480002757,40.6880439999461],[-73.9420759998425,40.6886969998277],[-73.9414940002345,40.6857639999599],[-73.9471649999445,40.6851129999399],[-73.9477480002757,40.6880439999461]]]},"properties":{"GEOID":"36047026500","County":"Kings","Pop_Cnt":4118,"Vulner_Pct":79.4099,"Traff_Veh":36.5541815133096,"Asthma":91.8015556022703,"PM25":90.8266336837765}},{"type":"Feature","geometry":{"type":"Polygon","coordinates":[[[-73.9355899999978,40.6856950002276],[-73.9297500002334,40.6863660002302],[-73.9291610000544,40.6834370000377],[-73.9350080003898,40.682763999777],[-73.9355899999978,40.6856950002276]]]},"properties":{"GEOID":"36047029500","County":"Kings","Pop_Cnt":4160,"Vulner_Pct":75.2459,"Traff_Veh":24.208761265982,"Asthma":97.7506832036998,"PM25":87.9406307977737}},{"type":"Feature","geometry":{"type":"Polygon","coordinates":[[[-73.9612609995652,40.6715740000632],[-73.9600739998847,40.6748780000496],[-73.9567029999158,40.674170999931],[-73.9579740001602,40.6706569996791],[-73.9612609995652,40.6715740000632]]]},"properties":{"GEOID":"36047021700","County":"Kings","Pop_Cnt":3733,"Vulner_Pct":76.8571,"Traff_Veh":78.4950744078809,"Asthma":93.48328778642,"PM25":93.9600082457225}},{"type":"Feature","geometry":{"type":"Polygon","coordinates":[[[-74.0178769996483,40.6442010001081],[-74.0155330004246,40.6464180001819],[-74.0114839996899,40.6439859996761],[-74.0138139995683,40.6417450001123],[-74.0178769996483,40.6442010001081]]]},"properties":{"GEOID":"36047007600","County":"Kings","Pop_Cnt":5151,"Vulner_Pct":86.5872,"Traff_Veh":94.9486480821631,"Asthma":79.7141055286946,"PM25":96.2069676355391}},{"type":"Feature","geometry":{"type":"Polygon","coordinates":[[[-73.88489300022,40.6808109996862],[-73.8811680002488,40.6813540001032],[-73.8805049995517,40.6767659999161],[-73.8832260001406,40.6763699999843],[-73.88489300022,40.6808109996862]]]},"properties":{"GEOID":"36047116800","County":"Kings","Pop_Cnt":2028,"Vulner_Pct":90.521,"Traff_Veh":76.4409976944037,"Asthma":94.618457010721,"PM25":73.9229024943311}},{"type":"Feature","geometry":{"type":"Polygon","coordinates":[[[-74.0210330004303,40.6383169997918],[-74.0184220003446,40.6408460002721],[-74.0139609998813,40.6381529997541],[-74.0167519998921,40.6354399998612],[-74.0210330004303,40.6383169997918]]]},"properties":{"GEOID":"36047012200","County":"Kings","Pop_Cnt":5482,"Vulner_Pct":89.1609,"Traff_Veh":98.8472018444771,"Asthma":79.7141055286946,"PM25":95.9183673469388}},{"type":"Feature","geometry":{"type":"Polygon","coordinates":[[[-73.9080420002886,40.6906470000126],[-73.9050429998654,40.6937040001181],[-73.9012409999013,40.6914380003169],[-73.9041420004152,40.6885679997282],[-73.9080420002886,40.6906470000126]]]},"properties":{"GEOID":"36047040900","County":"Kings","Pop_Cnt":3836,"Vulner_Pct":91.3162,"Traff_Veh":21.5887654579753,"Asthma":92.179945343704,"PM25":79.3444650587508}},{"type":"Feature","geometry":{"type":"Polygon","coordinates":[[[-74.0140939999507,40.5985310000196],[-74.010016999627,40.602469999691],[-74.0107509995709,40.6029159997267],[-74.0083689998141,40.6052169997898],[-74.0061720000052,40.6038870001447],[-74.0074590001431,40.6026449999665],[-74.0067810002757,40.6022910001473],[-74.011783000339,40.5973120000698],[-74.0140939999507,40.5985310000196]]]},"properties":{"GEOID":"36047017600","County":"Kings","Pop_Cnt":2413,"Vulner_Pct":63.9674,"Traff_Veh":85.7053028715154,"Asthma":23.5862938826992,"PM25":88.2086167800454}},{"type":"Feature","geometry":{"type":"Polygon","coordinates":[[[-73.9472300002418,40.6750530000142],[-73.9469110003996,40.6783919999369],[-73.9413689996627,40.6780929997569],[-73.9416940002511,40.6747480003041],[-73.9472300002418,40.6750530000142]]]},"properties":{"GEOID":"36047031300","County":"Kings","Pop_Cnt":5055,"Vulner_Pct":78.6985,"Traff_Veh":69.901488157619,"Asthma":93.48328778642,"PM25":91.3213770356627}},{"type":"Feature","geometry":{"type":"Polygon","coordinates":[[[-73.9437880001278,40.7109010001787],[-73.9404230000067,40.7112179999186],[-73.9399579996763,40.7083899996945],[-73.9388639998823,40.7084949999113],[-73.9385280003216,40.7077820002753],[-73.9390370001346,40.7062649999695],[-73.9395979998262,40.7062099999481],[-73.9393130003191,40.7048150001903],[-73.9427339996184,40.7044729998232],[-73.9437880001278,40.7109010001787]]]},"properties":{"GEOID":"36047049300","County":"Kings","Pop_Cnt":7292,"Vulner_Pct":95.7941,"Traff_Veh":69.146929364913,"Asthma":96.1109943241539,"PM25":88.3323026180169}},{"type":"Feature","geometry":{"type":"Polygon","coordinates":[[[-73.9533529998634,40.7141839997872],[-73.9511440003589,40.7160349996891],[-73.9467909998506,40.7188210003291],[-73.9460700003255,40.7143719997172],[-73.9533529998634,40.7141839997872]]]},"properties":{"GEOID":"36047050100","County":"Kings","Pop_Cnt":3177,"Vulner_Pct":53.1492,"Traff_Veh":97.9040033535946,"Asthma":83.9394576413706,"PM25":90.0639043496186}},{"type":"Feature","geometry":{"type":"Polygon","coordinates":[[[-73.956549999755,40.7105089999772],[-73.9543400004256,40.7140720000401],[-73.9493719997991,40.7140670001929],[-73.9486549995736,40.7097250001414],[-73.9508299996412,40.7091430000176],[-73.9547350004358,40.7105939998278],[-73.9554979997937,40.7099489997718],[-73.956549999755,40.7105089999772]]]},"properties":{"GEOID":"36047051300","County":"Kings","Pop_Cnt":5397,"Vulner_Pct":59.2383,"Traff_Veh":95.8708866065814,"Asthma":75.1524069791886,"PM25":90.5792620078334}},{"type":"Feature","geometry":{"type":"Polygon","coordinates":[[[-73.9969579998989,40.6643930002322],[-73.9948449997556,40.6668049997428],[-73.9883349996214,40.6628049998153],[-73.9906350002608,40.6605789998424],[-73.9969579998989,40.6643930002322]]]},"properties":{"GEOID":"36047014300","County":"Kings","Pop_Cnt":3672,"Vulner_Pct":53.5468,"Traff_Veh":99.7065604695032,"Asthma":53.9205381542989,"PM25":96.8872397443826}},{"type":"Feature","geometry":{"type":"Polygon","coordinates":[[[-73.943526000187,40.6960309997934],[-73.9377919998295,40.6966900000219],[-73.9373419995677,40.6944850003204],[-73.9431000002146,40.6938229998009],[-73.943526000187,40.6960309997934]]]},"properties":{"GEOID":"36047028300","County":"Kings","Pop_Cnt":3863,"Vulner_Pct":98.3888,"Traff_Veh":52.5885558583106,"Asthma":97.7506832036998,"PM25":88.9507318078747}},{"type":"Feature","geometry":{"type":"Polygon","coordinates":[[[-73.9286510004165,40.6797489996726],[-73.9290089997185,40.6827029999175],[-73.9228140001269,40.6834150002611],[-73.9216459998147,40.6788699999886],[-73.9290580001223,40.6792770002911],[-73.9286510004165,40.6797489996726]]]},"properties":{"GEOID":"36047038100","County":"Kings","Pop_Cnt":5397,"Vulner_Pct":82.1511,"Traff_Veh":42.2343324250681,"Asthma":93.48328778642,"PM25":85.9410430839002}},{"type":"Feature","geometry":{"type":"Polygon","coordinates":[[[-73.9467969996984,40.6979030002689],[-73.9439489997863,40.6982220001823],[-73.943526000187,40.6960309997934],[-73.9463659997032,40.6957040002315],[-73.9467969996984,40.6979030002689]]]},"properties":{"GEOID":"36047025902","County":"Kings","Pop_Cnt":3533,"Vulner_Pct":94.3084,"Traff_Veh":50.4715992454412,"Asthma":91.8015556022703,"PM25":90.2906617192331}},{"type":"Feature","geometry":{"type":"Polygon","coordinates":[[[-73.8943120003657,40.6815659998682],[-73.8919749999164,40.6827429998094],[-73.8925230000875,40.6834239997681],[-73.8908779997494,40.6845430000691],[-73.8902009997068,40.6838639999915],[-73.8896070004033,40.6842139999683],[-73.888191000394,40.6825559998705],[-73.8931850000614,40.6801609997263],[-73.8943120003657,40.6815659998682]]]},"properties":{"GEOID":"36047114202","County":"Kings","Pop_Cnt":3011,"Vulner_Pct":82.3185,"Traff_Veh":75.2462796059526,"Asthma":83.7292411183519,"PM25":75.8400329828901}},{"type":"Feature","geometry":{"type":"Polygon","coordinates":[[[-74.0131719996858,40.6486519999011],[-74.0109149996025,40.6509379996669],[-74.0068239999334,40.6484649997706],[-74.0091529999868,40.6462270003374],[-74.0131719996858,40.6486519999011]]]},"properties":{"GEOID":"36047008000","County":"Kings","Pop_Cnt":3615,"Vulner_Pct":80.226,"Traff_Veh":93.9216097254244,"Asthma":79.7141055286946,"PM25":96.3718820861678}},{"type":"Feature","geometry":{"type":"Polygon","coordinates":[[[-74.0025480003163,40.5733270000562],[-73.9970440001127,40.5727509999879],[-73.9917430002986,40.5734300001263],[-73.9913869997481,40.5716559997825],[-74.0000879998434,40.5718089997814],[-74.0023659998431,40.5723180001143],[-74.0025480003163,40.5733270000562]]]},"properties":{"GEOID":"36047034000","County":"Kings","Pop_Cnt":2050,"Vulner_Pct":93.4924,"Traff_Veh":36.2817019492769,"Asthma":88.1437881017448,"PM25":81.5295815295815}},{"type":"Feature","geometry":{"type":"Polygon","coordinates":[[[-73.9281929997588,40.6601769996887],[-73.9272549996004,40.6593379998731],[-73.926463999755,40.6598140001636],[-73.9246429996898,40.6581830003212],[-73.9254069997709,40.6576799998979],[-73.9246539995604,40.6570069999571],[-73.9260899996612,40.6569210001509],[-73.9256100001605,40.6524459998074],[-73.9275140000665,40.6523180002442],[-73.9281929997588,40.6601769996887]]]},"properties":{"GEOID":"36047086600","County":"Kings","Pop_Cnt":3145,"Vulner_Pct":79.2634,"Traff_Veh":67.595891846573,"Asthma":90.4351482026487,"PM25":84.8278705421563}},{"type":"Feature","geometry":{"type":"Polygon","coordinates":[[[-73.8877860003381,40.6576829997559],[-73.8829120003212,40.6597810000469],[-73.8808130004216,40.6569449999653],[-73.8856809996923,40.6548499997465],[-73.8877860003381,40.6576829997559]]]},"properties":{"GEOID":"36047110600","County":"Kings","Pop_Cnt":4191,"Vulner_Pct":93.9318,"Traff_Veh":60.3018235170824,"Asthma":94.618457010721,"PM25":73.5312306740878}},{"type":"Feature","geometry":{"type":"Polygon","coordinates":[[[-73.879075000197,40.6868819998318],[-73.8766809998463,40.6880879998419],[-73.8758309995514,40.6846389997075],[-73.8745660000532,40.6849549997828],[-73.8741049999207,40.6831039998248],[-73.8778669997019,40.6820390001142],[-73.879075000197,40.6868819998318]]]},"properties":{"GEOID":"36047117601","County":"Kings","Pop_Cnt":3203,"Vulner_Pct":89.14,"Traff_Veh":65.8771745965206,"Asthma":83.7292411183519,"PM25":72.4180581323438}},{"type":"Feature","geometry":{"type":"Polygon","coordinates":[[[-73.9414799999908,40.5983039999971],[-73.935804000258,40.5989239997237],[-73.9349489999403,40.5944289998407],[-73.9406110003277,40.5938080000376],[-73.9414799999908,40.5983039999971]]]},"properties":{"GEOID":"36047057200","County":"Kings","Pop_Cnt":5522,"Vulner_Pct":91.0023,"Traff_Veh":49.2559211905261,"Asthma":51.6712213579987,"PM25":75.7163471449186}},{"type":"Feature","geometry":{"type":"Polygon","coordinates":[[[-73.9471039998451,40.7105880001062],[-73.9437880001278,40.7109010001787],[-73.9428499999694,40.7051820000169],[-73.9462650003192,40.7056039997503],[-73.9471039998451,40.7105880001062]]]},"properties":{"GEOID":"36047050500","County":"Kings","Pop_Cnt":4009,"Vulner_Pct":86.4616,"Traff_Veh":53.4059945504087,"Asthma":83.9394576413706,"PM25":89.3630179344465}},{"type":"Feature","geometry":{"type":"Polygon","coordinates":[[[-73.9512880002989,40.7009220001431],[-73.9470519999666,40.7036640000166],[-73.9419310000775,40.7007249998028],[-73.9500909996744,40.6997909997115],[-73.9512880002989,40.7009220001431]]]},"properties":{"GEOID":"36047050700","County":"Kings","Pop_Cnt":3063,"Vulner_Pct":85.9803,"Traff_Veh":50.3458394466569,"Asthma":91.8015556022703,"PM25":89.5485466914038}},{"type":"Feature","geometry":{"type":"Polygon","coordinates":[[[-73.9508749998471,40.7095130000769],[-73.9469730003239,40.7098940000691],[-73.9462650003192,40.7056039997503],[-73.9502370001626,40.7054730003177],[-73.9508749998471,40.7095130000769]]]},"properties":{"GEOID":"36047051100","County":"Kings","Pop_Cnt":4333,"Vulner_Pct":80.6863,"Traff_Veh":51.7920771326766,"Asthma":83.9394576413706,"PM25":90.3112760255617}},{"type":"Feature","geometry":{"type":"Polygon","coordinates":[[[-73.9160460002499,40.6860720003023],[-73.9131940001398,40.6889799997626],[-73.9094390000313,40.686845000289],[-73.9122729996998,40.6839350002833],[-73.9160460002499,40.6860720003023]]]},"properties":{"GEOID":"36047040100","County":"Kings","Pop_Cnt":3162,"Vulner_Pct":87.9891,"Traff_Veh":59.8616642213372,"Asthma":96.1109943241539,"PM25":81.7975675118532}},{"type":"Feature","geometry":{"type":"Polygon","coordinates":[[[-73.8835969998614,40.6679050002855],[-73.8784890003911,40.6686550002875],[-73.8769529998329,40.6662589999135],[-73.881856000162,40.6641500003087],[-73.8833089999813,40.6661119997198],[-73.8835969998614,40.6679050002855]]]},"properties":{"GEOID":"36047112000","County":"Kings","Pop_Cnt":3105,"Vulner_Pct":89.9979,"Traff_Veh":44.5608887025781,"Asthma":94.618457010721,"PM25":73.1601731601732}},{"type":"Feature","geometry":{"type":"Polygon","coordinates":[[[-73.9360779998944,40.6753349998316],[-73.9358579997864,40.6778169999727],[-73.9303219997956,40.6774849997253],[-73.9306149996986,40.6741470001828],[-73.9333830001431,40.6743020002779],[-73.9332979997543,40.675190000176],[-73.9360779998944,40.6753349998316]]]},"properties":{"GEOID":"36047030900","County":"Kings","Pop_Cnt":2405,"Vulner_Pct":85.3107,"Traff_Veh":71.9346049046322,"Asthma":93.48328778642,"PM25":88.3941455370027}},{"type":"Feature","geometry":{"type":"Polygon","coordinates":[[[-73.9524690001316,40.6506699999513],[-73.9466739996748,40.6509479999762],[-73.9462600002963,40.6470060001718],[-73.952049999832,40.6467710000937],[-73.9524690001316,40.6506699999513]]]},"properties":{"GEOID":"36047082400","County":"Kings","Pop_Cnt":4910,"Vulner_Pct":76.9199,"Traff_Veh":63.8440578495074,"Asthma":85.0746268656716,"PM25":88.5178313749742}},{"type":"Feature","geometry":{"type":"Polygon","coordinates":[[[-73.9301800004037,40.6885649998972],[-73.923979000066,40.6892749997367],[-73.9233959997349,40.6863450000351],[-73.9295910002247,40.6856350003136],[-73.9301800004037,40.6885649998972]]]},"properties":{"GEOID":"36047038500","County":"Kings","Pop_Cnt":3963,"Vulner_Pct":74.2624,"Traff_Veh":26.7449172081325,"Asthma":97.7506832036998,"PM25":86.2708719851577}},{"type":"Feature","geometry":{"type":"Polygon","coordinates":[[[-73.9228319996703,40.635542999695],[-73.9219079997555,40.6360750000459],[-73.9191719999964,40.6374700002684],[-73.9188520003292,40.6344830002023],[-73.9206830004402,40.6333300000868],[-73.9225870003462,40.633208999955],[-73.9228319996703,40.635542999695]]]},"properties":{"GEOID":"36047094402","County":"Kings","Pop_Cnt":3248,"Vulner_Pct":81.8791,"Traff_Veh":64.0117375812199,"Asthma":71.7679209585874,"PM25":79.2001649144506}},{"type":"Feature","geometry":{"type":"Polygon","coordinates":[[[-73.9551220000501,40.6894439997869],[-73.951464000026,40.6898639999297],[-73.95059000034,40.6854670001305],[-73.954245999816,40.6850470002044],[-73.9551220000501,40.6894439997869]]]},"properties":{"GEOID":"36047024300","County":"Kings","Pop_Cnt":4122,"Vulner_Pct":80.0167,"Traff_Veh":71.3686858101027,"Asthma":91.8015556022703,"PM25":92.4551638837353}},{"type":"Feature","geometry":{"type":"Polygon","coordinates":[[[-73.9619619998971,40.7104879999013],[-73.9597969998753,40.7138869999966],[-73.9554760000524,40.7122659998946],[-73.9566240002731,40.7103839997195],[-73.9603810000314,40.71000400011],[-73.9619619998971,40.7104879999013]]]},"properties":{"GEOID":"36047052300","County":"Kings","Pop_Cnt":4854,"Vulner_Pct":78.8659,"Traff_Veh":99.2664011737581,"Asthma":75.1524069791886,"PM25":92.166563595135}},{"type":"Feature","geometry":{"type":"Polygon","coordinates":[[[-73.95790399984,40.7084270002114],[-73.9566240002731,40.7103839997195],[-73.9554979997937,40.7099489997718],[-73.954982000308,40.7106079998568],[-73.9508299996412,40.7091430000176],[-73.9502370001626,40.7054730003177],[-73.95790399984,40.7084270002114]]]},"properties":{"GEOID":"36047052700","County":"Kings","Pop_Cnt":6490,"Vulner_Pct":81.7117,"Traff_Veh":96.7512051980717,"Asthma":75.1524069791886,"PM25":91.609977324263}},{"type":"Feature","geometry":{"type":"Polygon","coordinates":[[[-73.9583850000639,40.7076759999584],[-73.95790399984,40.7084270002114],[-73.9502370001626,40.7054730003177],[-73.953812000346,40.7031810000662],[-73.9583850000639,40.7076759999584]]]},"properties":{"GEOID":"36047052900","County":"Kings","Pop_Cnt":3443,"Vulner_Pct":57.2086,"Traff_Veh":91.1758541186334,"Asthma":53.1427370191297,"PM25":91.5687487116058}},{"type":"Feature","geometry":{"type":"Polygon","coordinates":[[[-73.9573299997297,40.7009039997248],[-73.953812000346,40.7031810000662],[-73.9500909996744,40.6997909997115],[-73.9570200001083,40.6989739999027],[-73.9573299997297,40.7009039997248]]]},"properties":{"GEOID":"36047053100","County":"Kings","Pop_Cnt":8833,"Vulner_Pct":67.0642,"Traff_Veh":69.9853280234752,"Asthma":91.8015556022703,"PM25":92.2490208204494}},{"type":"Feature","geometry":{"type":"Polygon","coordinates":[[[-74.0045550001544,40.591747999821],[-73.9973400003887,40.5985519998956],[-73.9952249996972,40.5970930002896],[-73.9967470000117,40.5956429999726],[-73.9953080004362,40.5944279998501],[-74.0009499998338,40.5925139998814],[-74.0036200003691,40.5899179996988],[-74.0045550001544,40.591747999821]]]},"properties":{"GEOID":"36047029400","County":"Kings","Pop_Cnt":2474,"Vulner_Pct":77.7987,"Traff_Veh":96.4577656675749,"Asthma":16.7122135799874,"PM25":85.6318284889714}},{"type":"Feature","geometry":{"type":"Polygon","coordinates":[[[-73.9603409998484,40.7034369998332],[-73.9584560002091,40.7072519997273],[-73.953812000346,40.7031810000662],[-73.9574569999513,40.7008219997251],[-73.9603409998484,40.7034369998332]]]},"properties":{"GEOID":"36047053300","County":"Kings","Pop_Cnt":6754,"Vulner_Pct":61.8958,"Traff_Veh":94.7180884510585,"Asthma":53.1427370191297,"PM25":92.2902494331066}},{"type":"Feature","geometry":{"type":"Polygon","coordinates":[[[-73.9651730000325,40.6247659999188],[-73.9613929998097,40.6251790002844],[-73.9604859996134,40.6203999998945],[-73.9642680003843,40.6199839997918],[-73.9651730000325,40.6247659999188]]]},"properties":{"GEOID":"36047053400","County":"Kings","Pop_Cnt":4232,"Vulner_Pct":77.3593,"Traff_Veh":64.6195766086774,"Asthma":28.5263821736388,"PM25":85.549371263657}},{"type":"Feature","geometry":{"type":"Polygon","coordinates":[[[-73.9648490001673,40.7074540001741],[-73.9632780003473,40.7077290001379],[-73.9584560002091,40.7072519997273],[-73.9603409998484,40.7034369998332],[-73.9648490001673,40.7074540001741]]]},"properties":{"GEOID":"36047053500","County":"Kings","Pop_Cnt":3708,"Vulner_Pct":68.4871,"Traff_Veh":95.3468874449801,"Asthma":53.1427370191297,"PM25":93.176664605236}},{"type":"Feature","geometry":{"type":"Polygon","coordinates":[[[-73.9533699995818,40.6994050002228],[-73.9500909996744,40.6997909997115],[-73.9492069999427,40.6953780002683],[-73.9524890002231,40.6950039999377],[-73.9533699995818,40.6994050002228]]]},"properties":{"GEOID":"36047025500","County":"Kings","Pop_Cnt":5598,"Vulner_Pct":97.489,"Traff_Veh":64.451896876965,"Asthma":91.8015556022703,"PM25":91.4656771799629}},{"type":"Feature","geometry":{"type":"Polygon","coordinates":[[[-73.9425160000585,40.6908919999111],[-73.93675800031,40.6915560000612],[-73.9361719996057,40.6886269997836],[-73.9419319999024,40.6879629997369],[-73.9425160000585,40.6908919999111]]]},"properties":{"GEOID":"36047027900","County":"Kings","Pop_Cnt":3660,"Vulner_Pct":77.9033,"Traff_Veh":39.3837769859568,"Asthma":97.7506832036998,"PM25":89.1774891774892}},{"type":"Feature","geometry":{"type":"Polygon","coordinates":[[[-73.937780000134,40.5941259999423],[-73.9349489999403,40.5944289998407],[-73.9353690000648,40.5965419998902],[-73.9334119995571,40.596757000288],[-73.9325760004043,40.5977189999827],[-73.9320540001724,40.5954699997335],[-73.933055999905,40.5948870001267],[-73.9317839998357,40.5881409997117],[-73.9346679997329,40.5878269996713],[-73.9350910002305,40.590076999881],[-73.9369850000907,40.5898709996798],[-73.937780000134,40.5941259999423]]]},"properties":{"GEOID":"36047062600","County":"Kings","Pop_Cnt":2869,"Vulner_Pct":63.2559,"Traff_Veh":50.3039195137288,"Asthma":51.6712213579987,"PM25":74.6237889095032}},{"type":"Feature","geometry":{"type":"Polygon","coordinates":[[[-73.8788709999825,40.6701950001227],[-73.8742310003174,40.6708630001838],[-73.8728410002474,40.6680319996717],[-73.8769529998329,40.6662589999135],[-73.878378000063,40.6682339997959],[-73.8788709999825,40.6701950001227]]]},"properties":{"GEOID":"36047111800","County":"Kings","Pop_Cnt":3639,"Vulner_Pct":85.1015,"Traff_Veh":45.9442464892056,"Asthma":94.618457010721,"PM25":71.6553287981859}},{"type":"Feature","geometry":{"type":"Polygon","coordinates":[[[-73.953812000346,40.7031810000662],[-73.9502370001626,40.7054730003177],[-73.9470519999666,40.7036640000166],[-73.9512880002989,40.7009220001431],[-73.953812000346,40.7031810000662]]]},"properties":{"GEOID":"36047050900","County":"Kings","Pop_Cnt":5440,"Vulner_Pct":57.7945,"Traff_Veh":45.6088870257808,"Asthma":53.1427370191297,"PM25":91.3007627293342}},{"type":"Feature","geometry":{"type":"Polygon","coordinates":[[[-73.9465799999635,40.6821809997418],[-73.9409140002764,40.6828329998188],[-73.9403279995722,40.6798900000172],[-73.9462739996417,40.6802129999291],[-73.9465799999635,40.6821809997418]]]},"properties":{"GEOID":"36047026900","County":"Kings","Pop_Cnt":3147,"Vulner_Pct":76.8152,"Traff_Veh":60.1760637182981,"Asthma":91.8015556022703,"PM25":90.5380333951763}},{"type":"Feature","geometry":{"type":"Polygon","coordinates":[[[-73.9369840002658,40.6655359998577],[-73.9364059999574,40.6717739999682],[-73.9336350000382,40.6716260001507],[-73.9342240002172,40.6653780003155],[-73.9369840002658,40.6655359998577]]]},"properties":{"GEOID":"36047035300","County":"Kings","Pop_Cnt":5407,"Vulner_Pct":83.7414,"Traff_Veh":73.5275623559002,"Asthma":93.48328778642,"PM25":89.4042465471037}},{"type":"Feature","geometry":{"type":"Polygon","coordinates":[[[-73.9683890001906,40.7068289998712],[-73.9648490001673,40.7074540001741],[-73.9618539999421,40.7047860000362],[-73.9652039999946,40.7026229996756],[-73.9672100000078,40.704256000161],[-73.9683890001906,40.7068289998712]]]},"properties":{"GEOID":"36047054500","County":"Kings","Pop_Cnt":8138,"Vulner_Pct":81.5233,"Traff_Veh":72.3328442674492,"Asthma":53.1427370191297,"PM25":94.1043083900227}},{"type":"Feature","geometry":{"type":"Polygon","coordinates":[[[-73.9117270000768,40.6621350001289],[-73.9089200001725,40.662554000294],[-73.9085240003374,40.6610139998224],[-73.9075850003541,40.661155999938],[-73.9063690003613,40.6564119999234],[-73.9101229997465,40.6558520002554],[-73.9117270000768,40.6621350001289]]]},"properties":{"GEOID":"36047091600","County":"Kings","Pop_Cnt":3481,"Vulner_Pct":94.434,"Traff_Veh":51.4147977363236,"Asthma":98.3603111204541,"PM25":79.839208410637}},{"type":"Feature","geometry":{"type":"Polygon","coordinates":[[[-73.941029999729,40.7046370002662],[-73.9393130003191,40.7048150001903],[-73.9376310001711,40.7033739997052],[-73.9369819997176,40.7019099998271],[-73.9404199996337,40.7010769999495],[-73.941029999729,40.7046370002662]]]},"properties":{"GEOID":"36047048900","County":"Kings","Pop_Cnt":3617,"Vulner_Pct":99.6861,"Traff_Veh":68.0360511423182,"Asthma":96.1109943241539,"PM25":88.0849309420738}},{"type":"Feature","geometry":{"type":"Polygon","coordinates":[[[-73.8960370001715,40.8692300002449],[-73.8930710002586,40.871395999987],[-73.8909759996587,40.8701589997363],[-73.8929959999155,40.8678820001457],[-73.8960370001715,40.8692300002449]]]},"properties":{"GEOID":"36005040303","County":"Bronx","Pop_Cnt":4900,"Vulner_Pct":93.4505,"Traff_Veh":69.6290085935862,"Asthma":83.224721463107,"PM25":69.2434549577407}},{"type":"Feature","geometry":{"type":"Polygon","coordinates":[[[-73.9086909998437,40.8339379997827],[-73.907402000056,40.8362319999773],[-73.9018560000195,40.8346220002314],[-73.9034350002354,40.8322160001451],[-73.9086909998437,40.8339379997827]]]},"properties":{"GEOID":"36005014701","County":"Bronx","Pop_Cnt":7003,"Vulner_Pct":98.0749,"Traff_Veh":56.5290295535527,"Asthma":99.2432205171326,"PM25":69.6557410843125}},{"type":"Feature","geometry":{"type":"Polygon","coordinates":[[[-73.9176299995903,40.8345879999605],[-73.9158710003477,40.8363929997724],[-73.9129000004119,40.835296999703],[-73.9140789996964,40.8332859997334],[-73.9176299995903,40.8345879999605]]]},"properties":{"GEOID":"36005017901","County":"Bronx","Pop_Cnt":4831,"Vulner_Pct":96.0033,"Traff_Veh":66.7155732550828,"Asthma":97.2671852007568,"PM25":71.8408575551433}},{"type":"Feature","geometry":{"type":"Polygon","coordinates":[[[-73.9226090000875,40.8269700003384],[-73.9204609997841,40.8309150000794],[-73.9189440003907,40.8303349998218],[-73.9211520000703,40.826398000216],[-73.9226090000875,40.8269700003384]]]},"properties":{"GEOID":"36005018301","County":"Bronx","Pop_Cnt":4320,"Vulner_Pct":92.5926,"Traff_Veh":76.2313980297632,"Asthma":97.2671852007568,"PM25":72.7478870336013}},{"type":"Feature","geometry":{"type":"Polygon","coordinates":[[[-73.9184120001132,40.8364400000821],[-73.9159399999447,40.8395519997095],[-73.9137549998313,40.8387430002627],[-73.9164670001993,40.8357779997495],[-73.9184120001132,40.8364400000821]]]},"properties":{"GEOID":"36005022102","County":"Bronx","Pop_Cnt":5411,"Vulner_Pct":98.7864,"Traff_Veh":68.9582896667365,"Asthma":95.5013664073996,"PM25":71.7377860235003}},{"type":"Feature","geometry":{"type":"Polygon","coordinates":[[[-73.9019129999209,40.8580940000262],[-73.8996180002027,40.8621589997868],[-73.8970680002164,40.8625339998136],[-73.8999489997405,40.8574199997976],[-73.9019129999209,40.8580940000262]]]},"properties":{"GEOID":"36005023703","County":"Bronx","Pop_Cnt":5574,"Vulner_Pct":93.3877,"Traff_Veh":77.9501152798156,"Asthma":95.3542148412865,"PM25":69.7381983096269}},{"type":"Feature","geometry":{"type":"Polygon","coordinates":[[[-73.9025380000849,40.8707829999419],[-73.9013749997956,40.8748259996765],[-73.9000540002208,40.8761840001275],[-73.9004519997058,40.8747019998729],[-73.8984330001721,40.8737420000205],[-73.8977899995664,40.8708570002119],[-73.8989179996957,40.8696579997958],[-73.9025380000849,40.8707829999419]]]},"properties":{"GEOID":"36005026702","County":"Bronx","Pop_Cnt":7895,"Vulner_Pct":86.2733,"Traff_Veh":78.2225948438482,"Asthma":83.224721463107,"PM25":70.0680272108844}},{"type":"Feature","geometry":{"type":"Polygon","coordinates":[[[-73.8710829999313,40.8573769999142],[-73.8705790001411,40.8614049999048],[-73.8674860000066,40.8613460002259],[-73.8675880001139,40.8578300001911],[-73.8710829999313,40.8573769999142]]]},"properties":{"GEOID":"36005033201","County":"Bronx","Pop_Cnt":5564,"Vulner_Pct":83.5321,"Traff_Veh":95.3888073779082,"Asthma":89.4891738490645,"PM25":66.4605236033808}},{"type":"Feature","geometry":{"type":"Polygon","coordinates":[[[-73.9174210002513,40.8463439999719],[-73.9152670001001,40.8468119997573],[-73.9115360002811,40.8516920001163],[-73.9092149997253,40.8518009997969],[-73.9141990002453,40.8451149997755],[-73.9174019999847,40.8450359997718],[-73.9174210002513,40.8463439999719]]]},"properties":{"GEOID":"36005021700","County":"Bronx","Pop_Cnt":5124,"Vulner_Pct":96.38,"Traff_Veh":96.2900859358625,"Asthma":94.9337817952491,"PM25":71.7584003298289}},{"type":"Feature","geometry":{"type":"Polygon","coordinates":[[[-73.8988320003803,40.8593049996608],[-73.8970680002164,40.8625339998136],[-73.8958840000107,40.8622580000871],[-73.8973579997463,40.8587629996759],[-73.8988320003803,40.8593049996608]]]},"properties":{"GEOID":"36005023702","County":"Bronx","Pop_Cnt":1180,"Vulner_Pct":92.9274,"Traff_Veh":84.1333053867114,"Asthma":89.8044986335926,"PM25":69.6145124716553}},{"type":"Feature","geometry":{"type":"Polygon","coordinates":[[[-73.8943030001449,40.8661629999477],[-73.8909759996587,40.8701589997363],[-73.8898919999104,40.8695219998574],[-73.8932989998643,40.8652939997175],[-73.8943030001449,40.8661629999477]]]},"properties":{"GEOID":"36005040302","County":"Bronx","Pop_Cnt":4192,"Vulner_Pct":94.2247,"Traff_Veh":77.1745965206456,"Asthma":89.8044986335926,"PM25":69.3671407957122}},{"type":"Feature","geometry":{"type":"Polygon","coordinates":[[[-73.8958610004445,40.8226309996789],[-73.8920050000537,40.8247230003085],[-73.8916150000663,40.8209850002991],[-73.8958809996376,40.8209920002528],[-73.8958610004445,40.8226309996789]]]},"properties":{"GEOID":"36005015900","County":"Bronx","Pop_Cnt":1969,"Vulner_Pct":97.782,"Traff_Veh":92.8107315028296,"Asthma":95.6695396258146,"PM25":67.20263863121}},{"type":"Feature","geometry":{"type":"Polygon","coordinates":[[[-73.933059000278,40.8281560000113],[-73.9287559999985,40.8291860003277],[-73.9253640001132,40.8326249996692],[-73.9239670003705,40.8350820002648],[-73.922372000261,40.8361089997226],[-73.9231799998248,40.8345169999981],[-73.922216999552,40.8341630001995],[-73.9259270003529,40.8278119998222],[-73.9226690003619,40.8268539999091],[-73.926647999878,40.8200529998594],[-73.9288570002808,40.8148800000325],[-73.9302759997649,40.8132559997432],[-73.9324009996038,40.8141510003382],[-73.933059000278,40.8281560000113]]]},"properties":{"GEOID":"36005006300","County":"Bronx","Pop_Cnt":4582,"Vulner_Pct":94.7269,"Traff_Veh":91.8675330119472,"Asthma":95.5013664073996,"PM25":74.1702741702742}},{"type":"Feature","geometry":{"type":"Polygon","coordinates":[[[-73.8711020001979,40.8357550002689],[-73.8628370001207,40.8336880001611],[-73.8627209997697,40.8330209997957],[-73.8700069996806,40.8308199999042],[-73.8711020001979,40.8357550002689]]]},"properties":{"GEOID":"36005007600","County":"Bronx","Pop_Cnt":5311,"Vulner_Pct":90.7721,"Traff_Veh":97.6944036889541,"Asthma":91.2339709901198,"PM25":64.9762935477221}},{"type":"Feature","geometry":{"type":"Polygon","coordinates":[[[-73.8490179996111,40.8232600000774],[-73.8428980003626,40.8240830000965],[-73.8439169998135,40.8284469999893],[-73.837016999692,40.8290529998389],[-73.8360199999824,40.8237600001989],[-73.8360319996779,40.8178560000305],[-73.8367339998348,40.8178220000004],[-73.8369609996155,40.8163410000548],[-73.8399800001302,40.8163909998096],[-73.8404260001941,40.8118729998232],[-73.8379840001628,40.8062259999145],[-73.8344990003911,40.8050150000431],[-73.8318330000538,40.8049389998814],[-73.8306759996123,40.8031080000093],[-73.8466540002959,40.8010240000827],[-73.8431340003641,40.81160299999],[-73.8463870003322,40.8116250002341],[-73.8438809998285,40.8173909999082],[-73.8475389998526,40.8169050001345],[-73.8490179996111,40.8232600000774]]]},"properties":{"GEOID":"36005009000","County":"Bronx","Pop_Cnt":3459,"Vulner_Pct":94.6432,"Traff_Veh":56.235590023056,"Asthma":93.9037208324574,"PM25":61.2657184085756}},{"type":"Feature","geometry":{"type":"Polygon","coordinates":[[[-73.8804269997339,40.8257800001623],[-73.8758020001374,40.8264019998632],[-73.8752849999285,40.8242080001187],[-73.8799299996165,40.8236409997327],[-73.8804269997339,40.8257800001623]]]},"properties":{"GEOID":"36005005001","County":"Bronx","Pop_Cnt":4604,"Vulner_Pct":95.6476,"Traff_Veh":98.7004820792287,"Asthma":92.8736598696658,"PM25":65.4504225932797}},{"type":"Feature","geometry":{"type":"Polygon","coordinates":[[[-73.9628389999562,40.6980389999768],[-73.9603409998484,40.7034369998332],[-73.9574569999513,40.7008219997251],[-73.9570200001083,40.6989739999027],[-73.9628389999562,40.6980389999768]]]},"properties":{"GEOID":"36047053700","County":"Kings","Pop_Cnt":3862,"Vulner_Pct":56.811,"Traff_Veh":97.0027247956403,"Asthma":53.1427370191297,"PM25":93.3415790558648}},{"type":"Feature","geometry":{"type":"Polygon","coordinates":[[[-73.9699409997441,40.7093100001149],[-73.9696119998561,40.7101600001906],[-73.9624139998088,40.7093520003222],[-73.9627429996967,40.7076850002745],[-73.9683890001906,40.7068289998712],[-73.969284999618,40.706927000106],[-73.9699409997441,40.7093100001149]]]},"properties":{"GEOID":"36047054700","County":"Kings","Pop_Cnt":5724,"Vulner_Pct":65.4949,"Traff_Veh":82.5822678683714,"Asthma":75.1524069791886,"PM25":94.3310657596372}},{"type":"Feature","geometry":{"type":"Polygon","coordinates":[[[-73.9652039999946,40.7026229996756],[-73.9618539999421,40.7047860000362],[-73.9603409998484,40.7034369998332],[-73.9621789996321,40.700220999744],[-73.9652039999946,40.7026229996756]]]},"properties":{"GEOID":"36047053900","County":"Kings","Pop_Cnt":2483,"Vulner_Pct":75.6225,"Traff_Veh":95.2211276461958,"Asthma":53.1427370191297,"PM25":93.733250876108}},{"type":"Feature","geometry":{"type":"Polygon","coordinates":[[[-73.9806489996775,40.7015609999232],[-73.9790689996366,40.7059629998117],[-73.9727889996562,40.7093780002751],[-73.970318000211,40.7073319999776],[-73.969612999681,40.7076340000559],[-73.969284999618,40.706927000106],[-73.9683890001906,40.7068289998712],[-73.9672100000078,40.704256000161],[-73.9621789996321,40.700220999744],[-73.9630370003229,40.6974060000114],[-73.9641119998504,40.6963019999365],[-73.9693990003191,40.696093000225],[-73.9697280002071,40.6978039998912],[-73.9805440000955,40.6982460001161],[-73.9806489996775,40.7015609999232]]]},"properties":{"GEOID":"36047054300","County":"Kings","Pop_Cnt":283,"Vulner_Pct":0,"Traff_Veh":96.6673653322155,"Asthma":0,"PM25":95.2174809317667}},{"type":"Feature","geometry":{"type":"Polygon","coordinates":[[[-73.9696119998561,40.7101600001906],[-73.9684689996583,40.7129990002586],[-73.9677310004147,40.7125949997091],[-73.9674159998721,40.7133000002575],[-73.9614210002971,40.711349000307],[-73.9624139998088,40.7093520003222],[-73.9696119998561,40.7101600001906]]]},"properties":{"GEOID":"36047054900","County":"Kings","Pop_Cnt":4171,"Vulner_Pct":49.4246,"Traff_Veh":92.0352127436596,"Asthma":75.1524069791886,"PM25":93.7538651824366}},{"type":"Feature","geometry":{"type":"Polygon","coordinates":[[[-73.9635500003339,40.7215710002427],[-73.9615429995975,40.7238759998584],[-73.9616110002679,40.7249510001307],[-73.9577170002423,40.7242980002572],[-73.9547760004437,40.7224600001379],[-73.959009000403,40.7186359998648],[-73.9635500003339,40.7215710002427]]]},"properties":{"GEOID":"36047055700","County":"Kings","Pop_Cnt":1981,"Vulner_Pct":45.114,"Traff_Veh":18.8639698176483,"Asthma":75.1524069791886,"PM25":92.0841063698206}},{"type":"Feature","geometry":{"type":"Polygon","coordinates":[[[-73.9626719995516,40.7364459999491],[-73.9570600002912,40.7391669997414],[-73.95508699989,40.7393999997884],[-73.9554719998545,40.7379970001053],[-73.9546090000391,40.7323240001873],[-73.9618430000715,40.7316250001693],[-73.9626719995516,40.7364459999491]]]},"properties":{"GEOID":"36047056300","County":"Kings","Pop_Cnt":5390,"Vulner_Pct":61.4354,"Traff_Veh":51.4567176692517,"Asthma":36.4935883960479,"PM25":90.9090909090909}},{"type":"Feature","geometry":{"type":"Polygon","coordinates":[[[-74.0109149996025,40.6509379996669],[-74.0085450004395,40.6531999997056],[-74.0044899998571,40.6507059999757],[-74.0068239999334,40.6484649997706],[-74.0109149996025,40.6509379996669]]]},"properties":{"GEOID":"36047008200","County":"Kings","Pop_Cnt":3594,"Vulner_Pct":84.39,"Traff_Veh":97.5686438901698,"Asthma":79.7141055286946,"PM25":96.4337250051536}},{"type":"Feature","geometry":{"type":"Polygon","coordinates":[[[-73.937195000153,40.6937519998269],[-73.9313450003429,40.6944219998988],[-73.9314580003208,40.6948550000808],[-73.9275070003938,40.6926040002112],[-73.93675800031,40.6915560000612],[-73.937195000153,40.6937519998269]]]},"properties":{"GEOID":"36047028900","County":"Kings","Pop_Cnt":3619,"Vulner_Pct":91.9439,"Traff_Veh":59.7359044225529,"Asthma":97.7506832036998,"PM25":87.5901875901876}},{"type":"Feature","geometry":{"type":"Polygon","coordinates":[[[-73.9221320000615,40.6736840001132],[-73.921815999694,40.6770190000036],[-73.9136960002801,40.676495000031],[-73.9140040002517,40.67324000013],[-73.9221320000615,40.6736840001132]]]},"properties":{"GEOID":"36047030300","County":"Kings","Pop_Cnt":4914,"Vulner_Pct":92.1322,"Traff_Veh":77.0278767553972,"Asthma":96.8047088501156,"PM25":83.7765409193981}},{"type":"Feature","geometry":{"type":"Polygon","coordinates":[[[-73.9303810002452,40.6517339999728],[-73.9265469995957,40.6523920001494],[-73.9261199997984,40.6484199997594],[-73.9299989997554,40.6481809997366],[-73.9303810002452,40.6517339999728]]]},"properties":{"GEOID":"36047086200","County":"Kings","Pop_Cnt":2821,"Vulner_Pct":76.041,"Traff_Veh":67.3234122825403,"Asthma":90.4351482026487,"PM25":83.9002267573696}},{"type":"Feature","geometry":{"type":"Polygon","coordinates":[[[-73.8841309997887,40.6614330002148],[-73.8808920000643,40.662833999843],[-73.8785920003233,40.659700999944],[-73.8818260000248,40.6583079997066],[-73.8841309997887,40.6614330002148]]]},"properties":{"GEOID":"36047111000","County":"Kings","Pop_Cnt":2986,"Vulner_Pct":97.8238,"Traff_Veh":59.2957451268078,"Asthma":94.618457010721,"PM25":72.8921871779015}},{"type":"Feature","geometry":{"type":"Polygon","coordinates":[[[-73.9478179996975,40.668784000089],[-73.9476419999705,40.6706639998026],[-73.9365690001641,40.6700410002406],[-73.9367490000891,40.6681279999217],[-73.9478179996975,40.668784000089]]]},"properties":{"GEOID":"36047033700","County":"Kings","Pop_Cnt":3856,"Vulner_Pct":79.8703,"Traff_Veh":77.1117166212534,"Asthma":93.48328778642,"PM25":91.3832199546485}},{"type":"Feature","geometry":{"type":"Polygon","coordinates":[[[-73.9342240002172,40.6653780003155],[-73.9336350000382,40.6716260001507],[-73.9308680003169,40.6714739998857],[-73.9314549999477,40.6652339997426],[-73.9342240002172,40.6653780003155]]]},"properties":{"GEOID":"36047035100","County":"Kings","Pop_Cnt":4650,"Vulner_Pct":87.5706,"Traff_Veh":79.9832320268288,"Asthma":93.48328778642,"PM25":88.1055452484024}},{"type":"Feature","geometry":{"type":"Polygon","coordinates":[[[-73.9227530000275,40.6670979998923],[-73.9223839999566,40.671008999918],[-73.9148729999148,40.6705329998028],[-73.9227530000275,40.6670979998923]]]},"properties":{"GEOID":"36047036100","County":"Kings","Pop_Cnt":2787,"Vulner_Pct":95.1873,"Traff_Veh":84.5734646824565,"Asthma":96.8047088501156,"PM25":84.436198721913}},{"type":"Feature","geometry":{"type":"Polygon","coordinates":[[[-73.9295910002247,40.6856350003136],[-73.9233959997349,40.6863450000351],[-73.9228140001269,40.6834150002611],[-73.9290089997185,40.6827029999175],[-73.9295910002247,40.6856350003136]]]},"properties":{"GEOID":"36047038300","County":"Kings","Pop_Cnt":4720,"Vulner_Pct":80.5189,"Traff_Veh":19.0106895828967,"Asthma":97.7506832036998,"PM25":85.8585858585859}},{"type":"Feature","geometry":{"type":"Polygon","coordinates":[[[-73.9498360003046,40.7052289999339],[-73.9446869999282,40.7057389997122],[-73.9445670002776,40.7050210000061],[-73.941029999729,40.7046370002662],[-73.9404199996337,40.7010769999495],[-73.9419310000775,40.7007249998028],[-73.9498360003046,40.7052289999339]]]},"properties":{"GEOID":"36047049100","County":"Kings","Pop_Cnt":7069,"Vulner_Pct":80.1632,"Traff_Veh":48.9415216935653,"Asthma":83.9394576413706,"PM25":89.0538033395176}},{"type":"Feature","geometry":{"type":"Polygon","coordinates":[[[-73.9258960003908,40.705876999814],[-73.921891999862,40.7093959997651],[-73.9192220002251,40.7078149997871],[-73.9230829997404,40.7039749998397],[-73.9258960003908,40.705876999814]]]},"properties":{"GEOID":"36047044700","County":"Kings","Pop_Cnt":2545,"Vulner_Pct":89.4957,"Traff_Veh":56.6757493188011,"Asthma":92.179945343704,"PM25":83.529169243455}},{"type":"Feature","geometry":{"type":"Polygon","coordinates":[[[-73.9615190002064,40.7316850001844],[-73.9546090000391,40.7323240001873],[-73.9536580003602,40.7288230000658],[-73.9612150004327,40.7281510001711],[-73.9615190002064,40.7316850001844]]]},"properties":{"GEOID":"36047056500","County":"Kings","Pop_Cnt":3156,"Vulner_Pct":33.0822,"Traff_Veh":53.9928736114022,"Asthma":36.4935883960479,"PM25":91.1358482787054}},{"type":"Feature","geometry":{"type":"Polygon","coordinates":[[[-73.9551899998222,40.7358669997021],[-73.9529749995716,40.7360790002456],[-73.951869000082,40.7311440001583],[-73.950730999907,40.7289720001738],[-73.9532730003957,40.7281330003054],[-73.954244999991,40.7301969999099],[-73.9551899998222,40.7358669997021]]]},"properties":{"GEOID":"36047057500","County":"Kings","Pop_Cnt":3983,"Vulner_Pct":36.6604,"Traff_Veh":77.8662754139593,"Asthma":36.4935883960479,"PM25":89.9196042053185}},{"type":"Feature","geometry":{"type":"Polygon","coordinates":[[[-73.9524120002302,40.7284180002154],[-73.9462450002277,40.7304869998053],[-73.9457410004376,40.7273819997203],[-73.9508749998471,40.7257210001465],[-73.9524120002302,40.7284180002154]]]},"properties":{"GEOID":"36047057300","County":"Kings","Pop_Cnt":2457,"Vulner_Pct":47.5204,"Traff_Veh":75.8541186334102,"Asthma":36.4935883960479,"PM25":89.0950319521748}},{"type":"Feature","geometry":{"type":"Polygon","coordinates":[[[-73.9551899998222,40.7358669997021],[-73.95508699989,40.7393999997884],[-73.9539069998822,40.7394210002725],[-73.9470639996621,40.7375159998749],[-73.9421629998811,40.7356779999836],[-73.9403679997551,40.7332690002083],[-73.9446119995851,40.7320709997588],[-73.9441859996128,40.7294420001104],[-73.9460460000361,40.7292569998942],[-73.9462450002277,40.7304869998053],[-73.950730999907,40.7289720001738],[-73.951869000082,40.7311440001583],[-73.9529749995716,40.7360790002456],[-73.9551899998222,40.7358669997021]]]},"properties":{"GEOID":"36047057900","County":"Kings","Pop_Cnt":1165,"Vulner_Pct":70.2448,"Traff_Veh":78.3693146090966,"Asthma":36.4935883960479,"PM25":88.7858173572459}},{"type":"Feature","geometry":{"type":"Polygon","coordinates":[[[-73.9570030003898,40.5920020003255],[-73.9532599999769,40.5924129999037],[-73.952454000063,40.5881729996852],[-73.9534170003358,40.5880680003118],[-73.953251999581,40.5871950002299],[-73.954213000204,40.5873830001265],[-73.9543410002505,40.5879669997585],[-73.9561930002779,40.5877619999698],[-73.9570030003898,40.5920020003255]]]},"properties":{"GEOID":"36047059000","County":"Kings","Pop_Cnt":1834,"Vulner_Pct":62.942,"Traff_Veh":70.1739677216516,"Asthma":51.6712213579987,"PM25":77.7777777777778}},{"type":"Feature","geometry":{"type":"Polygon","coordinates":[[[-73.9089200001725,40.662554000294],[-73.9014509999636,40.6636590003076],[-73.9006609999431,40.6605870000243],[-73.9071910001688,40.6596189996708],[-73.9075850003541,40.661155999938],[-73.9085240003374,40.6610139998224],[-73.9089200001725,40.662554000294]]]},"properties":{"GEOID":"36047091800","County":"Kings","Pop_Cnt":2250,"Vulner_Pct":91.8393,"Traff_Veh":26.8916369733808,"Asthma":98.3603111204541,"PM25":78.9321789321789}},{"type":"Feature","geometry":{"type":"Polygon","coordinates":[[[-73.9243890001449,40.6663850001136],[-73.9174820003507,40.6693929999813],[-73.9162670001828,40.6646539999463],[-73.9216550000355,40.6638429998405],[-73.9243890001449,40.6663850001136]]]},"properties":{"GEOID":"36047090000","County":"Kings","Pop_Cnt":3912,"Vulner_Pct":96.2754,"Traff_Veh":80.1509117585412,"Asthma":98.3603111204541,"PM25":84.0651412079984}},{"type":"Feature","geometry":{"type":"Polygon","coordinates":[[[-73.9071910001688,40.6596189996708],[-73.8996519996396,40.660734999809],[-73.8988070002659,40.6574069999921],[-73.9063690003613,40.6564119999234],[-73.9071910001688,40.6596189996708]]]},"properties":{"GEOID":"36047092000","County":"Kings","Pop_Cnt":2523,"Vulner_Pct":95.9615,"Traff_Veh":63.6344581848669,"Asthma":98.3603111204541,"PM25":77.7571634714492}},{"type":"Feature","geometry":{"type":"Polygon","coordinates":[[[-73.9174820003507,40.6693929999813],[-73.9140390004117,40.6708969997958],[-73.9125160002723,40.6652089998906],[-73.9162670001828,40.6646539999463],[-73.9174820003507,40.6693929999813]]]},"properties":{"GEOID":"36047090200","County":"Kings","Pop_Cnt":3309,"Vulner_Pct":96.6729,"Traff_Veh":55.5858310626703,"Asthma":98.3603111204541,"PM25":82.3335394763966}},{"type":"Feature","geometry":{"type":"Polygon","coordinates":[[[-73.9110990004381,40.6721829996845],[-73.9078770004321,40.6735670002342],[-73.9063550001176,40.6677079997666],[-73.9100900001346,40.6671539997604],[-73.9110990004381,40.6721829996845]]]},"properties":{"GEOID":"36047090600","County":"Kings","Pop_Cnt":3295,"Vulner_Pct":97.5727,"Traff_Veh":60.6371829805072,"Asthma":98.3603111204541,"PM25":80.6843949701093}},{"type":"Feature","geometry":{"type":"Polygon","coordinates":[[[-73.9078770004321,40.6735670002342],[-73.9034750004184,40.6755070002218],[-73.9016679996985,40.6684129997859],[-73.9063550001176,40.6677079997666],[-73.9078770004321,40.6735670002342]]]},"properties":{"GEOID":"36047090800","County":"Kings","Pop_Cnt":5992,"Vulner_Pct":98.6608,"Traff_Veh":55.9002305596311,"Asthma":98.3603111204541,"PM25":79.0764790764791}},{"type":"Feature","geometry":{"type":"Polygon","coordinates":[[[-73.9063550001176,40.6677079997666],[-73.9016679996985,40.6684129997859],[-73.900417000444,40.6638059997753],[-73.9051729995617,40.6631059997006],[-73.9063550001176,40.6677079997666]]]},"properties":{"GEOID":"36047091000","County":"Kings","Pop_Cnt":4196,"Vulner_Pct":99.8954,"Traff_Veh":13.7078180674911,"Asthma":98.3603111204541,"PM25":78.4992784992785}},{"type":"Feature","geometry":{"type":"Polygon","coordinates":[[[-73.9101229997465,40.6558520002554],[-73.9016869999651,40.6571040001365],[-73.9003029997428,40.6572629999287],[-73.9031730002946,40.6553009998716],[-73.9078559996174,40.6545889998349],[-73.9074000004062,40.6528440003309],[-73.9085579997743,40.652096000036],[-73.9093350002742,40.6528089998955],[-73.9101229997465,40.6558520002554]]]},"properties":{"GEOID":"36047092200","County":"Kings","Pop_Cnt":2537,"Vulner_Pct":83.6786,"Traff_Veh":79.7945923286523,"Asthma":98.3603111204541,"PM25":78.4374355802927}},{"type":"Feature","geometry":{"type":"Polygon","coordinates":[[[-73.9460460000361,40.7292569998942],[-73.9441859996128,40.7294420001104],[-73.9446119995851,40.7320709997588],[-73.9403679997551,40.7332690002083],[-73.9396599997505,40.7314870003379],[-73.9375249998658,40.7298149996961],[-73.9318249998436,40.7284819998196],[-73.9341229999348,40.7268550001261],[-73.9381890003879,40.7280999999719],[-73.9410430001478,40.7278410002927],[-73.940737999651,40.7259730001477],[-73.9454300000929,40.7255179999054],[-73.9460460000361,40.7292569998942]]]},"properties":{"GEOID":"36047058900","County":"Kings","Pop_Cnt":1691,"Vulner_Pct":33.0613,"Traff_Veh":59.9245441207294,"Asthma":36.4935883960479,"PM25":87.1985157699443}},{"type":"Feature","geometry":{"type":"Polygon","coordinates":[[[-73.9532599999769,40.5924129999037],[-73.9523000000772,40.5925139998814],[-73.9531500003721,40.5970280000454],[-73.9510060002666,40.5972619999465],[-73.9493450000349,40.5885140002424],[-73.952454000063,40.5881729996852],[-73.9532599999769,40.5924129999037]]]},"properties":{"GEOID":"36047059200","County":"Kings","Pop_Cnt":4152,"Vulner_Pct":64.9508,"Traff_Veh":63.5925382519388,"Asthma":51.6712213579987,"PM25":77.4067202638631}},{"type":"Feature","geometry":{"type":"Polygon","coordinates":[[[-73.9603500000693,40.58730700029],[-73.9543410002505,40.5879669997585],[-73.954213000204,40.5873830001265],[-73.953251999581,40.5871950002299],[-73.9534170003358,40.5880680003118],[-73.952454000063,40.5881729996852],[-73.9522759997878,40.5872720002914],[-73.952782999951,40.5870720002402],[-73.9512380000702,40.5849250000072],[-73.9539799996772,40.5857120002671],[-73.9602610003808,40.5850390000376],[-73.9603500000693,40.58730700029]]]},"properties":{"GEOID":"36047060600","County":"Kings","Pop_Cnt":2811,"Vulner_Pct":64.9299,"Traff_Veh":96.3110459023266,"Asthma":51.6712213579987,"PM25":77.5304061018347}},{"type":"Feature","geometry":{"type":"Polygon","coordinates":[[[-73.9100900001346,40.6671539997604],[-73.9063550001176,40.6677079997666],[-73.9051729995617,40.6631059997006],[-73.9089200001725,40.662554000294],[-73.9100900001346,40.6671539997604]]]},"properties":{"GEOID":"36047091200","County":"Kings","Pop_Cnt":5589,"Vulner_Pct":97.5309,"Traff_Veh":32.9071473485642,"Asthma":98.3603111204541,"PM25":79.9835085549371}},{"type":"Feature","geometry":{"type":"Polygon","coordinates":[[[-73.8979429997273,40.6505150001357],[-73.8958610004445,40.6518809998211],[-73.8976099996414,40.653453999714],[-73.8935469995614,40.6552020002715],[-73.8899940000176,40.6511380001164],[-73.896161999845,40.6465710001876],[-73.8978320002975,40.6480699999995],[-73.8963450001431,40.6490269998083],[-73.8979429997273,40.6505150001357]]]},"properties":{"GEOID":"36047098200","County":"Kings","Pop_Cnt":4532,"Vulner_Pct":87.1312,"Traff_Veh":50.9536784741144,"Asthma":82.9514399831827,"PM25":75.0566893424036}},{"type":"Feature","geometry":{"type":"Polygon","coordinates":[[[-73.8891510002937,40.6754960000477],[-73.884853999862,40.6761289996796],[-73.8838889999394,40.6723550000302],[-73.8881920002189,40.6717149999836],[-73.8891510002937,40.6754960000477]]]},"properties":{"GEOID":"36047115000","County":"Kings","Pop_Cnt":2557,"Vulner_Pct":94.2038,"Traff_Veh":54.7055124711801,"Asthma":94.618457010721,"PM25":74.5001030715316}},{"type":"Feature","geometry":{"type":"Polygon","coordinates":[[[-73.8872890002206,40.6718480000945],[-73.8838889999394,40.6723550000302],[-73.8827819997266,40.6680260002051],[-73.8861829998327,40.6675209998978],[-73.8872890002206,40.6718480000945]]]},"properties":{"GEOID":"36047116200","County":"Kings","Pop_Cnt":2429,"Vulner_Pct":94.0992,"Traff_Veh":5.84783064347097,"Asthma":94.618457010721,"PM25":74.2939600082457}},{"type":"Feature","geometry":{"type":"Polygon","coordinates":[[[-73.8773389996223,40.6800549997375],[-73.8736039996053,40.6811209998664],[-73.8732760004405,40.679921000256],[-73.8694080003542,40.6804749997835],[-73.8685470001887,40.6772059998066],[-73.8725869998042,40.6778660003288],[-73.874831000367,40.6799629999191],[-73.8773389996223,40.6800549997375]]]},"properties":{"GEOID":"36047119000","County":"Kings","Pop_Cnt":2220,"Vulner_Pct":91.086,"Traff_Veh":86.0406623349403,"Asthma":83.7292411183519,"PM25":71.1605854462997}},{"type":"Feature","geometry":{"type":"Polygon","coordinates":[[[-74.0151840004451,40.6507730001398],[-74.0128439996228,40.6530160001204],[-74.0150480000027,40.6543620001286],[-74.0138949997591,40.6554659997873],[-74.0116839997065,40.6541350003315],[-74.0087899997636,40.6569629999909],[-74.0062309995564,40.6554000000063],[-74.0126290004359,40.6492350000314],[-74.0151840004451,40.6507730001398]]]},"properties":{"GEOID":"36047000200","County":"Kings","Pop_Cnt":1167,"Vulner_Pct":89.1191,"Traff_Veh":99.0987214420457,"Asthma":79.7141055286946,"PM25":97.2789115646258}},{"type":"Feature","geometry":{"type":"Polygon","coordinates":[[[-73.999301000196,40.6621570001136],[-73.9969579998989,40.6643930002322],[-73.9906350002608,40.6605789998424],[-73.9929640003142,40.6583370003265],[-73.999301000196,40.6621570001136]]]},"properties":{"GEOID":"36047014500","County":"Kings","Pop_Cnt":3815,"Vulner_Pct":62.3561,"Traff_Veh":95.9756864389017,"Asthma":79.7141055286946,"PM25":96.6192537621109}},{"type":"Feature","geometry":{"type":"Polygon","coordinates":[[[-73.9923829996329,40.6588989996753],[-73.9887689999897,40.6624320003321],[-73.987296000079,40.6604420003266],[-73.9901880003721,40.657600999728],[-73.9923829996329,40.6588989996753]]]},"properties":{"GEOID":"36047014700","County":"Kings","Pop_Cnt":2408,"Vulner_Pct":58.3386,"Traff_Veh":86.8790609935024,"Asthma":79.7141055286946,"PM25":95.5473098330241}},{"type":"Feature","geometry":{"type":"Polygon","coordinates":[[[-73.9357180000443,40.6563029997406],[-73.9319069998593,40.6565369999011],[-73.9313920001985,40.6516899999367],[-73.9342679996998,40.6515630001034],[-73.9344829997849,40.6535629997808],[-73.9354159999205,40.6535049998299],[-73.9357180000443,40.6563029997406]]]},"properties":{"GEOID":"36047087000","County":"Kings","Pop_Cnt":3125,"Vulner_Pct":80.1423,"Traff_Veh":66.9251729197233,"Asthma":86.1257094807652,"PM25":86.2914862914863}},{"type":"Feature","geometry":{"type":"Polygon","coordinates":[[[-73.9342309998899,40.6604149999909],[-73.9293870000103,40.6607150000783],[-73.9291429996128,40.6584179997352],[-73.9281719998424,40.6584780002939],[-73.9279950002904,40.6568020000064],[-73.9309029995787,40.6566100001561],[-73.9310830004021,40.6582959997049],[-73.9339959997132,40.6581189999401],[-73.9342309998899,40.6604149999909]]]},"properties":{"GEOID":"36047087800","County":"Kings","Pop_Cnt":2647,"Vulner_Pct":80.4771,"Traff_Veh":57.8495074407881,"Asthma":87.3239436619718,"PM25":86.7656153370439}},{"type":"Feature","geometry":{"type":"Polygon","coordinates":[[[-73.9306850000188,40.6636200001859],[-73.9282279999189,40.6647099998224],[-73.926139000065,40.662831999865],[-73.9268539997424,40.6623710002675],[-73.9214039999653,40.657480999705],[-73.9235990001244,40.6560530000369],[-73.9254069997709,40.6576799998979],[-73.9246429996898,40.6581830003212],[-73.9306850000188,40.6636200001859]]]},"properties":{"GEOID":"36047088200","County":"Kings","Pop_Cnt":6353,"Vulner_Pct":76.6269,"Traff_Veh":59.6311045902327,"Asthma":90.4351482026487,"PM25":85.1783137497423}},{"type":"Feature","geometry":{"type":"Polygon","coordinates":[[[-73.9602610003808,40.5850390000376],[-73.9539799996772,40.5857120002671],[-73.9486620001447,40.5848939999773],[-73.9391390002419,40.5859829997648],[-73.9387380003839,40.5838989998587],[-73.9414719995949,40.583796999682],[-73.9409469998883,40.5819130002735],[-73.9540319995557,40.5825169998793],[-73.9541429998838,40.58310499966],[-73.9565360004096,40.582658999817],[-73.9600270000291,40.5832089998444],[-73.9602610003808,40.5850390000376]]]},"properties":{"GEOID":"36047060800","County":"Kings","Pop_Cnt":3545,"Vulner_Pct":53.8606,"Traff_Veh":98.7424020121568,"Asthma":51.6712213579987,"PM25":76.0874046588332}},{"type":"Feature","geometry":{"type":"Polygon","coordinates":[[[-73.9414719995949,40.583796999682],[-73.9387380003839,40.5838989998587],[-73.9391390002419,40.5859829997648],[-73.9347740000381,40.5866399996984],[-73.931368999734,40.5860709997658],[-73.9300959998398,40.5845019998121],[-73.9320419995786,40.5842340002007],[-73.9319460002174,40.5820219997811],[-73.9409469998883,40.5819130002735],[-73.9414719995949,40.583796999682]]]},"properties":{"GEOID":"36047062200","County":"Kings","Pop_Cnt":2715,"Vulner_Pct":56.2879,"Traff_Veh":96.856005030392,"Asthma":51.6712213579987,"PM25":73.5518449804164}},{"type":"Feature","geometry":{"type":"Polygon","coordinates":[[[-73.8970680002164,40.8625339998136],[-73.8943759999399,40.8660670000284],[-73.8901610004222,40.8634769999387],[-73.8918150000829,40.8618170002048],[-73.8970680002164,40.8625339998136]]]},"properties":{"GEOID":"36005039901","County":"Bronx","Pop_Cnt":5618,"Vulner_Pct":98.1795,"Traff_Veh":86.4598616642213,"Asthma":89.8044986335926,"PM25":69.2022263450835}},{"type":"Feature","geometry":{"type":"Polygon","coordinates":[[[-73.9109300003837,40.8550220002719],[-73.9077729997767,40.8596079998695],[-73.9048679999632,40.858692999896],[-73.9056599996334,40.8573989999213],[-73.9046839998402,40.8570610000572],[-73.9073329995607,40.8538160000078],[-73.9094299998105,40.8539600003112],[-73.9109300003837,40.8550220002719]]]},"properties":{"GEOID":"36005025100","County":"Bronx","Pop_Cnt":7360,"Vulner_Pct":97.217,"Traff_Veh":57.2207084468665,"Asthma":94.9337817952491,"PM25":70.995670995671}},{"type":"Feature","geometry":{"type":"Polygon","coordinates":[[[-73.8678009996509,40.851589000166],[-73.8677029997416,40.8544930000368],[-73.8648139998216,40.8544429997935],[-73.8648930003626,40.8515310001103],[-73.8661419999673,40.8505360002228],[-73.8678009996509,40.851589000166]]]},"properties":{"GEOID":"36005022404","County":"Bronx","Pop_Cnt":4203,"Vulner_Pct":78.1335,"Traff_Veh":85.7681827709076,"Asthma":79.1675425688459,"PM25":65.4710368996083}},{"type":"Feature","geometry":{"type":"Polygon","coordinates":[[[-73.9039509997211,40.8549740000691],[-73.9019129999209,40.8580940000262],[-73.8999489997405,40.8574199997976],[-73.9018600002175,40.854585999927],[-73.9039509997211,40.8549740000691]]]},"properties":{"GEOID":"36005023704","County":"Bronx","Pop_Cnt":3803,"Vulner_Pct":96.1498,"Traff_Veh":66.2544539928736,"Asthma":95.3542148412865,"PM25":70.439084724799}},{"type":"Feature","geometry":{"type":"Polygon","coordinates":[[[-73.8971719999735,40.8303679997031],[-73.8963690004326,40.8335099998396],[-73.8969660001091,40.8343429997112],[-73.8939459997696,40.8364310001989],[-73.891481000172,40.8366870002509],[-73.8913869995624,40.8357580002607],[-73.8908230003961,40.8358090001005],[-73.8921580002146,40.8336449998293],[-73.8917370002651,40.8326640000338],[-73.8926849995709,40.8323439999367],[-73.8933599999636,40.8301520000588],[-73.8971719999735,40.8303679997031]]]},"properties":{"GEOID":"36005015300","County":"Bronx","Pop_Cnt":4474,"Vulner_Pct":94.999,"Traff_Veh":65.9819744288409,"Asthma":96.2371242379651,"PM25":67.7179962894249}},{"type":"Feature","geometry":{"type":"Polygon","coordinates":[[[-73.9914090003877,40.6986320001911],[-73.9909349998365,40.7007669999761],[-73.9867980001366,40.7006170003058],[-73.9869689998408,40.6985040000507],[-73.9849600003529,40.6984449998871],[-73.9846060003506,40.6959449999121],[-73.9850830003766,40.6959630003083],[-73.9851429997527,40.694885000321],[-73.9907459996906,40.6950340001109],[-73.9914090003877,40.6986320001911]]]},"properties":{"GEOID":"36047001300","County":"Kings","Pop_Cnt":1917,"Vulner_Pct":48.8177,"Traff_Veh":99.7694403688954,"Asthma":90.6874080302712,"PM25":97.7736549165121}},{"type":"Feature","geometry":{"type":"Polygon","coordinates":[[[-74.0266940000945,40.6397000002631],[-74.0215980003198,40.6445980001288],[-74.0238350003117,40.6459189999578],[-74.0214600002276,40.648182000286],[-74.0166509996097,40.6453309999332],[-74.0247540002035,40.6381209998493],[-74.0266940000945,40.6397000002631]]]},"properties":{"GEOID":"36047002200","County":"Kings","Pop_Cnt":4698,"Vulner_Pct":87.5497,"Traff_Veh":98.1555229511633,"Asthma":79.7141055286946,"PM25":97.0933828076685}},{"type":"Feature","geometry":{"type":"Polygon","coordinates":[[[-74.0532290002005,40.6556569997667],[-74.0495939997427,40.6616220001322],[-74.0177999996554,40.6625439996799],[-74.001453999624,40.6676330002393],[-74.000174999882,40.6686010001221],[-73.9986190001306,40.6718299999976],[-73.9948449997556,40.6668049997428],[-74.0062309995564,40.6554000000063],[-74.0087899997636,40.6569629999909],[-74.0116839997065,40.6541350003315],[-74.0138949997591,40.6554659997873],[-74.0150480000027,40.6543620001286],[-74.0128439996228,40.6530160001204],[-74.0192559998476,40.6468529998002],[-74.0214600002276,40.648182000286],[-74.0238350003117,40.6459189999578],[-74.0215980003198,40.6445980001288],[-74.0262570002515,40.640132000075],[-74.0290790002244,40.6412740002805],[-74.0532290002005,40.6556569997667]]]},"properties":{"GEOID":"36047001800","County":"Kings","Pop_Cnt":1897,"Vulner_Pct":0,"Traff_Veh":94.8019283169147,"Asthma":0,"PM25":97.5675118532261}},{"type":"Feature","geometry":{"type":"Polygon","coordinates":[[[-74.0192559998476,40.6468529998002],[-74.0151840004451,40.6507730001398],[-74.0126290004359,40.6492350000314],[-74.0166509996097,40.6453309999332],[-74.0192559998476,40.6468529998002]]]},"properties":{"GEOID":"36047002000","County":"Kings","Pop_Cnt":1412,"Vulner_Pct":89.2655,"Traff_Veh":96.6254453992874,"Asthma":79.7141055286946,"PM25":97.0521541950113}},{"type":"Feature","geometry":{"type":"Polygon","coordinates":[[[-73.9803879995616,40.6965069996945],[-73.9764430003806,40.6963710002643],[-73.9758480003539,40.6933610000437],[-73.9791680002691,40.6934889998491],[-73.9801390000395,40.6946829998955],[-73.9803879995616,40.6965069996945]]]},"properties":{"GEOID":"36047002901","County":"Kings","Pop_Cnt":4447,"Vulner_Pct":93.597,"Traff_Veh":98.050723118843,"Asthma":87.9756148833298,"PM25":96.866625438054}},{"type":"Feature","geometry":{"type":"Polygon","coordinates":[[[-73.9261909999436,40.8385120000248],[-73.9235399996749,40.8444569996914],[-73.9226850002555,40.8445679996762],[-73.9228020004313,40.8427750002992],[-73.9213570001097,40.8401889996649],[-73.9214349999275,40.8392409997404],[-73.9222159997271,40.8379859997191],[-73.9261909999436,40.8385120000248]]]},"properties":{"GEOID":"36005021100","County":"Bronx","Pop_Cnt":5343,"Vulner_Pct":98.598,"Traff_Veh":93.1041710333263,"Asthma":94.0508723985705,"PM25":73.2014017728303}},{"type":"Feature","geometry":{"type":"Polygon","coordinates":[[[-73.9160880000827,40.8248379997716],[-73.9166139996141,40.8249919998339],[-73.9154510002231,40.8257479999587],[-73.9135120001571,40.8248049998574],[-73.9131670003756,40.8254569996927],[-73.9077409999897,40.8238150002337],[-73.9084180000322,40.8221810000325],[-73.90985099976,40.8225530000405],[-73.9117449996202,40.8221069997712],[-73.9162160001292,40.8234680000909],[-73.9158770001955,40.8241040003342],[-73.9167729996228,40.8243870002025],[-73.9160880000827,40.8248379997716]]]},"properties":{"GEOID":"36005014100","County":"Bronx","Pop_Cnt":5851,"Vulner_Pct":93.2622,"Traff_Veh":82.6451477677636,"Asthma":96.9728820685306,"PM25":70.6864564007421}},{"type":"Feature","geometry":{"type":"Polygon","coordinates":[[[-73.8675880001139,40.8578300001911],[-73.8673599996099,40.8654290001848],[-73.8644609996441,40.8654890003041],[-73.8646709997064,40.8579060002206],[-73.8675880001139,40.8578300001911]]]},"properties":{"GEOID":"36005033000","County":"Bronx","Pop_Cnt":5776,"Vulner_Pct":84.7039,"Traff_Veh":78.3902745755607,"Asthma":89.4891738490645,"PM25":66.1925376211091}},{"type":"Feature","geometry":{"type":"Polygon","coordinates":[[[-73.8715149997514,40.8247150001315],[-73.8698419998242,40.8249229996605],[-73.8657460001322,40.8210120001166],[-73.8705010003233,40.8203640001023],[-73.8715149997514,40.8247150001315]]]},"properties":{"GEOID":"36005004600","County":"Bronx","Pop_Cnt":1961,"Vulner_Pct":91.3371,"Traff_Veh":96.9188849297841,"Asthma":93.9037208324574,"PM25":64.5021645021645}},{"type":"Feature","geometry":{"type":"Polygon","coordinates":[[[-73.9256450003206,40.8211309998614],[-73.9226690003619,40.8268539999091],[-73.9211520000703,40.826398000216],[-73.924644000413,40.8210210000534],[-73.9256450003206,40.8211309998614]]]},"properties":{"GEOID":"36005005902","County":"Bronx","Pop_Cnt":2751,"Vulner_Pct":90.814,"Traff_Veh":80.2137916579333,"Asthma":97.2671852007568,"PM25":73.3869305297877}},{"type":"Feature","geometry":{"type":"Polygon","coordinates":[[[-73.9140839997193,40.8452770000478],[-73.9116800002211,40.8486389998748],[-73.9074870004448,40.847803999718],[-73.9111429999207,40.8450629999901],[-73.9140839997193,40.8452770000478]]]},"properties":{"GEOID":"36005022701","County":"Bronx","Pop_Cnt":5151,"Vulner_Pct":93.3668,"Traff_Veh":97.7153636554182,"Asthma":96.5944923270969,"PM25":71.4079571222428}},{"type":"Feature","geometry":{"type":"Polygon","coordinates":[[[-73.9258419999641,40.8279639999994],[-73.922216999552,40.8341630001995],[-73.9190289998812,40.8330899996994],[-73.9226690003619,40.8268539999091],[-73.9258419999641,40.8279639999994]]]},"properties":{"GEOID":"36005019500","County":"Bronx","Pop_Cnt":7060,"Vulner_Pct":96.7357,"Traff_Veh":70.4254873192203,"Asthma":95.5013664073996,"PM25":73.015873015873}},{"type":"Feature","geometry":{"type":"Polygon","coordinates":[[[-73.8281890002734,40.8329510000073],[-73.8251880002004,40.8345879999605],[-73.8246700001665,40.833879999911],[-73.8238159996737,40.8343299996948],[-73.8214819995975,40.8315730000181],[-73.8252939996073,40.8296890002192],[-73.8281890002734,40.8329510000073]]]},"properties":{"GEOID":"36005016400","County":"Bronx","Pop_Cnt":1046,"Vulner_Pct":61.3099,"Traff_Veh":94.0892894571369,"Asthma":78.9783476981291,"PM25":59.2455163883735}},{"type":"Feature","geometry":{"type":"Polygon","coordinates":[[[-73.9116800002211,40.8486389998748],[-73.9092149997253,40.8518009997969],[-73.9059989995671,40.8493920000845],[-73.9074870004448,40.847803999718],[-73.9116800002211,40.8486389998748]]]},"properties":{"GEOID":"36005023301","County":"Bronx","Pop_Cnt":3956,"Vulner_Pct":97.2379,"Traff_Veh":88.3252986795221,"Asthma":96.5944923270969,"PM25":71.0987425273139}},{"type":"Feature","geometry":{"type":"Polygon","coordinates":[[[-73.8605120002653,40.8754940002754],[-73.8597520003821,40.8768609997563],[-73.8567820002712,40.8769260002082],[-73.8512010000746,40.8751539999871],[-73.8536370002581,40.8733009998544],[-73.8605120002653,40.8754940002754]]]},"properties":{"GEOID":"36005036800","County":"Bronx","Pop_Cnt":2109,"Vulner_Pct":84.3482,"Traff_Veh":56.654789352337,"Asthma":86.5461425268026,"PM25":65.0587507730365}},{"type":"Feature","geometry":{"type":"Polygon","coordinates":[[[-73.8822219998599,40.835462999965],[-73.8820059999498,40.837459999997],[-73.8801630001433,40.8399980002238],[-73.8726999997821,40.8397519998694],[-73.8736730001006,40.8375420001069],[-73.8749090001848,40.8373600002728],[-73.8746520002669,40.836942999994],[-73.8775250002934,40.8358869997794],[-73.879251999749,40.8344239998078],[-73.8822219998599,40.835462999965]]]},"properties":{"GEOID":"36005006000","County":"Bronx","Pop_Cnt":1386,"Vulner_Pct":94.4549,"Traff_Veh":99.3502410396143,"Asthma":96.2371242379651,"PM25":66.0276231704803}},{"type":"Feature","geometry":{"type":"Polygon","coordinates":[[[-73.8705620004227,40.8715109999949],[-73.8694350001184,40.8781290000174],[-73.8680500000712,40.8777989998727],[-73.8682579995854,40.8714620002818],[-73.8705620004227,40.8715109999949]]]},"properties":{"GEOID":"36005037600","County":"Bronx","Pop_Cnt":2197,"Vulner_Pct":85.9176,"Traff_Veh":93.4185705302872,"Asthma":86.5461425268026,"PM25":67.2644815501958}},{"type":"Feature","geometry":{"type":"Polygon","coordinates":[[[-73.8606739997487,40.8284189999184],[-73.8596200001376,40.8285480001222],[-73.8602610001951,40.8299470001924],[-73.8569899997853,40.8303849999032],[-73.8561510002594,40.8267699996824],[-73.8597029999783,40.8262769998977],[-73.8606739997487,40.8284189999184]]]},"properties":{"GEOID":"36005004001","County":"Bronx","Pop_Cnt":1475,"Vulner_Pct":87.5288,"Traff_Veh":93.9425696918885,"Asthma":92.8736598696658,"PM25":62.9354772211915}},{"type":"Feature","geometry":{"type":"Polygon","coordinates":[[[-73.9202039998661,40.8221820000079],[-73.9167729996228,40.8243870002025],[-73.9158770001955,40.8241040003342],[-73.9162160001292,40.8234680000909],[-73.9117449996202,40.8221069997712],[-73.9135199996547,40.8195420001783],[-73.9177130003293,40.8206470002935],[-73.9174170000533,40.821276999782],[-73.9202039998661,40.8221820000079]]]},"properties":{"GEOID":"36005006900","County":"Bronx","Pop_Cnt":7801,"Vulner_Pct":94.2666,"Traff_Veh":72.2909243345211,"Asthma":99.7477401723775,"PM25":71.8820861678005}},{"type":"Feature","geometry":{"type":"Polygon","coordinates":[[[-73.9084430001466,40.8064769999203],[-73.9063300000032,40.8126669996697],[-73.9034169997938,40.8115069998903],[-73.9030739996621,40.8098800001856],[-73.9084430001466,40.8064769999203]]]},"properties":{"GEOID":"36005003100","County":"Bronx","Pop_Cnt":1689,"Vulner_Pct":92.195,"Traff_Veh":88.4300985118424,"Asthma":100,"PM25":70.8101422387137}},{"type":"Feature","geometry":{"type":"Polygon","coordinates":[[[-73.864465999667,40.8805449997102],[-73.8628029997855,40.883574000217],[-73.8570559999076,40.8817449996824],[-73.8585999999634,40.8789540003133],[-73.864465999667,40.8805449997102]]]},"properties":{"GEOID":"36005039000","County":"Bronx","Pop_Cnt":2861,"Vulner_Pct":89.5166,"Traff_Veh":25.005239991616,"Asthma":86.5461425268026,"PM25":65.3679653679654}},{"type":"Feature","geometry":{"type":"Polygon","coordinates":[[[-73.8585999999634,40.8789540003133],[-73.8570559999076,40.8817449996824],[-73.8520329999278,40.8801400002852],[-73.8537379996421,40.8774620000175],[-73.8585999999634,40.8789540003133]]]},"properties":{"GEOID":"36005038800","County":"Bronx","Pop_Cnt":2763,"Vulner_Pct":85.8757,"Traff_Veh":14.2737371620205,"Asthma":86.5461425268026,"PM25":64.8732220160792}},{"type":"Feature","geometry":{"type":"Polygon","coordinates":[[[-73.8823540001044,40.8315049997299],[-73.8799830002182,40.8346800001337],[-73.8765939998077,40.8338820001887],[-73.876066999553,40.8316380000585],[-73.8806989997205,40.8310450000271],[-73.8823540001044,40.8315049997299]]]},"properties":{"GEOID":"36005005600","County":"Bronx","Pop_Cnt":2279,"Vulner_Pct":98.8701,"Traff_Veh":89.5409767344372,"Asthma":91.2339709901198,"PM25":66.2337662337662}},{"type":"Feature","geometry":{"type":"Polygon","coordinates":[[[-73.9104900001676,40.83073699979],[-73.9086909998437,40.8339379997827],[-73.9034350002354,40.8322160001451],[-73.905530999762,40.8291040000783],[-73.9104900001676,40.83073699979]]]},"properties":{"GEOID":"36005014500","County":"Bronx","Pop_Cnt":7436,"Vulner_Pct":95.8359,"Traff_Veh":54.7474324041082,"Asthma":99.2432205171326,"PM25":69.8618841475984}},{"type":"Feature","geometry":{"type":"Polygon","coordinates":[[[-73.9742809998335,40.6855129996632],[-73.9694899996574,40.6862879999587],[-73.9686639996519,40.6819999998421],[-73.9737800004164,40.6830610000708],[-73.9742809998335,40.6855129996632]]]},"properties":{"GEOID":"36047017900","County":"Kings","Pop_Cnt":4348,"Vulner_Pct":76.3967,"Traff_Veh":77.9291553133515,"Asthma":87.9756148833298,"PM25":95.5679241393527}},{"type":"Feature","geometry":{"type":"Polygon","coordinates":[[[-73.972469999814,40.6962069999012],[-73.9693990003191,40.696093000225],[-73.9688100001401,40.6931209997457],[-73.9718720003125,40.6932100001699],[-73.972469999814,40.6962069999012]]]},"properties":{"GEOID":"36047018700","County":"Kings","Pop_Cnt":1488,"Vulner_Pct":62.4398,"Traff_Veh":92.601131838189,"Asthma":87.9756148833298,"PM25":95.2380952380952}},{"type":"Feature","geometry":{"type":"Polygon","coordinates":[[[-73.9764430003806,40.6963710002643],[-73.972469999814,40.6962069999012],[-73.9718720003125,40.6932100001699],[-73.9758480003539,40.6933610000437],[-73.9764430003806,40.6963710002643]]]},"properties":{"GEOID":"36047018501","County":"Kings","Pop_Cnt":4153,"Vulner_Pct":96.7566,"Traff_Veh":93.5652902955355,"Asthma":87.9756148833298,"PM25":95.6091527520099}},{"type":"Feature","geometry":{"type":"Polygon","coordinates":[[[-73.9693990003191,40.696093000225],[-73.9645510002415,40.696106999897],[-73.9628389999562,40.6980389999768],[-73.9610510004012,40.6983260002872],[-73.9601580004486,40.6941170002695],[-73.9688100001401,40.6931209997457],[-73.9693990003191,40.696093000225]]]},"properties":{"GEOID":"36047019100","County":"Kings","Pop_Cnt":2972,"Vulner_Pct":51.2869,"Traff_Veh":95.0744078809474,"Asthma":76.0983813327728,"PM25":94.2692228406514}},{"type":"Feature","geometry":{"type":"Polygon","coordinates":[[[-73.9694899996574,40.6862879999587],[-73.965525000385,40.6867439998861],[-73.9644540001571,40.6811250000878],[-73.9686639996519,40.6819999998421],[-73.9694899996574,40.6862879999587]]]},"properties":{"GEOID":"36047019900","County":"Kings","Pop_Cnt":3432,"Vulner_Pct":52.919,"Traff_Veh":77.0907566547893,"Asthma":76.0983813327728,"PM25":95.0731807874665}},{"type":"Feature","geometry":{"type":"Polygon","coordinates":[[[-73.8529140001848,40.840086000184],[-73.8506780000179,40.8385749999224],[-73.8473160002698,40.836263999879],[-73.8495590001095,40.8344090002253],[-73.8516839999484,40.8342009998652],[-73.8529140001848,40.840086000184]]]},"properties":{"GEOID":"36005020601","County":"Bronx","Pop_Cnt":2237,"Vulner_Pct":89.3911,"Traff_Veh":59.756864389017,"Asthma":88.438091233971,"PM25":62.0284477427335}},{"type":"Feature","geometry":{"type":"Polygon","coordinates":[[[-73.9090990002727,40.8630010000199],[-73.9045590001667,40.8657000002922],[-73.9023580001598,40.8686960002656],[-73.9011399996189,40.8682800001242],[-73.9033220002575,40.8653109997915],[-73.901944999708,40.8645529997246],[-73.9033189998845,40.862734999954],[-73.9090990002727,40.8630010000199]]]},"properties":{"GEOID":"36005026300","County":"Bronx","Pop_Cnt":6218,"Vulner_Pct":95.4802,"Traff_Veh":86.0616223014043,"Asthma":88.9636325415178,"PM25":70.336013193156}},{"type":"Feature","geometry":{"type":"Polygon","coordinates":[[[-73.8812440004168,40.8827099996824],[-73.8779179997555,40.8872120001612],[-73.8776070003092,40.8845229998593],[-73.878126000168,40.8821539998323],[-73.8746749998331,40.8815629996882],[-73.8749459999948,40.8799480000844],[-73.8702410000323,40.8802300001452],[-73.8709440000141,40.8785109999376],[-73.874386999953,40.8790550002293],[-73.8812440004168,40.8827099996824]]]},"properties":{"GEOID":"36005043100","County":"Bronx","Pop_Cnt":10246,"Vulner_Pct":96.9868,"Traff_Veh":76.5038775937958,"Asthma":88.7744376708009,"PM25":67.6149247577819}},{"type":"Feature","geometry":{"type":"Polygon","coordinates":[[[-73.8626520001727,40.891822000043],[-73.8607109995586,40.8953710001763],[-73.8569560003484,40.8941680000429],[-73.858907999935,40.8906319997272],[-73.8626520001727,40.891822000043]]]},"properties":{"GEOID":"36005042000","County":"Bronx","Pop_Cnt":4206,"Vulner_Pct":93.1785,"Traff_Veh":93.1251309997904,"Asthma":86.5461425268026,"PM25":64.2135642135642}},{"type":"Feature","geometry":{"type":"Polygon","coordinates":[[[-73.8216759997662,40.8262020002132],[-73.8183220004141,40.827835000019],[-73.817045000322,40.8259570002448],[-73.8161480001714,40.8218089999775],[-73.8191400000236,40.8223469998224],[-73.8216759997662,40.8262020002132]]]},"properties":{"GEOID":"36005015800","County":"Bronx","Pop_Cnt":1314,"Vulner_Pct":78.3846,"Traff_Veh":93.0203311674701,"Asthma":78.9783476981291,"PM25":58.1735724592867}},{"type":"Feature","geometry":{"type":"Polygon","coordinates":[[[-73.8551360001081,40.822436000071],[-73.8520780001337,40.8228470000289],[-73.8505990003752,40.8164980003139],[-73.8536199996414,40.8160879998341],[-73.8551360001081,40.822436000071]]]},"properties":{"GEOID":"36005007400","County":"Bronx","Pop_Cnt":3634,"Vulner_Pct":84.4528,"Traff_Veh":13.9174177321316,"Asthma":93.9037208324574,"PM25":62.6468769325912}},{"type":"Feature","geometry":{"type":"Polygon","coordinates":[[[-73.9095469999863,40.8430450003255],[-73.9093610002135,40.8450059999693],[-73.9048510002447,40.8447260000257],[-73.9050000002077,40.8425350001075],[-73.9086570004068,40.8427199996807],[-73.9095469999863,40.8430450003255]]]},"properties":{"GEOID":"36005022902","County":"Bronx","Pop_Cnt":3614,"Vulner_Pct":97.9075,"Traff_Veh":98.8052819115489,"Asthma":96.5944923270969,"PM25":70.7895279323851}},{"type":"Feature","geometry":{"type":"Polygon","coordinates":[[[-73.9064570002249,40.8217150003351],[-73.9049220003898,40.8252869998155],[-73.901175999604,40.8243890000868],[-73.901988000264,40.8224399999572],[-73.9006120004376,40.8221089997242],[-73.9012919999549,40.8204750003212],[-73.9064570002249,40.8217150003351]]]},"properties":{"GEOID":"36005013300","County":"Bronx","Pop_Cnt":6000,"Vulner_Pct":99.3095,"Traff_Veh":61.3079019073569,"Asthma":96.9728820685306,"PM25":68.7899402185116}},{"type":"Feature","geometry":{"type":"Polygon","coordinates":[[[-73.9044660002803,40.8122819997114],[-73.9025790000928,40.8173700002643],[-73.9007210002176,40.8167639997144],[-73.8993410001933,40.8134889997996],[-73.8984480002407,40.8131769998476],[-73.9030739996621,40.8098800001856],[-73.9034169997938,40.8115069998903],[-73.9044660002803,40.8122819997114]]]},"properties":{"GEOID":"36005008300","County":"Bronx","Pop_Cnt":6713,"Vulner_Pct":98.6817,"Traff_Veh":90.4632152588556,"Asthma":97.3722934622661,"PM25":68.7074829931973}},{"type":"Feature","geometry":{"type":"Polygon","coordinates":[[[-73.8470259998416,40.8815929999158],[-73.8411800002295,40.8864079997604],[-73.8387430002211,40.88126600003],[-73.8432409995959,40.8791090000942],[-73.8447729999562,40.8797560000058],[-73.8442630003183,40.880419999976],[-73.8470259998416,40.8815929999158]]]},"properties":{"GEOID":"36005046000","County":"Bronx","Pop_Cnt":3246,"Vulner_Pct":86.6081,"Traff_Veh":55.1247118004611,"Asthma":87.5551818372924,"PM25":61.8016903731189}},{"type":"Feature","geometry":{"type":"Polygon","coordinates":[[[-73.8586169996818,40.8496870002252],[-73.8561899997191,40.8507789999702],[-73.8511519996708,40.8443219999736],[-73.8540139998266,40.8436390000455],[-73.8586169996818,40.8496870002252]]]},"properties":{"GEOID":"36005025200","County":"Bronx","Pop_Cnt":2787,"Vulner_Pct":81.3978,"Traff_Veh":45.5669670928527,"Asthma":86.9035106159344,"PM25":63.3889919604205}},{"type":"Feature","geometry":{"type":"Polygon","coordinates":[[[-73.9069929998021,40.8503709998864],[-73.9029880003467,40.8547730001583],[-73.9018600002175,40.854585999927],[-73.9059989995671,40.8493920000845],[-73.9069929998021,40.8503709998864]]]},"properties":{"GEOID":"36005023501","County":"Bronx","Pop_Cnt":3184,"Vulner_Pct":95.3128,"Traff_Veh":80.2766715573255,"Asthma":96.5944923270969,"PM25":70.0886415172129}},{"type":"Feature","geometry":{"type":"Polygon","coordinates":[[[-73.8883190004405,40.8451789998213],[-73.8872330001441,40.8446360001567],[-73.8837779996113,40.8486819999936],[-73.8831089999647,40.8482730003266],[-73.8851919999708,40.845194999993],[-73.885659999776,40.8427100003047],[-73.8890170003994,40.8443699997386],[-73.8883190004405,40.8451789998213]]]},"properties":{"GEOID":"36005036501","County":"Bronx","Pop_Cnt":3901,"Vulner_Pct":98.1377,"Traff_Veh":84.5525047159925,"Asthma":99.0750472987177,"PM25":67.3675530818388}},{"type":"Feature","geometry":{"type":"Polygon","coordinates":[[[-73.8657460001322,40.8210120001166],[-73.8620289996586,40.8215090002335],[-73.8615309997162,40.8193790002196],[-73.8643140002294,40.818998999899],[-73.8657460001322,40.8210120001166]]]},"properties":{"GEOID":"36005003800","County":"Bronx","Pop_Cnt":1350,"Vulner_Pct":87.194,"Traff_Veh":10.941102494236,"Asthma":93.9037208324574,"PM25":63.9868068439497}},{"type":"Feature","geometry":{"type":"Polygon","coordinates":[[[-73.8669649995997,40.8404229999557],[-73.8644649998421,40.841087999865],[-73.8628370001207,40.8336880001611],[-73.8668059995911,40.8348369998021],[-73.8650740001126,40.8353419998765],[-73.8654719995975,40.8376760003001],[-73.8663849996416,40.8375870001157],[-73.8669649995997,40.8404229999557]]]},"properties":{"GEOID":"36005021601","County":"Bronx","Pop_Cnt":4720,"Vulner_Pct":95.7104,"Traff_Veh":86.2921819325089,"Asthma":91.2339709901198,"PM25":64.6258503401361}},{"type":"Feature","geometry":{"type":"Polygon","coordinates":[[[-73.8974029999521,40.8674740000981],[-73.8960370001715,40.8692300002449],[-73.8929959999155,40.8678820001457],[-73.8943759999399,40.8660670000284],[-73.8974029999521,40.8674740000981]]]},"properties":{"GEOID":"36005040304","County":"Bronx","Pop_Cnt":3593,"Vulner_Pct":89.8096,"Traff_Veh":76.3990777614756,"Asthma":83.224721463107,"PM25":69.3877551020408}},{"type":"Feature","geometry":{"type":"Polygon","coordinates":[[[-73.8658580002852,40.8507710002191],[-73.8648930003626,40.8515310001103],[-73.8647410000266,40.8566910002911],[-73.8619199998787,40.8567829996804],[-73.8621190000703,40.8508059998871],[-73.8652210004256,40.850178000104],[-73.8658580002852,40.8507710002191]]]},"properties":{"GEOID":"36005022800","County":"Bronx","Pop_Cnt":6128,"Vulner_Pct":83.281,"Traff_Veh":65.3950953678474,"Asthma":79.1675425688459,"PM25":65.0793650793651}},{"type":"Feature","geometry":{"type":"Polygon","coordinates":[[[-73.8533350001343,40.8424699998777],[-73.8505230002072,40.8427900000275],[-73.8477980003187,40.840697000193],[-73.8506780000179,40.8385749999224],[-73.8529140001848,40.840086000184],[-73.8533350001343,40.8424699998777]]]},"properties":{"GEOID":"36005020400","County":"Bronx","Pop_Cnt":3011,"Vulner_Pct":89.7468,"Traff_Veh":66.1915740934814,"Asthma":88.438091233971,"PM25":62.7293341579056}},{"type":"Feature","geometry":{"type":"Polygon","coordinates":[[[-73.9161840003421,40.8087900001644],[-73.9151780004116,40.8104270002462],[-73.907838999899,40.8082060001324],[-73.9084430001466,40.8064769999203],[-73.9091269998618,40.806165999851],[-73.9161840003421,40.8087900001644]]]},"properties":{"GEOID":"36005003300","County":"Bronx","Pop_Cnt":3277,"Vulner_Pct":99.1421,"Traff_Veh":82.1840285055544,"Asthma":100,"PM25":72.6448155019584}},{"type":"Feature","geometry":{"type":"Polygon","coordinates":[[[-73.8911249996216,40.8454099999291],[-73.8864359995527,40.8503089998803],[-73.8837779996113,40.8486819999936],[-73.8872330001441,40.8446360001567],[-73.8883190004405,40.8451789998213],[-73.8890170003994,40.8443699997386],[-73.8911249996216,40.8454099999291]]]},"properties":{"GEOID":"36005037100","County":"Bronx","Pop_Cnt":4226,"Vulner_Pct":94.706,"Traff_Veh":79.1448333682666,"Asthma":99.0750472987177,"PM25":67.5530818387961}},{"type":"Feature","geometry":{"type":"Polygon","coordinates":[[[-73.9009349995795,40.8279279999352],[-73.8950630000281,40.828012999942],[-73.8948710004075,40.8239370002345],[-73.901175999604,40.8243890000868],[-73.9005410002925,40.8259439999438],[-73.9016509999801,40.8262170002928],[-73.9009349995795,40.8279279999352]]]},"properties":{"GEOID":"36005013100","County":"Bronx","Pop_Cnt":5084,"Vulner_Pct":96.1707,"Traff_Veh":50.2829595472647,"Asthma":97.3722934622661,"PM25":68.0272108843537}},{"type":"Feature","geometry":{"type":"Polygon","coordinates":[[[-73.9578970001673,40.6708700002857],[-73.9567029999158,40.674170999931],[-73.9529369999368,40.6735710002276],[-73.9532700000227,40.6700070001922],[-73.9578970001673,40.6708700002857]]]},"properties":{"GEOID":"36047021900","County":"Kings","Pop_Cnt":3557,"Vulner_Pct":74.7018,"Traff_Veh":84.363865017816,"Asthma":93.48328778642,"PM25":93.6095650381365}},{"type":"Feature","geometry":{"type":"Polygon","coordinates":[[[-73.8010759998591,40.6954300001771],[-73.7975369996607,40.6981990000389],[-73.7928440002922,40.7002439998703],[-73.7918690003238,40.701366000295],[-73.7921699997244,40.7021980002243],[-73.7911560002963,40.702294000307],[-73.7869009996974,40.6983859996714],[-73.7921630000517,40.6961799997446],[-73.7910049997853,40.69459499993],[-73.7980310003035,40.691621000264],[-73.8006809998489,40.6938619999655],[-73.8010759998591,40.6954300001771]]]},"properties":{"GEOID":"36081025400","County":"Queens","Pop_Cnt":10118,"Vulner_Pct":93.7644,"Traff_Veh":56.9272689163697,"Asthma":89.3210006306496,"PM25":55.2257266542981}},{"type":"Feature","geometry":{"type":"Polygon","coordinates":[[[-73.807772999591,40.6871360003174],[-73.80386500022,40.688465999948],[-73.8027870003195,40.6875289997645],[-73.8012700000279,40.688675999686],[-73.7991350001433,40.6871820000605],[-73.799950000278,40.686828000124],[-73.7989819999824,40.6848589999184],[-73.8058910003247,40.6828970003268],[-73.807772999591,40.6871360003174]]]},"properties":{"GEOID":"36081019400","County":"Queens","Pop_Cnt":2892,"Vulner_Pct":76.9826,"Traff_Veh":88.681618109411,"Asthma":89.3210006306496,"PM25":56.545042259328}},{"type":"Feature","geometry":{"type":"Polygon","coordinates":[[[-73.9283069995616,40.7283400001679],[-73.9239539999517,40.7335289998118],[-73.9202559997447,40.7351940002301],[-73.9175579996203,40.7352920002338],[-73.919038000102,40.7320209998132],[-73.9173080002734,40.7314389999151],[-73.9183640004326,40.7259310002137],[-73.9283069995616,40.7283400001679]]]},"properties":{"GEOID":"36081020500","County":"Queens","Pop_Cnt":1176,"Vulner_Pct":68.3197,"Traff_Veh":99.9371201006078,"Asthma":60.584401933992,"PM25":82.8076685219542}},{"type":"Feature","geometry":{"type":"Polygon","coordinates":[[[-73.8075120003734,40.5978620003225],[-73.8024690003022,40.6009670002929],[-73.793651999856,40.6026230001441],[-73.7967679995567,40.5993839997437],[-73.7947850000081,40.5813320001895],[-73.8004669995887,40.5801640000333],[-73.801990999553,40.5888690000955],[-73.801004999714,40.5891080002514],[-73.8011749995933,40.5904469996953],[-73.8022459998211,40.5907690000764],[-73.8024380003401,40.5926400001464],[-73.8035110002177,40.5943030002185],[-73.8075120003734,40.5978620003225]]]},"properties":{"GEOID":"36081095400","County":"Queens","Pop_Cnt":6045,"Vulner_Pct":85.3735,"Traff_Veh":28.4845944246489,"Asthma":91.0868194240067,"PM25":50.6081220366935}},{"type":"Feature","geometry":{"type":"Polygon","coordinates":[[[-73.8669040003986,40.7543630001394],[-73.8660280001645,40.7545460000019],[-73.8665699995895,40.7575359997569],[-73.861905999635,40.7577950001861],[-73.8612110000491,40.7539339996698],[-73.8662669996408,40.7527790001935],[-73.8669040003986,40.7543630001394]]]},"properties":{"GEOID":"36081037900","County":"Queens","Pop_Cnt":6851,"Vulner_Pct":76.7106,"Traff_Veh":59.1280653950954,"Asthma":59.281059491276,"PM25":68.9342403628118}},{"type":"Feature","geometry":{"type":"Polygon","coordinates":[[[-73.8208489999359,40.7522420002572],[-73.8177209996412,40.7542759997493],[-73.8133339996961,40.7503719998486],[-73.8165430001816,40.7482600001905],[-73.8208489999359,40.7522420002572]]]},"properties":{"GEOID":"36081120500","County":"Queens","Pop_Cnt":2568,"Vulner_Pct":81.1258,"Traff_Veh":45.5879270593167,"Asthma":38.9531217153668,"PM25":57.9674293960008}},{"type":"Feature","geometry":{"type":"Polygon","coordinates":[[[-73.8152309999294,40.7287940001568],[-73.8150569998521,40.7389870000372],[-73.8094139997312,40.738603000175],[-73.8103929998976,40.7383279997818],[-73.8111240003667,40.7278330000132],[-73.8107440004252,40.7262650001875],[-73.8152309999294,40.7287940001568]]]},"properties":{"GEOID":"36081122702","County":"Queens","Pop_Cnt":7519,"Vulner_Pct":93.5551,"Traff_Veh":80.4024313561098,"Asthma":69.6657557284002,"PM25":56.7717996289425}},{"type":"Feature","geometry":{"type":"Polygon","coordinates":[[[-73.8015930000681,40.6743760003237],[-73.7916519996906,40.6734900001436],[-73.7924380004113,40.6703279998585],[-73.798740999958,40.6714240000814],[-73.8012549999593,40.6712600003239],[-73.8015930000681,40.6743760003237]]]},"properties":{"GEOID":"36081079000","County":"Queens","Pop_Cnt":2633,"Vulner_Pct":75.9992,"Traff_Veh":85.9987424020122,"Asthma":85.4109733025016,"PM25":55.3081838796125}},{"type":"Feature","geometry":{"type":"Polygon","coordinates":[[[-73.8530720003686,40.8001129997455],[-73.8354090000621,40.8021990002687],[-73.8323539995624,40.7963699998912],[-73.8390369999489,40.7970520001277],[-73.8384340004246,40.7967870002678],[-73.8366329995525,40.792515999935],[-73.8406780000891,40.7939080001843],[-73.8408150003565,40.791505000321],[-73.838956999583,40.7914380002016],[-73.8390050001619,40.7906170001106],[-73.8399230002288,40.7906500000276],[-73.8400830000624,40.7878490001555],[-73.8460679995917,40.7880500002929],[-73.8530720003686,40.8001129997455]]]},"properties":{"GEOID":"36081093900","County":"Queens","Pop_Cnt":5299,"Vulner_Pct":55.1998,"Traff_Veh":8.8660658142947,"Asthma":52.9114988438091,"PM25":62.3788909503195}},{"type":"Feature","geometry":{"type":"Polygon","coordinates":[[[-73.8269919996489,40.5879890003108],[-73.8198349996095,40.5918970001426],[-73.8190970003659,40.5878209998169],[-73.8180460002296,40.5870450002454],[-73.8156350001604,40.5828069997581],[-73.8213419998554,40.5812620000607],[-73.8240430003527,40.5856299998452],[-73.8246559999229,40.5854529998065],[-73.8252490002998,40.586900999862],[-73.8269919996489,40.5879890003108]]]},"properties":{"GEOID":"36081094201","County":"Queens","Pop_Cnt":3236,"Vulner_Pct":69.6589,"Traff_Veh":67.8893313770698,"Asthma":60.7946184570107,"PM25":52.0717377860235}},{"type":"Feature","geometry":{"type":"Polygon","coordinates":[[[-73.8198349996095,40.5918970001426],[-73.8102849999425,40.5950730002645],[-73.8075120003734,40.5978620003225],[-73.8035110002177,40.5943030002185],[-73.8024380003401,40.5926400001464],[-73.8022459998211,40.5907690000764],[-73.8013710003102,40.5908559998751],[-73.801004999714,40.5891080002514],[-73.8130480003642,40.5873379998837],[-73.817229000445,40.5856869999661],[-73.8190970003659,40.5878209998169],[-73.8198349996095,40.5918970001426]]]},"properties":{"GEOID":"36081094202","County":"Queens","Pop_Cnt":4806,"Vulner_Pct":83.1973,"Traff_Veh":64.8710962062461,"Asthma":91.0868194240067,"PM25":51.5769944341373}},{"type":"Feature","geometry":{"type":"Polygon","coordinates":[[[-73.8213419998554,40.5812620000607],[-73.8156350001604,40.5828069997581],[-73.817229000445,40.5856869999661],[-73.8146429995753,40.5867769999086],[-73.801990999553,40.5888690000955],[-73.8004669995887,40.5801640000333],[-73.8167149997108,40.5760469997223],[-73.8213419998554,40.5812620000607]]]},"properties":{"GEOID":"36081094203","County":"Queens","Pop_Cnt":6602,"Vulner_Pct":72.8186,"Traff_Veh":56.4451896876965,"Asthma":91.0868194240067,"PM25":50.9997938569367}},{"type":"Feature","geometry":{"type":"Polygon","coordinates":[[[-73.8163869996477,40.7631599999568],[-73.8127639997837,40.7641250000486],[-73.8125999997522,40.763153000027],[-73.8074930001069,40.7623430001501],[-73.8076799997046,40.7609600002831],[-73.8110499998486,40.7614170000992],[-73.8150869999893,40.7603719997912],[-73.8163869996477,40.7631599999568]]]},"properties":{"GEOID":"36081116700","County":"Queens","Pop_Cnt":1676,"Vulner_Pct":75.3505,"Traff_Veh":64.5357367428212,"Asthma":37.1242379651041,"PM25":57.5139146567718}},{"type":"Feature","geometry":{"type":"Polygon","coordinates":[[[-73.9459139997916,40.8625450003204],[-73.9383850002065,40.8747749999771],[-73.9272689998441,40.8655349996795],[-73.9260110000185,40.8635750002766],[-73.9300029999534,40.8621030002582],[-73.9313129996575,40.8593279998015],[-73.9330219995698,40.85981900025],[-73.9356059998913,40.8588629997184],[-73.9459139997916,40.8625450003204]]]},"properties":{"GEOID":"36061028700","County":"New York","Pop_Cnt":4231,"Vulner_Pct":71.9816,"Traff_Veh":89.2056172710124,"Asthma":72.6718520075678,"PM25":73.8198309626881}},{"type":"Feature","geometry":{"type":"Polygon","coordinates":[[[-73.9272689998441,40.8655349996795],[-73.9231100004029,40.8670159999904],[-73.9206109995719,40.8631130002287],[-73.9247420003223,40.8615940000308],[-73.9272689998441,40.8655349996795]]]},"properties":{"GEOID":"36061029100","County":"New York","Pop_Cnt":12165,"Vulner_Pct":85.7502,"Traff_Veh":74.3240410815343,"Asthma":73.3445448812277,"PM25":72.9746444032158}},{"type":"Feature","geometry":{"type":"Polygon","coordinates":[[[-73.9231100004029,40.8670159999904],[-73.9197539996043,40.8681139998641],[-73.9170439997844,40.8670259997745],[-73.9202759998361,40.8626059997008],[-73.9231100004029,40.8670159999904]]]},"properties":{"GEOID":"36061029300","County":"New York","Pop_Cnt":9397,"Vulner_Pct":82.0046,"Traff_Veh":79.4801928316915,"Asthma":73.3445448812277,"PM25":72.3356009070295}},{"type":"Feature","geometry":{"type":"Polygon","coordinates":[[[-73.9151680003659,40.8756949997963],[-73.9149049997018,40.8765779997724],[-73.9114049998615,40.8792780000158],[-73.9095050001536,40.8788779999858],[-73.9071049999551,40.8762770001276],[-73.9071040001301,40.8729779999946],[-73.90860499963,40.8716779997984],[-73.9105320000004,40.8740660001005],[-73.9151680003659,40.8756949997963]]]},"properties":{"GEOID":"36061030900","County":"New York","Pop_Cnt":10593,"Vulner_Pct":88.2611,"Traff_Veh":90.630894990568,"Asthma":73.3445448812277,"PM25":70.7689136260565}},{"type":"Feature","geometry":{"type":"Polygon","coordinates":[[[-73.9244130004343,40.8617139996907],[-73.9206109995719,40.8631130002287],[-73.9202759998361,40.8626059997008],[-73.9140090002745,40.8711599998769],[-73.9104850001448,40.8740149998157],[-73.90860499963,40.8716779997984],[-73.9091050001205,40.8716759999823],[-73.9092030000298,40.8697759999156],[-73.9108509998427,40.8665279998638],[-73.9209579999015,40.8551120003037],[-73.9228669998303,40.8558720000002],[-73.9228879997467,40.8588569997881],[-73.9244130004343,40.8617139996907]]]},"properties":{"GEOID":"36061029900","County":"New York","Pop_Cnt":3737,"Vulner_Pct":93.8899,"Traff_Veh":79.6059526304758,"Asthma":73.3445448812277,"PM25":72.2737579880437}},{"type":"Feature","geometry":{"type":"Polygon","coordinates":[[[-74.0903819998282,40.6091639998569],[-74.087210000051,40.6133069997392],[-74.080001000133,40.618553000123],[-74.072535000297,40.622463999775],[-74.0709540004313,40.6204309998263],[-74.074547000158,40.6169429999531],[-74.081643999923,40.6061780000039],[-74.085558999865,40.6069059997354],[-74.0903819998282,40.6091639998569]]]},"properties":{"GEOID":"36085004000","County":"Richmond","Pop_Cnt":12548,"Vulner_Pct":87.0684,"Traff_Veh":86.8161810941102,"Asthma":77.4437670800925,"PM25":96.3924963924964}},{"type":"Feature","geometry":{"type":"Polygon","coordinates":[[[-74.0858660000117,40.5959520003069],[-74.0849649996632,40.5973299998049],[-74.0813040001644,40.5993870001753],[-74.0812029998821,40.6004460002027],[-74.0821879998961,40.6019410000127],[-74.0764479996909,40.601005000303],[-74.0719670000344,40.5988319998856],[-74.0719329996993,40.5979290003145],[-74.0704399996971,40.596734999892],[-74.0788820002246,40.5939429998923],[-74.0784670001229,40.5933000001883],[-74.0816489999459,40.5922100001489],[-74.0837520000434,40.5954909998889],[-74.0858660000117,40.5959520003069]]]},"properties":{"GEOID":"36085006400","County":"Richmond","Pop_Cnt":3450,"Vulner_Pct":73.5719,"Traff_Veh":62.2511003982394,"Asthma":64.7887323943662,"PM25":93.6714079571222}},{"type":"Feature","geometry":{"type":"Polygon","coordinates":[[[-74.0972669998811,40.6339979998199],[-74.095885000207,40.6356429998846],[-74.0934799999856,40.6349440002502],[-74.0924489999408,40.6356189999073],[-74.0897030001359,40.6356830000549],[-74.0887060004262,40.6368450000958],[-74.086876999965,40.6358770002338],[-74.0858790004305,40.6366920002909],[-74.0837339996018,40.6357370002807],[-74.0889039998946,40.630292000147],[-74.0971549997281,40.6318979999062],[-74.0972669998811,40.6339979998199]]]},"properties":{"GEOID":"36085007500","County":"Richmond","Pop_Cnt":4299,"Vulner_Pct":73.4045,"Traff_Veh":51.938796897925,"Asthma":72.0412024385117,"PM25":99.2372706658421}},{"type":"Feature","geometry":{"type":"Polygon","coordinates":[[[-74.1008830000724,40.645112000078],[-74.1000219999069,40.6454149998644],[-74.1002470000377,40.6481479999998],[-74.0937460001244,40.6482390002257],[-74.0912530000395,40.6494440001368],[-74.0865199995897,40.6438970003313],[-74.0870910002253,40.6403340001608],[-74.097672999762,40.6389609999334],[-74.0978800003495,40.6403579998064],[-74.0999609998075,40.6401810001723],[-74.1008830000724,40.645112000078]]]},"properties":{"GEOID":"36085008100","County":"Richmond","Pop_Cnt":4313,"Vulner_Pct":92.3624,"Traff_Veh":34.0389855376231,"Asthma":90.9186462055918,"PM25":99.7113997113997}},{"type":"Feature","geometry":{"type":"Polygon","coordinates":[[[-73.9934639999064,40.7521899998024],[-73.9916329997954,40.7547069999961],[-73.9859470000168,40.7523169998207],[-73.9877799997777,40.749771999753],[-73.9934639999064,40.7521899998024]]]},"properties":{"GEOID":"36061010900","County":"New York","Pop_Cnt":172,"Vulner_Pct":0,"Traff_Veh":82.7080276671557,"Asthma":0,"PM25":95.5266955266955}},{"type":"Feature","geometry":{"type":"Polygon","coordinates":[[[-74.1605019998783,40.6265300001759],[-74.1603110000826,40.6337879996647],[-74.1518600002326,40.6341789997969],[-74.1531339999516,40.625596999809],[-74.1605019998783,40.6265300001759]]]},"properties":{"GEOID":"36085023100","County":"Richmond","Pop_Cnt":5276,"Vulner_Pct":78.8449,"Traff_Veh":49.8008803185915,"Asthma":84.1496741643893,"PM25":99.9175427746856}},{"type":"Feature","geometry":{"type":"Polygon","coordinates":[[[-74.1615360002962,40.6441569998763],[-74.1432550003967,40.6421490001348],[-74.1419769995814,40.6422630000463],[-74.1436000001782,40.6385139998532],[-74.1447829996607,40.6379529999275],[-74.1456310003058,40.6352459997759],[-74.1467040001834,40.6346569997351],[-74.1603110000826,40.6337879996647],[-74.1601920002569,40.6402109997967],[-74.1612550000888,40.6417899998528],[-74.1615360002962,40.6441569998763]]]},"properties":{"GEOID":"36085022300","County":"Richmond","Pop_Cnt":2745,"Vulner_Pct":80.4562,"Traff_Veh":53.888073779082,"Asthma":84.1496741643893,"PM25":99.9587713873428}},{"type":"Feature","geometry":{"type":"Polygon","coordinates":[[[-74.1531339999516,40.625596999809],[-74.1518600002326,40.6341789997969],[-74.1480299997811,40.6343289996811],[-74.1456310003058,40.6352459997759],[-74.1475360000366,40.6293710002742],[-74.1461330004461,40.6290750003256],[-74.1459359999043,40.62782399973],[-74.1454630000763,40.6278869996778],[-74.1461450001417,40.6249300001121],[-74.1531339999516,40.625596999809]]]},"properties":{"GEOID":"36085023900","County":"Richmond","Pop_Cnt":3853,"Vulner_Pct":82.6533,"Traff_Veh":68.6648501362398,"Asthma":84.1496741643893,"PM25":99.8763141620285}},{"type":"Feature","geometry":{"type":"Polygon","coordinates":[[[-73.9636569995657,40.8262980001205],[-73.9574109999205,40.8232730002248],[-73.9508289998163,40.8208289997784],[-73.9527210000267,40.8182360001005],[-73.9554509999381,40.8193770001842],[-73.9550760000193,40.8200970001747],[-73.9650919998416,40.824483000018],[-73.9636569995657,40.8262980001205]]]},"properties":{"GEOID":"36061022301","County":"New York","Pop_Cnt":8292,"Vulner_Pct":84.8295,"Traff_Veh":89.0169775728359,"Asthma":96.3212108471726,"PM25":79.1589363017934}},{"type":"Feature","geometry":{"type":"Polygon","coordinates":[[[-73.9479680003837,40.7788070001639],[-73.9447229999132,40.7832470000545],[-73.9376079997065,40.7817540003008],[-73.9344119996398,40.7780930002124],[-73.9363800000182,40.7769209998378],[-73.9376549995622,40.7750859999747],[-73.9374660003146,40.7725039998946],[-73.9443370001238,40.7731079997348],[-73.9419369999253,40.776030999867],[-73.9422349998512,40.777566999666],[-73.9433789998739,40.7768679996636],[-73.9479680003837,40.7788070001639]]]},"properties":{"GEOID":"36061015200","County":"New York","Pop_Cnt":7816,"Vulner_Pct":39.9037,"Traff_Veh":98.3441626493398,"Asthma":41.5177632961951,"PM25":84.0445269016698}},{"type":"Feature","geometry":{"type":"Polygon","coordinates":[[[-74.1097620004429,40.570467999768],[-74.1003909999778,40.5796889997103],[-74.0789609998673,40.5687870001033],[-74.0890450003599,40.5604039997539],[-74.1097620004429,40.570467999768]]]},"properties":{"GEOID":"36085011202","County":"Richmond","Pop_Cnt":5731,"Vulner_Pct":66.6039,"Traff_Veh":57.5141479773632,"Asthma":49.0645364725667,"PM25":89.4454751597609}},{"type":"Feature","geometry":{"type":"Polygon","coordinates":[[[-74.1052590001469,40.5859230002249],[-74.1008830000724,40.5901790000305],[-74.0926160003454,40.5859400001796],[-74.0984400002162,40.5812419997181],[-74.1052590001469,40.5859230002249]]]},"properties":{"GEOID":"36085011401","County":"Richmond","Pop_Cnt":2971,"Vulner_Pct":75.0994,"Traff_Veh":55.7115908614546,"Asthma":55.6022703384486,"PM25":92.723149866007}},{"type":"Feature","geometry":{"type":"Polygon","coordinates":[[[-74.1248909997583,40.6317279997764],[-74.1168359997434,40.6326749997458],[-74.1161429998073,40.6287019997705],[-74.1133090001389,40.623041999678],[-74.118100000315,40.6249629997366],[-74.123033999708,40.62901099998],[-74.1248909997583,40.6317279997764]]]},"properties":{"GEOID":"36085012500","County":"Richmond","Pop_Cnt":3047,"Vulner_Pct":76.2921,"Traff_Veh":64.6824565080696,"Asthma":90.9186462055918,"PM25":99.5258709544424}},{"type":"Feature","geometry":{"type":"Polygon","coordinates":[[[-74.1304610000842,40.6308969998188],[-74.129000999694,40.6343340000577],[-74.1286700001562,40.6373480001108],[-74.126888000449,40.6372099998984],[-74.1269620000688,40.6401810001723],[-74.1180669998048,40.6412980002698],[-74.1175489997709,40.6369540000236],[-74.1206360000577,40.6365730002003],[-74.1202390003976,40.6343000002161],[-74.1171989999665,40.6345680002227],[-74.1168359997434,40.6326749997458],[-74.1304610000842,40.6308969998188]]]},"properties":{"GEOID":"36085013302","County":"Richmond","Pop_Cnt":3096,"Vulner_Pct":91.1069,"Traff_Veh":47.0132047788723,"Asthma":90.9186462055918,"PM25":99.7732426303855}},{"type":"Feature","geometry":{"type":"Polygon","coordinates":[[[-74.094094000279,40.639266999699],[-74.0870910002253,40.6403340001608],[-74.087542000312,40.6384489996793],[-74.0858790004305,40.6366920002909],[-74.086876999965,40.6358770002338],[-74.0887060004262,40.6368450000958],[-74.0897030001359,40.6356830000549],[-74.0924489999408,40.6356189999073],[-74.093388999749,40.6365999999587],[-74.094094000279,40.639266999699]]]},"properties":{"GEOID":"36085007700","County":"Richmond","Pop_Cnt":1526,"Vulner_Pct":85.9385,"Traff_Veh":32.823307482708,"Asthma":90.9186462055918,"PM25":99.443413729128}},{"type":"Feature","geometry":{"type":"Polygon","coordinates":[[[-74.0799700001708,40.6244830001846],[-74.078165999824,40.6264660001185],[-74.0756469997998,40.6266639998846],[-74.072535000297,40.622463999775],[-74.0769549998541,40.6201609997833],[-74.0799700001708,40.6244830001846]]]},"properties":{"GEOID":"36085002700","County":"Richmond","Pop_Cnt":1751,"Vulner_Pct":98.2214,"Traff_Veh":50.5554391112974,"Asthma":84.8223670380492,"PM25":97.7324263038549}},{"type":"Feature","geometry":{"type":"Polygon","coordinates":[[[-74.1455650001836,40.6354590002926],[-74.1447829996607,40.6379529999275],[-74.1436000001782,40.6385139998532],[-74.1419769995814,40.6422630000463],[-74.133912000419,40.6436840001537],[-74.1255689996257,40.6440229998283],[-74.1221139999913,40.6450339999374],[-74.1206589996239,40.6411959997445],[-74.1237440002608,40.6402019999108],[-74.1269620000688,40.6401810001723],[-74.126888000449,40.6372099998984],[-74.1286700001562,40.6373480001108],[-74.129000999694,40.6343340000577],[-74.1304700003051,40.631675999947],[-74.1315819996424,40.63199399966],[-74.1309409995849,40.6331390002857],[-74.1352139997272,40.6353449996685],[-74.1355540003842,40.6348000001127],[-74.1406710000752,40.6351509999889],[-74.1396810000383,40.6379489998431],[-74.1455650001836,40.6354590002926]]]},"properties":{"GEOID":"36085020700","County":"Richmond","Pop_Cnt":5499,"Vulner_Pct":89.705,"Traff_Veh":53.4479144833368,"Asthma":79.7141055286946,"PM25":99.896928468357}},{"type":"Feature","geometry":{"type":"Polygon","coordinates":[[[-74.087205999853,40.6398959996596],[-74.0865239997876,40.6425639999116],[-74.0820730002684,40.6442080002818],[-74.0823720000191,40.6446449998324],[-74.0802820003404,40.6447930002202],[-74.0781979996111,40.6421150001832],[-74.0814730002188,40.6415119998496],[-74.0811009997748,40.6399220001275],[-74.0819269997802,40.6398709998555],[-74.0822819996075,40.6406009998222],[-74.087205999853,40.6398959996596]]]},"properties":{"GEOID":"36085000900","County":"Richmond","Pop_Cnt":1510,"Vulner_Pct":88.1984,"Traff_Veh":28.0025151959757,"Asthma":90.9186462055918,"PM25":99.6083281797568}},{"type":"Feature","geometry":{"type":"Polygon","coordinates":[[[-74.1681409999666,40.6220779998431],[-74.166559000276,40.6273670003313],[-74.1487679999229,40.6251039999934],[-74.1496140000199,40.6227929997208],[-74.1542910003932,40.619300000305],[-74.1554250003702,40.6200689998578],[-74.1649850000829,40.621619000142],[-74.1651010004339,40.6211810002805],[-74.1681409999666,40.6220779998431]]]},"properties":{"GEOID":"36085030302","County":"Richmond","Pop_Cnt":6702,"Vulner_Pct":70.7679,"Traff_Veh":89.2265772374764,"Asthma":84.1496741643893,"PM25":99.8556998556999}},{"type":"Feature","geometry":{"type":"Polygon","coordinates":[[[-74.1475360000366,40.6293710002742],[-74.1469100000478,40.6311560001076],[-74.1406019995799,40.6296580003304],[-74.1395060001361,40.6305709999645],[-74.1367419998895,40.6286620001905],[-74.1380590001646,40.6270689999952],[-74.1358099995789,40.6250640003038],[-74.1382659998539,40.6242479999061],[-74.1461450001417,40.6249300001121],[-74.1454630000763,40.6278869996778],[-74.1459359999043,40.62782399973],[-74.1461330004461,40.6290750003256],[-74.1475360000366,40.6293710002742]]]},"properties":{"GEOID":"36085024700","County":"Richmond","Pop_Cnt":2994,"Vulner_Pct":77.1919,"Traff_Veh":69.2098092643052,"Asthma":79.7141055286946,"PM25":99.6701710987425}},{"type":"Feature","geometry":{"type":"Polygon","coordinates":[[[-73.974881999708,40.8107999996867],[-73.9669790000291,40.8075960000879],[-73.9620079999279,40.805509000333],[-73.9638609997802,40.8029720001526],[-73.9770209997907,40.8079689998037],[-73.974881999708,40.8107999996867]]]},"properties":{"GEOID":"36061019900","County":"New York","Pop_Cnt":8786,"Vulner_Pct":41.8916,"Traff_Veh":78.1806749109201,"Asthma":87.7023334034055,"PM25":83.8589981447124}},{"type":"Feature","geometry":{"type":"Polygon","coordinates":[[[-73.8408150003565,40.791505000321],[-73.8406780000891,40.7939080001843],[-73.8366329995525,40.792515999935],[-73.8384340004246,40.7967870002678],[-73.8390369999489,40.7970520001277],[-73.8323539995624,40.7963699998912],[-73.8354090000621,40.8021990002687],[-73.8306759996123,40.8031080000093],[-73.822603000054,40.7906719997364],[-73.8225910003584,40.7891079999873],[-73.8243429999284,40.7843200001186],[-73.8244779996476,40.7854760002465],[-73.8252850002848,40.7816970002802],[-73.8386989998401,40.7816770001302],[-73.8382439995554,40.7877859996827],[-73.8400830000624,40.7878490001555],[-73.8399230002288,40.7906500000276],[-73.8390050001619,40.7906170001106],[-73.838956999583,40.7914380002016],[-73.8408150003565,40.791505000321]]]},"properties":{"GEOID":"36081094500","County":"Queens","Pop_Cnt":3654,"Vulner_Pct":41.8498,"Traff_Veh":88.9960176063718,"Asthma":20.8955223880597,"PM25":60.3793032364461}},{"type":"Feature","geometry":{"type":"Polygon","coordinates":[[[-73.8460679995917,40.7880500002929],[-73.8382439995554,40.7877859996827],[-73.8386989998401,40.7816770001302],[-73.84140899966,40.7816910001678],[-73.8411729996584,40.7852450001686],[-73.8457599996201,40.7853990003098],[-73.8460679995917,40.7880500002929]]]},"properties":{"GEOID":"36081094700","County":"Queens","Pop_Cnt":2202,"Vulner_Pct":71.7514,"Traff_Veh":35.6529029553553,"Asthma":52.9114988438091,"PM25":62.1933621933622}},{"type":"Feature","geometry":{"type":"Polygon","coordinates":[[[-73.7737730003723,40.5957750003033],[-73.7706619997961,40.5960020000458],[-73.7711560004388,40.5982979997186],[-73.768066999604,40.5979110000586],[-73.7674640000796,40.5963029997025],[-73.7669610001143,40.5979660000675],[-73.7659970000167,40.5987209999568],[-73.7665419998147,40.5994340003262],[-73.7644460002881,40.6004349999305],[-73.7633609998166,40.5991049999403],[-73.7615880003302,40.5999010002911],[-73.7612879998563,40.5995490000916],[-73.7633349998773,40.5978229999502],[-73.7627780003837,40.5947570000605],[-73.7644019999072,40.5945719997143],[-73.7635139999775,40.5903699998787],[-73.7639430003229,40.5851720002823],[-73.7688099997687,40.584608000146],[-73.7702309998009,40.5939749998179],[-73.7727010003196,40.5931229999853],[-73.7728079995514,40.5940740001728],[-73.7736749995647,40.5938929999779],[-73.7737730003723,40.5957750003033]]]},"properties":{"GEOID":"36081099200","County":"Queens","Pop_Cnt":4339,"Vulner_Pct":87.9054,"Traff_Veh":45.713686858101,"Asthma":91.0868194240067,"PM25":47.5778190063904}},{"type":"Feature","geometry":{"type":"Polygon","coordinates":[[[-73.9473540000904,40.6572800001369],[-73.9423140003922,40.657609000267],[-73.9425500003937,40.6598920000649],[-73.9397340002686,40.6600739997069],[-73.9396150004429,40.6577680002186],[-73.9310830004021,40.6582959997049],[-73.9309029995787,40.6566100001561],[-73.9471590000967,40.6555940001265],[-73.9473540000904,40.6572800001369]]]},"properties":{"GEOID":"36047080800","County":"Kings","Pop_Cnt":1326,"Vulner_Pct":92.7181,"Traff_Veh":30.2033116747013,"Asthma":0,"PM25":88.4147598433313}},{"type":"Feature","geometry":{"type":"Polygon","coordinates":[[[-73.9610510004012,40.6983260002872],[-73.9533699995818,40.6994050002228],[-73.9524890002231,40.6950039999377],[-73.9601580004486,40.6941170002695],[-73.9610510004012,40.6983260002872]]]},"properties":{"GEOID":"36047123700","County":"Kings","Pop_Cnt":6966,"Vulner_Pct":71.9188,"Traff_Veh":83.3368266610773,"Asthma":91.8015556022703,"PM25":92.9086786229643}},{"type":"Feature","geometry":{"type":"Polygon","coordinates":[[[-73.9077939996931,40.7605180000076],[-73.9035120002283,40.7658499997842],[-73.9015530000708,40.7596260003069],[-73.8985519999978,40.7599260001172],[-73.8997389996782,40.7574179998967],[-73.8986099997241,40.7542840002514],[-73.904917000367,40.7535049998345],[-73.9055750001429,40.7571779998116],[-73.9048470000468,40.7572549997972],[-73.9045609998165,40.75948500001],[-73.9077939996931,40.7605180000076]]]},"properties":{"GEOID":"36081029700","County":"Queens","Pop_Cnt":2038,"Vulner_Pct":47.6041,"Traff_Veh":91.406413749738,"Asthma":52.0916544040362,"PM25":78.4786641929499}},{"type":"Feature","geometry":{"type":"Polygon","coordinates":[[[-73.7920929997315,40.6804759998486],[-73.7861299999435,40.6829890001831],[-73.7874160002565,40.6847619999149],[-73.7865290001517,40.6851109999489],[-73.7846760002994,40.6837199998294],[-73.7830159998926,40.6842769998234],[-73.7794780004175,40.6783650000555],[-73.7839740001425,40.6751179999619],[-73.7857669997204,40.6723960001858],[-73.7895360000725,40.6746530001988],[-73.7920929997315,40.6804759998486]]]},"properties":{"GEOID":"36081028800","County":"Queens","Pop_Cnt":4616,"Vulner_Pct":74.4089,"Traff_Veh":42.8421714525257,"Asthma":85.4109733025016,"PM25":53.9270253555968}},{"type":"Feature","geometry":{"type":"Polygon","coordinates":[[[-73.8997389996782,40.7574179998967],[-73.8973450002258,40.7619769999818],[-73.893240000313,40.7623540002708],[-73.8928989998312,40.7605329999651],[-73.8938289995937,40.7604349997281],[-73.8928029995717,40.7547780003009],[-73.8987379997706,40.7541540003088],[-73.8997389996782,40.7574179998967]]]},"properties":{"GEOID":"36081030902","County":"Queens","Pop_Cnt":6590,"Vulner_Pct":76.5223,"Traff_Veh":97.254244393209,"Asthma":57.326045827202,"PM25":76.8295196866625}},{"type":"Feature","geometry":{"type":"Polygon","coordinates":[[[-73.9005449995922,40.7673130002233],[-73.8928899996103,40.7738079998663],[-73.8965650002511,40.7762470002097],[-73.8942319999998,40.7781539997592],[-73.8914159998747,40.7763389996636],[-73.890086999904,40.7777839997404],[-73.8894709999609,40.7755359999477],[-73.8901920003843,40.7736469998769],[-73.8890769997756,40.7735739999432],[-73.8887260001463,40.7689159999701],[-73.8877310000865,40.7669150002092],[-73.8908979998408,40.7658570001103],[-73.8910900003598,40.7663370000163],[-73.8943240000613,40.7661460002011],[-73.9005449995922,40.7673130002233]]]},"properties":{"GEOID":"36081031700","County":"Queens","Pop_Cnt":5568,"Vulner_Pct":50.8056,"Traff_Veh":94.131209390065,"Asthma":51.1877233550557,"PM25":76.0049474335189}},{"type":"Feature","geometry":{"type":"Polygon","coordinates":[[[-73.8875519999863,40.7663499997486],[-73.8790729996489,40.7678359999699],[-73.8789830001355,40.7638849996849],[-73.8782860000015,40.7635149998076],[-73.8779730000071,40.761794999687],[-73.8863970000929,40.7612160003394],[-73.8875519999863,40.7663499997486]]]},"properties":{"GEOID":"36081032900","County":"Queens","Pop_Cnt":3244,"Vulner_Pct":68.9056,"Traff_Veh":82.1421085726263,"Asthma":57.326045827202,"PM25":73.6136878994022}},{"type":"Feature","geometry":{"type":"Polygon","coordinates":[[[-73.868720000441,40.8295579997879],[-73.8677620001911,40.829686999815],[-73.8681499996303,40.8313599997322],[-73.8636570002783,40.8326520001855],[-73.862642000127,40.8281699997639],[-73.8682230003236,40.8274260001767],[-73.868720000441,40.8295579997879]]]},"properties":{"GEOID":"36005007000","County":"Bronx","Pop_Cnt":4378,"Vulner_Pct":86.7964,"Traff_Veh":86.2502619995808,"Asthma":92.8736598696658,"PM25":64.2547928262214}},{"type":"Feature","geometry":{"type":"Polygon","coordinates":[[[-73.927313000225,40.8185599997363],[-73.9256450003206,40.8211309998614],[-73.924644000413,40.8210210000534],[-73.9211520000703,40.826398000216],[-73.9184589999688,40.825573999771],[-73.9206649999986,40.82183700012],[-73.9251850000131,40.8180130001033],[-73.927313000225,40.8185599997363]]]},"properties":{"GEOID":"36005006100","County":"Bronx","Pop_Cnt":3720,"Vulner_Pct":79.7238,"Traff_Veh":71.7250052399916,"Asthma":97.2671852007568,"PM25":73.4075448361163}},{"type":"Feature","geometry":{"type":"Polygon","coordinates":[[[-73.8739430004373,40.8359799999563],[-73.8711020001979,40.8357550002689],[-73.8700069996806,40.8308199999042],[-73.8731929997016,40.8299050000123],[-73.8739430004373,40.8359799999563]]]},"properties":{"GEOID":"36005006400","County":"Bronx","Pop_Cnt":3932,"Vulner_Pct":95.1036,"Traff_Veh":98.4070425487319,"Asthma":91.2339709901198,"PM25":65.3267367553082}},{"type":"Feature","geometry":{"type":"Polygon","coordinates":[[[-73.9221179998178,40.8187960002793],[-73.9203400003086,40.8220950000517],[-73.9174170000533,40.821276999782],[-73.9177130003293,40.8206470002935],[-73.9135199996547,40.8195420001783],[-73.9159909999983,40.8172109999287],[-73.9221179998178,40.8187960002793]]]},"properties":{"GEOID":"36005006700","County":"Bronx","Pop_Cnt":6705,"Vulner_Pct":98.619,"Traff_Veh":65.0387759379585,"Asthma":99.7477401723775,"PM25":72.4386724386724}},{"type":"Feature","geometry":{"type":"Polygon","coordinates":[[[-73.8731929997016,40.8299050000123],[-73.8681499996303,40.8313599997322],[-73.8677620001911,40.829686999815],[-73.868720000441,40.8295579997879],[-73.8682230003236,40.8274260001767],[-73.8727230002466,40.8268189998275],[-73.8731929997016,40.8299050000123]]]},"properties":{"GEOID":"36005006800","County":"Bronx","Pop_Cnt":3230,"Vulner_Pct":91.9021,"Traff_Veh":91.6998532802347,"Asthma":92.8736598696658,"PM25":64.8526077097506}},{"type":"Feature","geometry":{"type":"Polygon","coordinates":[[[-73.9176249995675,40.8160550003254],[-73.9140310000158,40.818956000239],[-73.9117449996202,40.8221069997712],[-73.90985099976,40.8225530000405],[-73.9084180000322,40.8221810000325],[-73.9089260000203,40.8209629997598],[-73.9099090003846,40.8212410001667],[-73.9129539999402,40.8142690000589],[-73.9176249995675,40.8160550003254]]]},"properties":{"GEOID":"36005007100","County":"Bronx","Pop_Cnt":2795,"Vulner_Pct":91.6928,"Traff_Veh":69.0630894990568,"Asthma":99.7477401723775,"PM25":71.3254998969285}},{"type":"Feature","geometry":{"type":"Polygon","coordinates":[[[-73.9129539999402,40.8142690000589],[-73.911942000162,40.8160469997827],[-73.9082249996884,40.8162029999923],[-73.9062379999418,40.8156610003285],[-73.9072449996971,40.8128549999888],[-73.9129539999402,40.8142690000589]]]},"properties":{"GEOID":"36005007300","County":"Bronx","Pop_Cnt":4297,"Vulner_Pct":98.3679,"Traff_Veh":52.8610354223433,"Asthma":99.7477401723775,"PM25":70.6039991754277}},{"type":"Feature","geometry":{"type":"Polygon","coordinates":[[[-73.911942000162,40.8160469997827],[-73.9099090003846,40.8212410001667],[-73.9089260000203,40.8209629997598],[-73.9084180000322,40.8221810000325],[-73.9056589998085,40.8215570002022],[-73.906997,40.8183400002484],[-73.9053130002021,40.8179250000779],[-73.9091319998847,40.8159409999802],[-73.911942000162,40.8160469997827]]]},"properties":{"GEOID":"36005007500","County":"Bronx","Pop_Cnt":6692,"Vulner_Pct":98.3469,"Traff_Veh":54.4749528400755,"Asthma":99.7477401723775,"PM25":69.8206555349412}},{"type":"Feature","geometry":{"type":"Polygon","coordinates":[[[-73.9069169996341,40.8185330002803],[-73.9056589998085,40.8215570002022],[-73.9012919999549,40.8204750003212],[-73.9016019995763,40.8196950002882],[-73.9053130002021,40.8179250000779],[-73.9069169996341,40.8185330002803]]]},"properties":{"GEOID":"36005007700","County":"Bronx","Pop_Cnt":2022,"Vulner_Pct":98.2632,"Traff_Veh":51.7291972332844,"Asthma":99.7477401723775,"PM25":69.0166975881262}},{"type":"Feature","geometry":{"type":"Polygon","coordinates":[[[-73.8573809995976,40.8321350000696],[-73.8487489999976,40.8296510000065],[-73.8450449999428,40.8287999998437],[-73.8469990000774,40.828000000044],[-73.8561510002594,40.8267699996824],[-73.8573809995976,40.8321350000696]]]},"properties":{"GEOID":"36005007800","County":"Bronx","Pop_Cnt":7415,"Vulner_Pct":89.2446,"Traff_Veh":98.9100817438692,"Asthma":88.438091233971,"PM25":62.5025767882911}},{"type":"Feature","geometry":{"type":"Polygon","coordinates":[[[-73.9082249996884,40.8162029999923],[-73.9053130002021,40.8179250000779],[-73.9016019995763,40.8196950002882],[-73.9044660002803,40.8122819997114],[-73.9072449996971,40.8128549999888],[-73.9062379999418,40.8156610003285],[-73.9082249996884,40.8162029999923]]]},"properties":{"GEOID":"36005007900","County":"Bronx","Pop_Cnt":7188,"Vulner_Pct":99.0793,"Traff_Veh":60.1131838189059,"Asthma":99.7477401723775,"PM25":68.9548546691404}},{"type":"Feature","geometry":{"type":"Polygon","coordinates":[[[-73.8516289996968,40.8163540001987],[-73.8454960000295,40.8171809997714],[-73.8438809998285,40.8173909999082],[-73.846096999904,40.8130789997605],[-73.8466319996563,40.8130129997728],[-73.847054000329,40.8148260001535],[-73.8511449999981,40.8143959997256],[-73.8516289996968,40.8163540001987]]]},"properties":{"GEOID":"36005008400","County":"Bronx","Pop_Cnt":2899,"Vulner_Pct":72.6093,"Traff_Veh":15.237895619367,"Asthma":93.9037208324574,"PM25":61.9253762110905}},{"type":"Feature","geometry":{"type":"Polygon","coordinates":[[[-73.9292599997886,40.8360939998417],[-73.9276189996484,40.837721000218],[-73.9281390002304,40.8387710000514],[-73.9222159997271,40.8379859997191],[-73.922372000261,40.8361089997226],[-73.9243940001677,40.8344840001428],[-73.9292599997886,40.8360939998417]]]},"properties":{"GEOID":"36005019900","County":"Bronx","Pop_Cnt":8338,"Vulner_Pct":90.1025,"Traff_Veh":87.5288199538881,"Asthma":94.0508723985705,"PM25":73.5930735930736}},{"type":"Feature","geometry":{"type":"Polygon","coordinates":[[[-73.922372000261,40.8361089997226],[-73.9201250002234,40.8375879998588],[-73.9204790002257,40.8371399999408],[-73.9164670001993,40.8357779997495],[-73.9190289998812,40.8330899996994],[-73.9231799998248,40.8345169999981],[-73.922372000261,40.8361089997226]]]},"properties":{"GEOID":"36005019700","County":"Bronx","Pop_Cnt":7561,"Vulner_Pct":97.0077,"Traff_Veh":72.64724376441,"Asthma":95.5013664073996,"PM25":72.5829725829726}},{"type":"Feature","geometry":{"type":"Polygon","coordinates":[[[-73.9034750004184,40.6755070002218],[-73.8999899997484,40.6769000002894],[-73.8993069998581,40.6739820001471],[-73.893669999585,40.6748219998549],[-73.8927110004085,40.6710460000752],[-73.9019820004162,40.6696700001172],[-73.9034750004184,40.6755070002218]]]},"properties":{"GEOID":"36047114400","County":"Kings","Pop_Cnt":2545,"Vulner_Pct":87.7589,"Traff_Veh":81.1569901488158,"Asthma":95.1860416228716,"PM25":77.4685631828489}},{"type":"Feature","geometry":{"type":"Polygon","coordinates":[[[-73.9303679998264,40.8406500001832],[-73.9281590003219,40.8454919997179],[-73.9230569998011,40.8445709999487],[-73.9261909999436,40.8385120000248],[-73.9281390002304,40.8387710000514],[-73.9286589999141,40.8398020003247],[-73.9303679998264,40.8406500001832]]]},"properties":{"GEOID":"36005020100","County":"Bronx","Pop_Cnt":3993,"Vulner_Pct":91.1906,"Traff_Veh":98.8891217774052,"Asthma":94.0508723985705,"PM25":73.9022881880025}},{"type":"Feature","geometry":{"type":"Polygon","coordinates":[[[-73.9213570001097,40.8401889996649],[-73.9226850002555,40.8445679996762],[-73.9174019999847,40.8450359997718],[-73.9179550001787,40.8431019999941],[-73.9197829999166,40.8408759999397],[-73.9213570001097,40.8401889996649]]]},"properties":{"GEOID":"36005021302","County":"Bronx","Pop_Cnt":5513,"Vulner_Pct":93.5761,"Traff_Veh":94.6761685181304,"Asthma":94.0508723985705,"PM25":72.8715728715729}},{"type":"Feature","geometry":{"type":"Polygon","coordinates":[[[-73.8610119998575,40.8345970000939],[-73.859965999744,40.8377790001275],[-73.8588660001022,40.8377260002825],[-73.855645999746,40.8357200001281],[-73.8610119998575,40.8345970000939]]]},"properties":{"GEOID":"36005021200","County":"Bronx","Pop_Cnt":4850,"Vulner_Pct":75.2249,"Traff_Veh":88.4510584783064,"Asthma":85.5581248686147,"PM25":63.5126777983921}},{"type":"Feature","geometry":{"type":"Polygon","coordinates":[[[-73.9226330003769,40.8447269996612],[-73.9210440001152,40.846519999913],[-73.9171939995723,40.8460759997041],[-73.9174019999847,40.8450359997718],[-73.9226330003769,40.8447269996612]]]},"properties":{"GEOID":"36005021301","County":"Bronx","Pop_Cnt":1267,"Vulner_Pct":91.7974,"Traff_Veh":99.4340809054706,"Asthma":94.9337817952491,"PM25":72.6035868893012}},{"type":"Feature","geometry":{"type":"Polygon","coordinates":[[[-73.8769369999393,40.8361369999443],[-73.8736730001006,40.8375420001069],[-73.8726999997821,40.8397519998694],[-73.8694259998976,40.8395170002142],[-73.8672480003552,40.8403439997959],[-73.8663849996416,40.8375870001157],[-73.8654719995975,40.8376760003001],[-73.8650740001126,40.8353419998765],[-73.8668059995911,40.8348369998021],[-73.8699940001601,40.8356499997911],[-73.8769369999393,40.8361369999443]]]},"properties":{"GEOID":"36005021800","County":"Bronx","Pop_Cnt":6520,"Vulner_Pct":89.3283,"Traff_Veh":96.8979249633201,"Asthma":91.2339709901198,"PM25":65.2236652236652}},{"type":"Feature","geometry":{"type":"Polygon","coordinates":[[[-73.9213450004141,40.8471799997766],[-73.9189479996904,40.8501819996756],[-73.9161140000219,40.8517930001693],[-73.915452000048,40.8504940001762],[-73.9205419999749,40.8468939998499],[-73.9213450004141,40.8471799997766]]]},"properties":{"GEOID":"36005021501","County":"Bronx","Pop_Cnt":4565,"Vulner_Pct":90.1235,"Traff_Veh":94.8648082163069,"Asthma":94.9337817952491,"PM25":72.5417439703154}},{"type":"Feature","geometry":{"type":"Polygon","coordinates":[[[-73.9210440001152,40.846519999913],[-73.915452000048,40.8504940001762],[-73.9128750002975,40.8501249999808],[-73.9152670001001,40.8468119997573],[-73.9191839996919,40.8460980000661],[-73.9210440001152,40.846519999913]]]},"properties":{"GEOID":"36005021502","County":"Bronx","Pop_Cnt":6532,"Vulner_Pct":92.2369,"Traff_Veh":95.3678474114441,"Asthma":94.9337817952491,"PM25":71.9439290867862}},{"type":"Feature","geometry":{"type":"Polygon","coordinates":[[[-73.8644649998421,40.841087999865],[-73.8635800002854,40.8412779998758],[-73.859965999744,40.8377790001275],[-73.8609390000625,40.8364740000829],[-73.8608510001989,40.8336139998258],[-73.8627209997697,40.8330209997957],[-73.8644649998421,40.841087999865]]]},"properties":{"GEOID":"36005021602","County":"Bronx","Pop_Cnt":5632,"Vulner_Pct":81.7326,"Traff_Veh":87.3401802557116,"Asthma":85.5581248686147,"PM25":63.9661925376211}},{"type":"Feature","geometry":{"type":"Polygon","coordinates":[[[-73.922372000261,40.8361089997226],[-73.9213570001097,40.8401889996649],[-73.9197829999166,40.8408759999397],[-73.9179550001787,40.8431019999941],[-73.9179490003309,40.8422290002676],[-73.9161840003421,40.8423350001899],[-73.9190170001857,40.8383810000354],[-73.922372000261,40.8361089997226]]]},"properties":{"GEOID":"36005021900","County":"Bronx","Pop_Cnt":882,"Vulner_Pct":98.2423,"Traff_Veh":87.7593795849927,"Asthma":94.0508723985705,"PM25":72.8509585652443}},{"type":"Feature","geometry":{"type":"Polygon","coordinates":[[[-73.8783639998193,40.8399969998374],[-73.8768559997485,40.8422299999407],[-73.8745910001675,40.8415210002726],[-73.8716500003689,40.8442400000963],[-73.8692090001626,40.8492389998629],[-73.8678550000775,40.8488890001904],[-73.8683549996697,40.8470799997667],[-73.8689270001303,40.8468819998593],[-73.8680190001091,40.8448410001336],[-73.8709950000678,40.8431119999906],[-73.8735609999476,40.8397939999282],[-73.8783639998193,40.8399969998374]]]},"properties":{"GEOID":"36005022000","County":"Bronx","Pop_Cnt":2007,"Vulner_Pct":98.054,"Traff_Veh":97.5476839237057,"Asthma":99.0750472987177,"PM25":65.6359513502371}},{"type":"Feature","geometry":{"type":"Polygon","coordinates":[[[-73.9137160003716,40.8388100001987],[-73.9119270000933,40.843267000082],[-73.9095469999863,40.8430450003255],[-73.9089100001268,40.8383760000203],[-73.9094580002979,40.8370570002623],[-73.9137160003716,40.8388100001987]]]},"properties":{"GEOID":"36005022500","County":"Bronx","Pop_Cnt":8499,"Vulner_Pct":94.5595,"Traff_Veh":87.6964996856005,"Asthma":97.2671852007568,"PM25":71.2636569779427}},{"type":"Feature","geometry":{"type":"Polygon","coordinates":[[[-73.9616110002679,40.7249510001307],[-73.9612150004327,40.7281510001711],[-73.9536580003602,40.7288230000658],[-73.9532730003957,40.7281330003054],[-73.9524120002302,40.7284180002154],[-73.9508749998471,40.7257210001465],[-73.9552719998379,40.724276999765],[-73.9562729997455,40.7233899998331],[-73.9577170002423,40.7242980002572],[-73.9616110002679,40.7249510001307]]]},"properties":{"GEOID":"36047056100","County":"Kings","Pop_Cnt":3538,"Vulner_Pct":30.4666,"Traff_Veh":51.4986376021798,"Asthma":36.4935883960479,"PM25":90.7647907647908}},{"type":"Feature","geometry":{"type":"Polygon","coordinates":[[[-73.9176830001921,40.8402249998679],[-73.9161840003421,40.8423350001899],[-73.9126979998472,40.8409299996773],[-73.9137549998313,40.8387430002627],[-73.9176830001921,40.8402249998679]]]},"properties":{"GEOID":"36005022300","County":"Bronx","Pop_Cnt":5278,"Vulner_Pct":96.3172,"Traff_Veh":83.1272269964368,"Asthma":95.5013664073996,"PM25":71.8202432488147}},{"type":"Feature","geometry":{"type":"Polygon","coordinates":[[[-73.8699289998628,40.8558600002766],[-73.8683830001572,40.8578120001177],[-73.8675880001139,40.8578300001911],[-73.8678009996509,40.851589000166],[-73.868609000113,40.8520879998127],[-73.8699289998628,40.8558600002766]]]},"properties":{"GEOID":"36005022401","County":"Bronx","Pop_Cnt":2498,"Vulner_Pct":89.7259,"Traff_Veh":97.0865646614965,"Asthma":79.1675425688459,"PM25":66.1306947021233}},{"type":"Feature","geometry":{"type":"Polygon","coordinates":[[[-73.91633400013,40.8450539999186],[-73.9134850003929,40.8452660000712],[-73.9111429999207,40.8450629999901],[-73.9119270000933,40.843267000082],[-73.91633400013,40.8450539999186]]]},"properties":{"GEOID":"36005022702","County":"Bronx","Pop_Cnt":1607,"Vulner_Pct":93.7435,"Traff_Veh":99.601760637183,"Asthma":96.5944923270969,"PM25":71.5316429602144}},{"type":"Feature","geometry":{"type":"Polygon","coordinates":[[[-73.9140390004117,40.6708969997958],[-73.9113360002646,40.6720769999555],[-73.9089200001725,40.662554000294],[-73.9117270000768,40.6621350001289],[-73.9140390004117,40.6708969997958]]]},"properties":{"GEOID":"36047092400","County":"Kings","Pop_Cnt":2653,"Vulner_Pct":90.5001,"Traff_Veh":48.6690421295326,"Asthma":98.3603111204541,"PM25":81.2409812409812}},{"type":"Feature","geometry":{"type":"Polygon","coordinates":[[[-73.8909050004118,40.8267880000313],[-73.8908729997265,40.8301360003341],[-73.8899120000018,40.8301240000282],[-73.8876130000857,40.8293370002068],[-73.8860919995961,40.8276950002937],[-73.887895000118,40.8267430001697],[-73.8909050004118,40.8267880000313]]]},"properties":{"GEOID":"36005012101","County":"Bronx","Pop_Cnt":3070,"Vulner_Pct":94.6851,"Traff_Veh":82.9805072311884,"Asthma":96.9728820685306,"PM25":66.9346526489384}},{"type":"Feature","geometry":{"type":"Polygon","coordinates":[[[-73.8946730000408,40.8439149998749],[-73.8929010003793,40.8462689998819],[-73.8890170003994,40.8443699997386],[-73.8905539998843,40.8426780001168],[-73.8946730000408,40.8439149998749]]]},"properties":{"GEOID":"36005036901","County":"Bronx","Pop_Cnt":2101,"Vulner_Pct":98.1586,"Traff_Veh":97.9459232865227,"Asthma":99.0750472987177,"PM25":68.2951968666254}},{"type":"Feature","geometry":{"type":"Polygon","coordinates":[[[-73.8636570002783,40.8326520001855],[-73.8608510001989,40.8336139998258],[-73.8559770001822,40.8318310001374],[-73.8573809995976,40.8321350000696],[-73.8569899997853,40.8303849999032],[-73.8602610001951,40.8299470001924],[-73.8596200001376,40.8285480001222],[-73.862642000127,40.8281699997639],[-73.8636570002783,40.8326520001855]]]},"properties":{"GEOID":"36005007200","County":"Bronx","Pop_Cnt":6255,"Vulner_Pct":94.4968,"Traff_Veh":93.2089708656466,"Asthma":92.8736598696658,"PM25":63.6775922490208}},{"type":"Feature","geometry":{"type":"Polygon","coordinates":[[[-73.8670800001258,40.814440999806],[-73.859717000222,40.8152690001906],[-73.8561329998177,40.8114150002027],[-73.8544170002328,40.805780000027],[-73.8564979996907,40.8056819998941],[-73.8565300003761,40.8047940002797],[-73.8552559997587,40.8046080000409],[-73.8546320003179,40.7997239998163],[-73.8629650001672,40.7976699998789],[-73.8664840002741,40.8059010003385],[-73.8611650000183,40.8111270000306],[-73.8670800001258,40.814440999806]]]},"properties":{"GEOID":"36005000200","County":"Bronx","Pop_Cnt":4532,"Vulner_Pct":88.9517,"Traff_Veh":1.86543701530078,"Asthma":93.9037208324574,"PM25":63.9455782312925}},{"type":"Feature","geometry":{"type":"Polygon","coordinates":[[[-73.8838870002896,40.829808999889],[-73.8823540001044,40.8315049997299],[-73.8806989997205,40.8310450000271],[-73.876066999553,40.8316380000585],[-73.8755069996863,40.829234000178],[-73.883832000038,40.8282710003187],[-73.8838870002896,40.829808999889]]]},"properties":{"GEOID":"36005005400","County":"Bronx","Pop_Cnt":5324,"Vulner_Pct":99.1839,"Traff_Veh":79.0190735694823,"Asthma":91.2339709901198,"PM25":65.9863945578231}},{"type":"Feature","geometry":{"type":"Polygon","coordinates":[[[-73.9630199997062,40.6515320003114],[-73.9593290000701,40.6529279996654],[-73.9587070002792,40.650387000276],[-73.9621860002031,40.6497890002873],[-73.9630199997062,40.6515320003114]]]},"properties":{"GEOID":"36047050801","County":"Kings","Pop_Cnt":4075,"Vulner_Pct":81.8372,"Traff_Veh":86.4179417312932,"Asthma":74.8370821946605,"PM25":90.9503195217481}},{"type":"Feature","geometry":{"type":"Polygon","coordinates":[[[-73.9188189998189,40.8049050000314],[-73.9174789999776,40.8068229996643],[-73.914494999623,40.8055609998633],[-73.9149969997633,40.8048719997203],[-73.9134779998219,40.8042629998737],[-73.915448999675,40.8035410002419],[-73.9188189998189,40.8049050000314]]]},"properties":{"GEOID":"36005002701","County":"Bronx","Pop_Cnt":2608,"Vulner_Pct":99.4141,"Traff_Veh":99.8532802347516,"Asthma":100,"PM25":74.129045557617}},{"type":"Feature","geometry":{"type":"Polygon","coordinates":[[[-73.879251999749,40.8344239998078],[-73.8769369999393,40.8361369999443],[-73.8739430004373,40.8359799999563],[-73.8731929997016,40.8299050000123],[-73.8755069996863,40.829234000178],[-73.8765939998077,40.8338820001887],[-73.879251999749,40.8344239998078]]]},"properties":{"GEOID":"36005006200","County":"Bronx","Pop_Cnt":7233,"Vulner_Pct":95.7522,"Traff_Veh":97.7782435548103,"Asthma":91.2339709901198,"PM25":65.4298082869511}},{"type":"Feature","geometry":{"type":"Polygon","coordinates":[[[-73.9092149997253,40.8518009997969],[-73.9055700001201,40.8557869997028],[-73.9029880003467,40.8547730001583],[-73.9069929998021,40.8503709998864],[-73.9092149997253,40.8518009997969]]]},"properties":{"GEOID":"36005024100","County":"Bronx","Pop_Cnt":6621,"Vulner_Pct":91.1697,"Traff_Veh":72.9406832949067,"Asthma":96.5944923270969,"PM25":70.6246134817563}},{"type":"Feature","geometry":{"type":"Polygon","coordinates":[[[-73.9080120001513,40.8824000003225],[-73.9047209996501,40.8852420002245],[-73.901587000406,40.8834820000112],[-73.9039370003758,40.8801340002449],[-73.9080120001513,40.8824000003225]]]},"properties":{"GEOID":"36005028700","County":"Bronx","Pop_Cnt":3153,"Vulner_Pct":70.9981,"Traff_Veh":91.029134353385,"Asthma":61.067899936935,"PM25":70.2123273551845}},{"type":"Feature","geometry":{"type":"Polygon","coordinates":[[[-73.9616720003672,40.6471149998662],[-73.9581409996665,40.6475039998879],[-73.9580219998408,40.6450700002758],[-73.9612139997095,40.6447229997461],[-73.9616720003672,40.6471149998662]]]},"properties":{"GEOID":"36047051001","County":"Kings","Pop_Cnt":4092,"Vulner_Pct":77.2756,"Traff_Veh":75.4558792705932,"Asthma":74.8370821946605,"PM25":89.3836322407751}},{"type":"Feature","geometry":{"type":"Polygon","coordinates":[[[-73.9048300003283,40.8448870002567],[-73.904621000091,40.8473919999235],[-73.9019549997537,40.8480589997507],[-73.8996709999062,40.8474380003145],[-73.9013039996505,40.8444769999534],[-73.9048300003283,40.8448870002567]]]},"properties":{"GEOID":"36005023100","County":"Bronx","Pop_Cnt":1537,"Vulner_Pct":97.3425,"Traff_Veh":97.8201634877384,"Asthma":96.5944923270969,"PM25":69.9237270665842}},{"type":"Feature","geometry":{"type":"Polygon","coordinates":[[[-73.9597269995551,40.6433320002136],[-73.9579189999086,40.6441430001993],[-73.957462999799,40.642371999989],[-73.9556380004341,40.6405040001913],[-73.958965999847,40.6393049997413],[-73.9597269995551,40.6433320002136]]]},"properties":{"GEOID":"36047051602","County":"Kings","Pop_Cnt":3895,"Vulner_Pct":79.954,"Traff_Veh":76.2523579962272,"Asthma":74.8370821946605,"PM25":88.476602762317}},{"type":"Feature","geometry":{"type":"Polygon","coordinates":[[[-73.8597520003821,40.8768609997563],[-73.8585999999634,40.8789540003133],[-73.8537379996421,40.8774620000175],[-73.8524830001896,40.879463000231],[-73.8509190000423,40.877893000135],[-73.8525479995886,40.8770920001112],[-73.8506889998885,40.8754869999634],[-73.8512010000746,40.8751539999871],[-73.8567820002712,40.8769260002082],[-73.8597520003821,40.8768609997563]]]},"properties":{"GEOID":"36005038200","County":"Bronx","Pop_Cnt":3100,"Vulner_Pct":88.9935,"Traff_Veh":41.7103332634668,"Asthma":86.5461425268026,"PM25":64.9350649350649}},{"type":"Feature","geometry":{"type":"Polygon","coordinates":[[[-73.8628029997855,40.883574000217],[-73.8608620000696,40.8870970002633],[-73.855104000321,40.8852709997608],[-73.8570559999076,40.8817449996824],[-73.8628029997855,40.883574000217]]]},"properties":{"GEOID":"36005039600","County":"Bronx","Pop_Cnt":5022,"Vulner_Pct":85.227,"Traff_Veh":23.1398029763152,"Asthma":86.5461425268026,"PM25":64.728921871779}},{"type":"Feature","geometry":{"type":"Polygon","coordinates":[[[-73.8624639998518,40.8192469997968],[-73.8615309997162,40.8193790002196],[-73.8620289996586,40.8215090002335],[-73.8582640004027,40.8220129998713],[-73.8584450001527,40.8227739997973],[-73.8553119998352,40.8231920001015],[-73.8536199996414,40.8160879998341],[-73.8614820002107,40.8150289996844],[-73.8624639998518,40.8192469997968]]]},"properties":{"GEOID":"36005001600","County":"Bronx","Pop_Cnt":5825,"Vulner_Pct":88.5122,"Traff_Veh":27.7719555648711,"Asthma":93.9037208324574,"PM25":63.6363636363636}},{"type":"Feature","geometry":{"type":"Polygon","coordinates":[[[-73.8862289998634,40.8707780003337],[-73.8829569996287,40.8730519998492],[-73.8814689996494,40.8685729998051],[-73.8836250003488,40.8672579997746],[-73.8862289998634,40.8707780003337]]]},"properties":{"GEOID":"36005041500","County":"Bronx","Pop_Cnt":6367,"Vulner_Pct":89.0144,"Traff_Veh":82.1211486061622,"Asthma":89.8044986335926,"PM25":68.5219542362399}},{"type":"Feature","geometry":{"type":"Polygon","coordinates":[[[-73.8775140004228,40.8741390002267],[-73.8764909998755,40.8754990002067],[-73.8746999999475,40.8750020000286],[-73.8736920003672,40.8763520002077],[-73.8729199998901,40.8760269999259],[-73.8715959999423,40.8786459999476],[-73.8709440000141,40.8785109999376],[-73.8743669998615,40.8727009997493],[-73.8775140004228,40.8741390002267]]]},"properties":{"GEOID":"36005042901","County":"Bronx","Pop_Cnt":3561,"Vulner_Pct":92.9065,"Traff_Veh":87.6545797526724,"Asthma":88.7744376708009,"PM25":67.5736961451247}},{"type":"Feature","geometry":{"type":"Polygon","coordinates":[[[-73.8998690002729,40.7924490001557],[-73.892503999821,40.8012059996794],[-73.8671179997606,40.7937419999665],[-73.8702069996971,40.7909089999401],[-73.8708090002949,40.7878969999899],[-73.872808999562,40.7859030001301],[-73.8783069999179,40.785356999812],[-73.8883069998466,40.787005999663],[-73.8894049998386,40.7877910001111],[-73.8905699997778,40.7901079997669],[-73.8998690002729,40.7924490001557]]]},"properties":{"GEOID":"36005000100","County":"Bronx","Pop_Cnt":6864,"Vulner_Pct":0,"Traff_Veh":2.70383567386292,"Asthma":0,"PM25":70.9544423830138}},{"type":"Feature","geometry":{"type":"Polygon","coordinates":[[[-73.859596999673,40.815282999944],[-73.8516289996968,40.8163540001987],[-73.8511449999981,40.8143959997256],[-73.847054000329,40.8148260001535],[-73.8466319996563,40.8130129997728],[-73.846096999904,40.8130789997605],[-73.8463870003322,40.8116250002341],[-73.8431340003641,40.81160299999],[-73.8466540002959,40.8010240000827],[-73.8546320003179,40.7997239998163],[-73.8552559997587,40.8046080000409],[-73.8565300003761,40.8047940002797],[-73.8564979996907,40.8056819998941],[-73.8544170002328,40.805780000027],[-73.8556180001569,40.8106079997444],[-73.859596999673,40.815282999944]]]},"properties":{"GEOID":"36005000400","County":"Bronx","Pop_Cnt":5516,"Vulner_Pct":72.3582,"Traff_Veh":11.0249423600922,"Asthma":93.9037208324574,"PM25":63.0179344465059}},{"type":"Feature","geometry":{"type":"Polygon","coordinates":[[[-73.9025790000928,40.8173700002643],[-73.9016679996985,40.8195340000562],[-73.8954279999011,40.8158450000385],[-73.8984480002407,40.8131769998476],[-73.8993410001933,40.8134889997996],[-73.9007210002176,40.8167639997144],[-73.9025790000928,40.8173700002643]]]},"properties":{"GEOID":"36005008500","County":"Bronx","Pop_Cnt":5631,"Vulner_Pct":97.8657,"Traff_Veh":90.5260951582477,"Asthma":97.3722934622661,"PM25":67.9859822716966}},{"type":"Feature","geometry":{"type":"Polygon","coordinates":[[[-73.9045059995649,40.8306249999051],[-73.9012119995889,40.8354980002416],[-73.8984530002636,40.8347210002215],[-73.900742000134,40.8312690002279],[-73.9002519996892,40.8311949999115],[-73.9022750003192,40.829636999887],[-73.9045059995649,40.8306249999051]]]},"properties":{"GEOID":"36005014900","County":"Bronx","Pop_Cnt":4419,"Vulner_Pct":99.0375,"Traff_Veh":50.7440788094739,"Asthma":96.9728820685306,"PM25":68.7487116058545}},{"type":"Feature","geometry":{"type":"Polygon","coordinates":[[[-73.8282980000534,40.8148110002171],[-73.8205669999036,40.8175920003391],[-73.8215899995525,40.8192809997763],[-73.8180849996893,40.8204820003288],[-73.8172339995695,40.819045000279],[-73.8159720004443,40.8194920000793],[-73.8154500002125,40.8177029997579],[-73.8163709997542,40.8175949997929],[-73.8156200000918,40.8160830001774],[-73.8140750002111,40.8164019998186],[-73.8136219995762,40.8147620000387],[-73.8148879997977,40.8145769999545],[-73.8143530000454,40.8134220001123],[-73.8131250003571,40.8132920002927],[-73.8112990002689,40.8053970000032],[-73.8174179996925,40.8057900002129],[-73.8234380002802,40.8048099999981],[-73.8282980000534,40.8148110002171]]]},"properties":{"GEOID":"36005013200","County":"Bronx","Pop_Cnt":7272,"Vulner_Pct":44.3189,"Traff_Veh":43.9530496751205,"Asthma":78.9783476981291,"PM25":58.5858585858586}},{"type":"Feature","geometry":{"type":"Polygon","coordinates":[[[-73.9049089999711,40.8272769998216],[-73.9022750003192,40.829636999887],[-73.8979450002755,40.8285219998537],[-73.8982049996681,40.8278890001835],[-73.9009349995795,40.8279279999352],[-73.9016509999801,40.8262170002928],[-73.9005410002925,40.8259439999438],[-73.901175999604,40.8243890000868],[-73.9049220003898,40.8252869998155],[-73.9042930000279,40.8269199997211],[-73.9049089999711,40.8272769998216]]]},"properties":{"GEOID":"36005013500","County":"Bronx","Pop_Cnt":3590,"Vulner_Pct":99.2467,"Traff_Veh":48.2708027667156,"Asthma":96.9728820685306,"PM25":68.7280972995259}},{"type":"Feature","geometry":{"type":"Polygon","coordinates":[[[-73.8191400000236,40.8223469998224],[-73.8161480001714,40.8218089999775],[-73.817045000322,40.8259570002448],[-73.8183220004141,40.827835000019],[-73.8173370004,40.8283180002687],[-73.8143830001826,40.8248410002574],[-73.8138040000494,40.8254680002376],[-73.7749769997712,40.830879000258],[-73.7801930000948,40.8264000000396],[-73.7789579998355,40.8117129997777],[-73.7795560002353,40.8112469999709],[-73.8020500000026,40.8172079997777],[-73.8044739995922,40.8161770003227],[-73.8058910003247,40.8174230000649],[-73.8165930004103,40.8207470000722],[-73.8191400000236,40.8223469998224]]]},"properties":{"GEOID":"36005013800","County":"Bronx","Pop_Cnt":2588,"Vulner_Pct":74.9111,"Traff_Veh":91.2806539509537,"Asthma":78.9783476981291,"PM25":57.0603999175428}},{"type":"Feature","geometry":{"type":"Polygon","coordinates":[[[-73.9154510002231,40.8257479999587],[-73.9136309999827,40.8269240000166],[-73.9113839999451,40.830988000186],[-73.9089600003555,40.8302260001798],[-73.9116939995665,40.827759000166],[-73.9113100003253,40.8248489997394],[-73.9131670003756,40.8254569996927],[-73.9135120001571,40.8248049998574],[-73.9154510002231,40.8257479999587]]]},"properties":{"GEOID":"36005014300","County":"Bronx","Pop_Cnt":1482,"Vulner_Pct":96.2126,"Traff_Veh":65.8981345629847,"Asthma":97.2671852007568,"PM25":70.8719851576994}},{"type":"Feature","geometry":{"type":"Polygon","coordinates":[[[-73.8294589997946,40.8223769996828],[-73.8246380003795,40.8247660003084],[-73.8191400000236,40.8223469998224],[-73.8180849996893,40.8204820003288],[-73.8215899995525,40.8192809997763],[-73.8205669999036,40.8175920003391],[-73.8231899996848,40.8166729998964],[-73.8267170001876,40.821818999787],[-73.8283290000155,40.8210399999158],[-73.8294589997946,40.8223769996828]]]},"properties":{"GEOID":"36005014400","County":"Bronx","Pop_Cnt":5138,"Vulner_Pct":90.249,"Traff_Veh":89.1636973380843,"Asthma":78.9783476981291,"PM25":58.7713873428159}},{"type":"Feature","geometry":{"type":"Polygon","coordinates":[[[-73.9022750003192,40.829636999887],[-73.9002519996892,40.8311949999115],[-73.900742000134,40.8312690002279],[-73.8984530002636,40.8347210002215],[-73.8969660001091,40.8343429997112],[-73.8963690004326,40.8335099998396],[-73.8971719999735,40.8303679997031],[-73.8966959997724,40.8304139996749],[-73.8963950003718,40.8287629996776],[-73.8956820003443,40.8282229997713],[-73.8982049996681,40.8278890001835],[-73.8979450002755,40.8285219998537],[-73.9022750003192,40.829636999887]]]},"properties":{"GEOID":"36005015100","County":"Bronx","Pop_Cnt":5309,"Vulner_Pct":97.3007,"Traff_Veh":60.9096625445399,"Asthma":96.9728820685306,"PM25":68.2539682539683}},{"type":"Feature","geometry":{"type":"Polygon","coordinates":[[[-73.8921580002146,40.8336449998293],[-73.8908230003961,40.8358090001005],[-73.8913869995624,40.8357580002607],[-73.891481000172,40.8366870002509],[-73.8884120003269,40.8385529997816],[-73.8872890002206,40.8381349997966],[-73.8907139997178,40.8324089999009],[-73.8917370002651,40.8326640000338],[-73.8921580002146,40.8336449998293]]]},"properties":{"GEOID":"36005015500","County":"Bronx","Pop_Cnt":2927,"Vulner_Pct":99.2886,"Traff_Veh":82.414588136659,"Asthma":96.2371242379651,"PM25":67.4293960008246}},{"type":"Feature","geometry":{"type":"Polygon","coordinates":[[[-73.8238159996737,40.8343299996948],[-73.8087869999174,40.8381449998627],[-73.7745199998367,40.831273000261],[-73.8138040000494,40.8254680002376],[-73.8143830001826,40.8248410002574],[-73.8173370004,40.8283180002687],[-73.8183220004141,40.827835000019],[-73.8238159996737,40.8343299996948]]]},"properties":{"GEOID":"36005016000","County":"Bronx","Pop_Cnt":3666,"Vulner_Pct":62.1887,"Traff_Veh":79.4592328652274,"Asthma":78.9783476981291,"PM25":57.9880437023294}},{"type":"Feature","geometry":{"type":"Polygon","coordinates":[[[-73.8887420000398,40.8357069997022],[-73.8861850003808,40.8401050000211],[-73.8827409997187,40.8386440001622],[-73.8820059999498,40.837459999997],[-73.882104999684,40.8358359999997],[-73.8835049997998,40.8339039998407],[-73.8887420000398,40.8357069997022]]]},"properties":{"GEOID":"36005016100","County":"Bronx","Pop_Cnt":4650,"Vulner_Pct":97.9703,"Traff_Veh":95.7660867742612,"Asthma":96.2371242379651,"PM25":67.1407957122243}},{"type":"Feature","geometry":{"type":"Polygon","coordinates":[[[-73.8252939996073,40.8296890002192],[-73.8214819995975,40.8315730000181],[-73.8183220004141,40.827835000019],[-73.8216759997662,40.8262020002132],[-73.8252939996073,40.8296890002192]]]},"properties":{"GEOID":"36005016200","County":"Bronx","Pop_Cnt":1870,"Vulner_Pct":61.9376,"Traff_Veh":84.6992244812408,"Asthma":78.9783476981291,"PM25":58.7507730364873}},{"type":"Feature","geometry":{"type":"Polygon","coordinates":[[[-73.9049369995601,40.8433749996946],[-73.9046279997637,40.8448879998898],[-73.8948089995849,40.8437610002694],[-73.8953669998017,40.8428950000692],[-73.896638999871,40.8435000000459],[-73.8982699999655,40.8406799999186],[-73.9049369995601,40.8433749996946]]]},"properties":{"GEOID":"36005016500","County":"Bronx","Pop_Cnt":965,"Vulner_Pct":93.7225,"Traff_Veh":99.3083211066862,"Asthma":99.2432205171326,"PM25":68.9960832817976}},{"type":"Feature","geometry":{"type":"Polygon","coordinates":[[[-73.8970449997519,40.816801999833],[-73.892836000082,40.8209739996904],[-73.890824000221,40.8203069999177],[-73.8954279999011,40.8158450000385],[-73.8970449997519,40.816801999833]]]},"properties":{"GEOID":"36005008900","County":"Bronx","Pop_Cnt":3218,"Vulner_Pct":96.7148,"Traff_Veh":97.4219241249214,"Asthma":95.6695396258146,"PM25":67.5943104514533}},{"type":"Feature","geometry":{"type":"Polygon","coordinates":[[[-73.8603440000358,40.8332940002357],[-73.8484860002318,40.8345249996721],[-73.8472610000182,40.8293129999834],[-73.8588529996834,40.8326729997488],[-73.8603440000358,40.8332940002357]]]},"properties":{"GEOID":"36005009200","County":"Bronx","Pop_Cnt":5848,"Vulner_Pct":91.6091,"Traff_Veh":95.9128065395095,"Asthma":88.438091233971,"PM25":62.7499484642342}},{"type":"Feature","geometry":{"type":"Polygon","coordinates":[[[-73.8961669998679,40.6579740003295],[-73.881856000162,40.6641500003087],[-73.8808920000643,40.662833999843],[-73.8841309997887,40.6614330002148],[-73.8829120003212,40.6597810000469],[-73.8877860003381,40.6576829997559],[-73.8846530000206,40.653450999666],[-73.8899940000176,40.6511380001164],[-73.8953819998703,40.6577199998103],[-73.8961669998679,40.6579740003295]]]},"properties":{"GEOID":"36047110400","County":"Kings","Pop_Cnt":4407,"Vulner_Pct":85.6455,"Traff_Veh":79.3753929993712,"Asthma":94.618457010721,"PM25":74.582560296846}},{"type":"Feature","geometry":{"type":"Polygon","coordinates":[[[-73.8563000002223,40.8267570002205],[-73.8439169998135,40.8284469999893],[-73.8428980003626,40.8240830000965],[-73.8551360001081,40.822436000071],[-73.8563000002223,40.8267570002205]]]},"properties":{"GEOID":"36005009800","County":"Bronx","Pop_Cnt":4756,"Vulner_Pct":81.0421,"Traff_Veh":96.1852861035422,"Asthma":88.438091233971,"PM25":61.8429189857761}},{"type":"Feature","geometry":{"type":"Polygon","coordinates":[[[-73.9985940000163,40.6718649999922],[-73.9952749999259,40.6757780000352],[-73.9908019997671,40.6757830000314],[-73.9876679996247,40.6808180001062],[-73.9865329998227,40.6803719998128],[-73.9861040003757,40.6810089996995],[-73.9817550000654,40.6793170001951],[-73.9877150003787,40.6715570000913],[-73.9923690002875,40.6738129997244],[-73.9966719996687,40.6687390001549],[-73.9985940000163,40.6718649999922]]]},"properties":{"GEOID":"36047011900","County":"Kings","Pop_Cnt":1322,"Vulner_Pct":52.0402,"Traff_Veh":76.1056382309788,"Asthma":53.9205381542989,"PM25":97.3613687899402}},{"type":"Feature","geometry":{"type":"Polygon","coordinates":[[[-73.8520780001337,40.8228470000289],[-73.8490179996111,40.8232600000774],[-73.8475389998526,40.8169050001345],[-73.8505990003752,40.8164980003139],[-73.8520780001337,40.8228470000289]]]},"properties":{"GEOID":"36005008600","County":"Bronx","Pop_Cnt":3936,"Vulner_Pct":91.4626,"Traff_Veh":12.8484594424649,"Asthma":93.9037208324574,"PM25":61.8841475984333}},{"type":"Feature","geometry":{"type":"Polygon","coordinates":[[[-73.9016019995763,40.8196950002882],[-73.8958610004445,40.8226309996789],[-73.8958809996376,40.8209920002528],[-73.892836000082,40.8209739996904],[-73.8970449997519,40.816801999833],[-73.9016019995763,40.8196950002882]]]},"properties":{"GEOID":"36005008700","County":"Bronx","Pop_Cnt":6127,"Vulner_Pct":98.5143,"Traff_Veh":84.9507440788095,"Asthma":97.3722934622661,"PM25":67.408781694496}},{"type":"Feature","geometry":{"type":"Polygon","coordinates":[[[-73.890824000221,40.8203069999177],[-73.8874099996961,40.8225369998419],[-73.8844110001712,40.8229699997345],[-73.8824479998157,40.8192690002254],[-73.8809809997528,40.8182380001703],[-73.8823459997085,40.8174159997345],[-73.8879960004003,40.8166640000495],[-73.890824000221,40.8203069999177]]]},"properties":{"GEOID":"36005011502","County":"Bronx","Pop_Cnt":4582,"Vulner_Pct":96.8822,"Traff_Veh":95.4307273108363,"Asthma":95.6695396258146,"PM25":66.9140383426098}},{"type":"Feature","geometry":{"type":"Polygon","coordinates":[[[-73.881856000162,40.6641500003087],[-73.8728410002474,40.6680319996717],[-73.8694850003471,40.6635459997874],[-73.8785920003233,40.659700999944],[-73.881856000162,40.6641500003087]]]},"properties":{"GEOID":"36047111600","County":"Kings","Pop_Cnt":3624,"Vulner_Pct":79.7866,"Traff_Veh":67.176692517292,"Asthma":94.618457010721,"PM25":71.9645433931148}},{"type":"Feature","geometry":{"type":"Polygon","coordinates":[[[-73.8844110001712,40.8229699997345],[-73.8735540002749,40.8244100002276],[-73.8724679999785,40.8201509998419],[-73.879768999958,40.8191809998268],[-73.8809809997528,40.8182380001703],[-73.8824479998157,40.8192690002254],[-73.8844110001712,40.8229699997345]]]},"properties":{"GEOID":"36005002800","County":"Bronx","Pop_Cnt":5151,"Vulner_Pct":74.5553,"Traff_Veh":95.4516872773004,"Asthma":93.9037208324574,"PM25":66.0688517831375}},{"type":"Feature","geometry":{"type":"Polygon","coordinates":[[[-73.8705010003233,40.8203640001023],[-73.8657460001322,40.8210120001166],[-73.8643140002294,40.818998999899],[-73.8624639998518,40.8192469997968],[-73.8614820002107,40.8150289996844],[-73.8670800001258,40.814440999806],[-73.8695449997233,40.8160950003047],[-73.8705010003233,40.8203640001023]]]},"properties":{"GEOID":"36005002000","County":"Bronx","Pop_Cnt":9040,"Vulner_Pct":96.4846,"Traff_Veh":12.1987004820792,"Asthma":93.9037208324574,"PM25":64.6052360338075}},{"type":"Feature","geometry":{"type":"Polygon","coordinates":[[[-73.9292189997808,40.8095640002783],[-73.9281350000325,40.8096220003396],[-73.9271209997061,40.8109489996628],[-73.9228860000969,40.809105999678],[-73.9242650002963,40.8071750001742],[-73.928555999982,40.8090460001788],[-73.9292189997808,40.8095640002783]]]},"properties":{"GEOID":"36005002300","County":"Bronx","Pop_Cnt":4302,"Vulner_Pct":99.3723,"Traff_Veh":99.8113603018235,"Asthma":100,"PM25":74.8093176664605}},{"type":"Feature","geometry":{"type":"Polygon","coordinates":[[[-73.8809809997528,40.8182380001703],[-73.879768999958,40.8191809998268],[-73.8724679999785,40.8201509998419],[-73.8735540002749,40.8244100002276],[-73.8715149997514,40.8247150001315],[-73.8695449997233,40.8160950003047],[-73.8611650000183,40.8111270000306],[-73.8664840002741,40.8059010003385],[-73.8713030000393,40.8139540000775],[-73.877969999634,40.8161520000295],[-73.8809809997528,40.8182380001703]]]},"properties":{"GEOID":"36005002400","County":"Bronx","Pop_Cnt":155,"Vulner_Pct":0,"Traff_Veh":4.54831272269964,"Asthma":0,"PM25":65.2442795299938}},{"type":"Feature","geometry":{"type":"Polygon","coordinates":[[[-73.9242650002963,40.8071750001742],[-73.9228860000969,40.809105999678],[-73.9174789999776,40.8068229996643],[-73.9188189998189,40.8049050000314],[-73.9242650002963,40.8071750001742]]]},"properties":{"GEOID":"36005002500","County":"Bronx","Pop_Cnt":5610,"Vulner_Pct":99.6652,"Traff_Veh":99.4760008383987,"Asthma":100,"PM25":74.2527313955885}},{"type":"Feature","geometry":{"type":"Polygon","coordinates":[[[-73.9174789999776,40.8068229996643],[-73.9161840003421,40.8087900001644],[-73.9091269998618,40.806165999851],[-73.9134779998219,40.8042629998737],[-73.9149969997633,40.8048719997203],[-73.914494999623,40.8055609998633],[-73.9174789999776,40.8068229996643]]]},"properties":{"GEOID":"36005002702","County":"Bronx","Pop_Cnt":4560,"Vulner_Pct":99.7908,"Traff_Veh":97.2961643261371,"Asthma":100,"PM25":73.2838589981447}},{"type":"Feature","geometry":{"type":"Polygon","coordinates":[[[-73.910947999927,40.813621000122],[-73.9063300000032,40.8126669996697],[-73.907838999899,40.8082060001324],[-73.9106929996589,40.8088090001304],[-73.9095960003901,40.8117770001142],[-73.9102380002726,40.8119290003259],[-73.910947999927,40.813621000122]]]},"properties":{"GEOID":"36005003500","County":"Bronx","Pop_Cnt":3907,"Vulner_Pct":97.6773,"Traff_Veh":66.6736533221547,"Asthma":100,"PM25":70.8513708513709}},{"type":"Feature","geometry":{"type":"Polygon","coordinates":[[[-73.9271209997061,40.8109489996628],[-73.9246829998727,40.8123840001086],[-73.9161840003421,40.8087900001644],[-73.9174789999776,40.8068229996643],[-73.9271209997061,40.8109489996628]]]},"properties":{"GEOID":"36005003900","County":"Bronx","Pop_Cnt":6260,"Vulner_Pct":96.924,"Traff_Veh":94.4875288199539,"Asthma":100,"PM25":73.7373737373737}},{"type":"Feature","geometry":{"type":"Polygon","coordinates":[[[-73.9220879996806,40.8137309999634],[-73.9176249995675,40.8160550003254],[-73.9129539999402,40.8142690000589],[-73.9148469999755,40.8109940000415],[-73.9220879996806,40.8137309999634]]]},"properties":{"GEOID":"36005004300","County":"Bronx","Pop_Cnt":5552,"Vulner_Pct":98.7236,"Traff_Veh":58.6459861664221,"Asthma":100,"PM25":72.562358276644}},{"type":"Feature","geometry":{"type":"Polygon","coordinates":[[[-73.8727230002466,40.8268189998275],[-73.8606739997487,40.8284189999184],[-73.8597029999783,40.8262769998977],[-73.8725059996133,40.8245910003242],[-73.8727230002466,40.8268189998275]]]},"properties":{"GEOID":"36005004400","County":"Bronx","Pop_Cnt":4401,"Vulner_Pct":98.0331,"Traff_Veh":96.5625654998952,"Asthma":92.8736598696658,"PM25":64.1311069882498}},{"type":"Feature","geometry":{"type":"Polygon","coordinates":[[[-73.876402000187,40.8289770000223],[-73.8731929997016,40.8299050000123],[-73.8725059996133,40.8245910003242],[-73.8752849999285,40.8242080001187],[-73.876402000187,40.8289770000223]]]},"properties":{"GEOID":"36005004800","County":"Bronx","Pop_Cnt":4563,"Vulner_Pct":95.1454,"Traff_Veh":96.2272060364703,"Asthma":92.8736598696658,"PM25":65.3061224489796}},{"type":"Feature","geometry":{"type":"Polygon","coordinates":[[[-73.9055900002115,40.839915999754],[-73.9049369995601,40.8433749996946],[-73.8982699999655,40.8406799999186],[-73.8999680000071,40.8376550002826],[-73.9055900002115,40.839915999754]]]},"properties":{"GEOID":"36005016700","County":"Bronx","Pop_Cnt":3695,"Vulner_Pct":96.7776,"Traff_Veh":85.6214630056592,"Asthma":99.2432205171326,"PM25":69.9031127602556}},{"type":"Feature","geometry":{"type":"Polygon","coordinates":[[[-73.905382999624,40.8397689997022],[-73.8999680000071,40.8376550002826],[-73.9012119995889,40.8354980002416],[-73.9029060003309,40.8359270000323],[-73.9019670003476,40.8371720000839],[-73.905979000374,40.8385049998815],[-73.905382999624,40.8397689997022]]]},"properties":{"GEOID":"36005016900","County":"Bronx","Pop_Cnt":1633,"Vulner_Pct":94.1201,"Traff_Veh":60.951582477468,"Asthma":99.2432205171326,"PM25":69.5938981653267}},{"type":"Feature","geometry":{"type":"Polygon","coordinates":[[[-73.9206649999986,40.82183700012],[-73.9164100002979,40.8292900002993],[-73.9129620003362,40.8281600002322],[-73.9136309999827,40.8269240000166],[-73.9166139996141,40.8249919998339],[-73.9160880000827,40.8248379997716],[-73.9206649999986,40.82183700012]]]},"properties":{"GEOID":"36005017300","County":"Bronx","Pop_Cnt":5746,"Vulner_Pct":99.1212,"Traff_Veh":73.443722490044,"Asthma":97.2671852007568,"PM25":71.8614718614719}},{"type":"Feature","geometry":{"type":"Polygon","coordinates":[[[-73.836435999909,40.8283950000425],[-73.8281890002734,40.8329510000073],[-73.8252939996073,40.8296890002192],[-73.8311059997826,40.8268189998275],[-73.836435999909,40.8283950000425]]]},"properties":{"GEOID":"36005016600","County":"Bronx","Pop_Cnt":2244,"Vulner_Pct":67.9431,"Traff_Veh":96.9817648291763,"Asthma":78.9783476981291,"PM25":59.7608740465883}},{"type":"Feature","geometry":{"type":"Polygon","coordinates":[[[-73.9164100002979,40.8292900002993],[-73.9138440004181,40.8336940003316],[-73.9112850002109,40.832829000277],[-73.9123949998985,40.8309360001928],[-73.9113839999451,40.830988000186],[-73.9129620003362,40.8281600002322],[-73.9164100002979,40.8292900002993]]]},"properties":{"GEOID":"36005017500","County":"Bronx","Pop_Cnt":6536,"Vulner_Pct":98.4516,"Traff_Veh":54.9360721022846,"Asthma":97.2671852007568,"PM25":71.2430426716141}},{"type":"Feature","geometry":{"type":"Polygon","coordinates":[[[-73.8350070003792,40.8381069997391],[-73.8287669996834,40.8409649997858],[-73.8260839996277,40.8413720003307],[-73.8253899998668,40.8355190002627],[-73.8260130003809,40.834020999968],[-73.8281890002734,40.8329510000073],[-73.8292329998388,40.8344490000106],[-73.8330440000237,40.8356720002156],[-73.8350070003792,40.8381069997391]]]},"properties":{"GEOID":"36005018400","County":"Bronx","Pop_Cnt":3793,"Vulner_Pct":75.3923,"Traff_Veh":91.8465730454831,"Asthma":78.9783476981291,"PM25":59.6990311276026}},{"type":"Feature","geometry":{"type":"Polygon","coordinates":[[[-73.933059000278,40.8281560000113],[-73.9331439997685,40.8348149997801],[-73.9293800003376,40.8346700002245],[-73.9261399998899,40.8336360002464],[-73.9266110000681,40.8330220002874],[-73.9253640001132,40.8326249996692],[-73.9287559999985,40.8291860003277],[-73.933059000278,40.8281560000113]]]},"properties":{"GEOID":"36005018900","County":"Bronx","Pop_Cnt":8210,"Vulner_Pct":96.945,"Traff_Veh":98.0716830853071,"Asthma":94.0508723985705,"PM25":74.4176458462173}},{"type":"Feature","geometry":{"type":"Polygon","coordinates":[[[-73.9331439997685,40.8348149997801],[-73.9304060003595,40.8402790001358],[-73.9286589999141,40.8398020003247],[-73.9276189996484,40.837721000218],[-73.9292599997886,40.8360939998417],[-73.9243940001677,40.8344840001428],[-73.9253640001132,40.8326249996692],[-73.9266110000681,40.8330220002874],[-73.9261399998899,40.8336360002464],[-73.9293800003376,40.8346700002245],[-73.9331439997685,40.8348149997801]]]},"properties":{"GEOID":"36005019300","County":"Bronx","Pop_Cnt":6350,"Vulner_Pct":97.5936,"Traff_Veh":95.8080067071893,"Asthma":94.0508723985705,"PM25":74.0878169449598}},{"type":"Feature","geometry":{"type":"Polygon","coordinates":[[[-73.842838999913,40.8287219999837],[-73.8423080003587,40.8287989999682],[-73.8422790000464,40.8312669998713],[-73.8393320004,40.8335540000628],[-73.8393640001871,40.8408780000064],[-73.8376300001604,40.8402930000471],[-73.8329050001065,40.8355790002863],[-73.8292329998388,40.8344490000106],[-73.8281890002734,40.8329510000073],[-73.8361129998688,40.8284479998702],[-73.837016999692,40.8290529998389],[-73.842838999913,40.8287219999837]]]},"properties":{"GEOID":"36005019400","County":"Bronx","Pop_Cnt":2375,"Vulner_Pct":87.0266,"Traff_Veh":91.6579333473066,"Asthma":78.9783476981291,"PM25":60.7915893630179}},{"type":"Feature","geometry":{"type":"Polygon","coordinates":[[[-73.8163709997542,40.8175949997929],[-73.8100220001768,40.8186369999625],[-73.8058910003247,40.8174230000649],[-73.8044739995922,40.8161770003227],[-73.8020500000026,40.8172079997777],[-73.7795560002353,40.8112469999709],[-73.7847449998963,40.8025919996958],[-73.7879180003968,40.8003619998216],[-73.7935589999695,40.8003799998565],[-73.8112990002689,40.8053970000032],[-73.8131250003571,40.8132920002927],[-73.8143530000454,40.8134220001123],[-73.8148879997977,40.8145769999545],[-73.8136219995762,40.8147620000387],[-73.8140750002111,40.8164019998186],[-73.8156200000918,40.8160830001774],[-73.8163709997542,40.8175949997929]]]},"properties":{"GEOID":"36005011800","County":"Bronx","Pop_Cnt":5503,"Vulner_Pct":55.1789,"Traff_Veh":81.4294697128485,"Asthma":78.9783476981291,"PM25":56.6274994846423}},{"type":"Feature","geometry":{"type":"Polygon","coordinates":[[[-73.8913899999354,40.8249409998308],[-73.8863999995677,40.8275030003065],[-73.8860919995961,40.8276950002937],[-73.886613000003,40.8253290002016],[-73.8913899999354,40.8249409998308]]]},"properties":{"GEOID":"36005012102","County":"Bronx","Pop_Cnt":1447,"Vulner_Pct":99.2258,"Traff_Veh":96.080486271222,"Asthma":95.6695396258146,"PM25":66.398680684395}},{"type":"Feature","geometry":{"type":"Polygon","coordinates":[[[-73.8933599999636,40.8301520000588],[-73.8926849995709,40.8323439999367],[-73.8916269997619,40.832733000309],[-73.8838870002896,40.829808999889],[-73.8844110001712,40.8229699997345],[-73.8879699995628,40.8222600000826],[-73.8868950000353,40.8237170002265],[-73.8862489999549,40.8283389998451],[-73.8899120000018,40.8301240000282],[-73.8933599999636,40.8301520000588]]]},"properties":{"GEOID":"36005012300","County":"Bronx","Pop_Cnt":4268,"Vulner_Pct":91.5045,"Traff_Veh":75.5606791029134,"Asthma":96.2371242379651,"PM25":66.8109668109668}},{"type":"Feature","geometry":{"type":"Polygon","coordinates":[[[-73.8966959997724,40.8304139996749],[-73.8908729997265,40.8301360003341],[-73.8909050004118,40.8267880000313],[-73.8948360002474,40.8262399996833],[-73.8950630000281,40.828012999942],[-73.8963950003718,40.8287629996776],[-73.8966959997724,40.8304139996749]]]},"properties":{"GEOID":"36005012500","County":"Bronx","Pop_Cnt":3860,"Vulner_Pct":96.0452,"Traff_Veh":56.8224690840495,"Asthma":96.9728820685306,"PM25":67.3469387755102}},{"type":"Feature","geometry":{"type":"Polygon","coordinates":[[[-73.8948360002474,40.8262399996833],[-73.8929330001664,40.8267870001253],[-73.887895000118,40.8267430001697],[-73.8932000001301,40.82400799997],[-73.8948710004075,40.8239370002345],[-73.8948360002474,40.8262399996833]]]},"properties":{"GEOID":"36005012701","County":"Bronx","Pop_Cnt":1928,"Vulner_Pct":95.5849,"Traff_Veh":80.9893104171033,"Asthma":95.6695396258146,"PM25":67.3881673881674}},{"type":"Feature","geometry":{"type":"Polygon","coordinates":[[[-73.8999899997484,40.6769000002894],[-73.8965369997638,40.6785940000149],[-73.8962179999215,40.6773579999486],[-73.8890059996305,40.6785569999587],[-73.888255999793,40.6756250002407],[-73.8993069998581,40.6739820001471],[-73.8999899997484,40.6769000002894]]]},"properties":{"GEOID":"36047119800","County":"Kings","Pop_Cnt":3671,"Vulner_Pct":96.4009,"Traff_Veh":88.5977782435548,"Asthma":94.618457010721,"PM25":76.4584621727479}},{"type":"Feature","geometry":{"type":"Polygon","coordinates":[[[-73.8764909998755,40.8754990002067],[-73.874386999953,40.8790550002293],[-73.8715959999423,40.8786459999476],[-73.872115999626,40.8769610003206],[-73.8729199998901,40.8760269999259],[-73.8736920003672,40.8763520002077],[-73.8746999999475,40.8750020000286],[-73.8764909998755,40.8754990002067]]]},"properties":{"GEOID":"36005042902","County":"Bronx","Pop_Cnt":4041,"Vulner_Pct":94.0364,"Traff_Veh":90.9243345210648,"Asthma":88.7744376708009,"PM25":68.0684394970109}},{"type":"Feature","geometry":{"type":"Polygon","coordinates":[[[-73.8893720002267,40.8733819998833],[-73.8877360001093,40.8770339999714],[-73.8852649997657,40.8792280001442],[-73.884781999892,40.8784190001654],[-73.8873770000841,40.8727230001005],[-73.8878509997371,40.8721209997095],[-73.8893720002267,40.8733819998833]]]},"properties":{"GEOID":"36005041100","County":"Bronx","Pop_Cnt":3510,"Vulner_Pct":88.9307,"Traff_Veh":80.486271221966,"Asthma":89.8044986335926,"PM25":68.9136260564832}},{"type":"Feature","geometry":{"type":"Polygon","coordinates":[[[-73.8877860003381,40.8722029997237],[-73.8873770000841,40.8727230001005],[-73.884781999892,40.8784190001654],[-73.883423999609,40.8757420000795],[-73.8829569996287,40.8730519998492],[-73.8862289998634,40.8707780003337],[-73.8877860003381,40.8722029997237]]]},"properties":{"GEOID":"36005041300","County":"Bronx","Pop_Cnt":8677,"Vulner_Pct":82.9462,"Traff_Veh":81.4713896457766,"Asthma":89.8044986335926,"PM25":68.6662543805401}},{"type":"Feature","geometry":{"type":"Polygon","coordinates":[[[-73.8599449998276,40.9005610002563],[-73.8593099996179,40.9004790000661],[-73.8590030003695,40.9014779997303],[-73.8596040002441,40.9021780001792],[-73.8583020000376,40.9020770002469],[-73.8571990000227,40.9028780000093],[-73.857004000029,40.9043779997214],[-73.8575870003602,40.9046689996727],[-73.8561179997491,40.9051679999195],[-73.8563239996135,40.9061659999804],[-73.8541040002383,40.9066789999321],[-73.8538039997644,40.9076809997665],[-73.85488099984,40.9082170003152],[-73.8543419998897,40.9089740000498],[-73.8529350001012,40.9099189999094],[-73.8521840004389,40.909514999699],[-73.8511230002568,40.910009],[-73.8535279995798,40.9074650002931],[-73.8510570001346,40.9064580002728],[-73.8502250002813,40.9073679998004],[-73.8486829998753,40.9067430002332],[-73.8498570000353,40.9040869998476],[-73.854299000232,40.898450000063],[-73.8599449998276,40.9005610002563]]]},"properties":{"GEOID":"36005041400","County":"Bronx","Pop_Cnt":5158,"Vulner_Pct":75.9364,"Traff_Veh":68.1827709075665,"Asthma":75.4467101114148,"PM25":61.9047619047619}},{"type":"Feature","geometry":{"type":"Polygon","coordinates":[[[-73.8628749997555,40.8951540003288],[-73.8592579997393,40.9003380002136],[-73.854299000232,40.898450000063],[-73.8569560003484,40.8941680000429],[-73.8607109995586,40.8953710001763],[-73.861360000012,40.8946629997864],[-73.8628749997555,40.8951540003288]]]},"properties":{"GEOID":"36005041800","County":"Bronx","Pop_Cnt":3876,"Vulner_Pct":87.9473,"Traff_Veh":91.4902536155942,"Asthma":75.4467101114148,"PM25":63.4096062667491}},{"type":"Feature","geometry":{"type":"Polygon","coordinates":[[[-73.8645999995613,40.8882999999352],[-73.8626520001727,40.891822000043],[-73.858907999935,40.8906319997272],[-73.8604519999908,40.8878039997801],[-73.863335999888,40.888719999876],[-73.8637280004234,40.8880169999627],[-73.8645999995613,40.8882999999352]]]},"properties":{"GEOID":"36005040800","County":"Bronx","Pop_Cnt":4826,"Vulner_Pct":94.2875,"Traff_Veh":86.6694613288619,"Asthma":86.5461425268026,"PM25":64.9556792413935}},{"type":"Feature","geometry":{"type":"Polygon","coordinates":[[[-73.8852649997657,40.8792280001442],[-73.883463999792,40.8807829998665],[-73.8780349999313,40.8794069997138],[-73.8776859999519,40.8789939997],[-73.8797210002774,40.8775100002246],[-73.8792300000077,40.8736719997697],[-73.882469999557,40.8721279996981],[-73.8838300003882,40.8767830000807],[-73.8852649997657,40.8792280001442]]]},"properties":{"GEOID":"36005041900","County":"Bronx","Pop_Cnt":6035,"Vulner_Pct":90.6466,"Traff_Veh":73.1922028924754,"Asthma":88.7744376708009,"PM25":68.8105545248402}},{"type":"Feature","geometry":{"type":"Polygon","coordinates":[[[-73.8870470003713,40.8843579999713],[-73.8812440004168,40.8827099996824],[-73.8767810003038,40.8802589998401],[-73.8771460001767,40.8791639997101],[-73.883463999792,40.8807829998665],[-73.885655999578,40.8788900002936],[-73.8870110003862,40.8824719996635],[-73.8870470003713,40.8843579999713]]]},"properties":{"GEOID":"36005042100","County":"Bronx","Pop_Cnt":5661,"Vulner_Pct":83.0299,"Traff_Veh":76.5248375602599,"Asthma":88.7744376708009,"PM25":67.862296433725}},{"type":"Feature","geometry":{"type":"Polygon","coordinates":[[[-73.858907999935,40.8906319997272],[-73.8573680000771,40.893394000268],[-73.8517989995761,40.8913810001332],[-73.8531529996611,40.8887999997242],[-73.858907999935,40.8906319997272]]]},"properties":{"GEOID":"36005042200","County":"Bronx","Pop_Cnt":3285,"Vulner_Pct":87.8426,"Traff_Veh":55.7744707608468,"Asthma":86.5461425268026,"PM25":63.718820861678}},{"type":"Feature","geometry":{"type":"Polygon","coordinates":[[[-73.8792300000077,40.8736719997697],[-73.8795789999872,40.8778270001382],[-73.8771460001767,40.8791639997101],[-73.8767810003038,40.8802589998401],[-73.874386999953,40.8790550002293],[-73.8775140004228,40.8741390002267],[-73.8792300000077,40.8736719997697]]]},"properties":{"GEOID":"36005042300","County":"Bronx","Pop_Cnt":4313,"Vulner_Pct":92.0067,"Traff_Veh":67.952211276462,"Asthma":88.7744376708009,"PM25":68.1921253349825}},{"type":"Feature","geometry":{"type":"Polygon","coordinates":[[[-73.8531529996611,40.8887999997242],[-73.8518289997133,40.8916299997784],[-73.8459060001083,40.8897410000076],[-73.8474440003163,40.8869780000995],[-73.8531529996611,40.8887999997242]]]},"properties":{"GEOID":"36005042400","County":"Bronx","Pop_Cnt":2569,"Vulner_Pct":72.2955,"Traff_Veh":56.8853489834416,"Asthma":86.5461425268026,"PM25":62.5644197072769}},{"type":"Feature","geometry":{"type":"Polygon","coordinates":[[[-73.8836250003488,40.8672579997746],[-73.8814689996494,40.8685729998051],[-73.882469999557,40.8721279996981],[-73.8786040000188,40.8742149998818],[-73.8743669998615,40.8727009997493],[-73.8762919996839,40.8705259998945],[-73.8798600001946,40.8682739996882],[-73.8830789998275,40.8665930002706],[-73.8836250003488,40.8672579997746]]]},"properties":{"GEOID":"36005042500","County":"Bronx","Pop_Cnt":6175,"Vulner_Pct":93.4296,"Traff_Veh":80.8845105847831,"Asthma":88.7744376708009,"PM25":68.5631828488971}},{"type":"Feature","geometry":{"type":"Polygon","coordinates":[[[-73.8544919996775,40.892478999959],[-73.8531359999427,40.8949220003054],[-73.848629000347,40.8959140001865],[-73.8471809996523,40.8921280003319],[-73.8506910004367,40.8913029999125],[-73.8544919996775,40.892478999959]]]},"properties":{"GEOID":"36005043000","County":"Bronx","Pop_Cnt":3499,"Vulner_Pct":84.0343,"Traff_Veh":51.8549570320687,"Asthma":75.4467101114148,"PM25":62.6262626262626}},{"type":"Feature","geometry":{"type":"Polygon","coordinates":[[[-73.8435860002757,40.8690879997446],[-73.8374019996565,40.8711090000707],[-73.8356579995841,40.8675130003362],[-73.8331600003747,40.8683199998464],[-73.8283719996732,40.8609469999471],[-73.8435860002757,40.8690879997446]]]},"properties":{"GEOID":"36005035600","County":"Bronx","Pop_Cnt":2254,"Vulner_Pct":68.257,"Traff_Veh":82.2469084049466,"Asthma":87.5551818372924,"PM25":60.9358895073181}},{"type":"Feature","geometry":{"type":"Polygon","coordinates":[[[-73.8861200000835,40.8404240003356],[-73.885659999776,40.8427100003047],[-73.8801630001433,40.8399980002238],[-73.8820059999498,40.837459999997],[-73.8827409997187,40.8386440001622],[-73.8846489998226,40.8391749999592],[-73.8861200000835,40.8404240003356]]]},"properties":{"GEOID":"36005035900","County":"Bronx","Pop_Cnt":2053,"Vulner_Pct":98.9747,"Traff_Veh":98.5328023475163,"Asthma":99.0750472987177,"PM25":66.8934240362812}},{"type":"Feature","geometry":{"type":"Polygon","coordinates":[[[-73.8827869997494,40.8412949999968],[-73.8791940000227,40.8453209999359],[-73.8773140004062,40.8440070000157],[-73.8781710003738,40.8426250001113],[-73.8768559997485,40.8422299999407],[-73.8783639998193,40.8399969998374],[-73.8804230004343,40.8400709998438],[-73.8827869997494,40.8412949999968]]]},"properties":{"GEOID":"36005036100","County":"Bronx","Pop_Cnt":5576,"Vulner_Pct":96.1917,"Traff_Veh":87.3821001886397,"Asthma":99.0750472987177,"PM25":66.4811379097093}},{"type":"Feature","geometry":{"type":"Polygon","coordinates":[[[-73.885659999776,40.8427100003047],[-73.8851919999708,40.845194999993],[-73.8831089999647,40.8482730003266],[-73.8791940000227,40.8453209999359],[-73.8827869997494,40.8412949999968],[-73.885659999776,40.8427100003047]]]},"properties":{"GEOID":"36005036300","County":"Bronx","Pop_Cnt":7517,"Vulner_Pct":98.5771,"Traff_Veh":69.2726891636973,"Asthma":99.0750472987177,"PM25":67.305710162853}},{"type":"Feature","geometry":{"type":"Polygon","coordinates":[[[-73.8904250000128,40.8427410001323],[-73.8890170003994,40.8443699997386],[-73.885659999776,40.8427100003047],[-73.8861850003808,40.8401050000211],[-73.8904250000128,40.8427410001323]]]},"properties":{"GEOID":"36005036502","County":"Bronx","Pop_Cnt":2620,"Vulner_Pct":97.4472,"Traff_Veh":96.7302452316076,"Asthma":99.0750472987177,"PM25":67.6973819830963}},{"type":"Feature","geometry":{"type":"Polygon","coordinates":[[[-73.8921690000852,40.8410500000693],[-73.8905539998843,40.8426780001168],[-73.8861850003808,40.8401050000211],[-73.8865979999344,40.8392789998936],[-73.8881379997922,40.8398619998699],[-73.8886909999862,40.839157999974],[-73.8921690000852,40.8410500000693]]]},"properties":{"GEOID":"36005036700","County":"Bronx","Pop_Cnt":2395,"Vulner_Pct":96.0661,"Traff_Veh":95.2840075455879,"Asthma":99.0750472987177,"PM25":67.6561533704391}},{"type":"Feature","geometry":{"type":"Polygon","coordinates":[[[-73.8948939999737,40.8436359997308],[-73.8916200000892,40.8432139998679],[-73.8905539998843,40.8426780001168],[-73.8921690000852,40.8410500000693],[-73.8953669998017,40.8428950000692],[-73.8948939999737,40.8436359997308]]]},"properties":{"GEOID":"36005036902","County":"Bronx","Pop_Cnt":2074,"Vulner_Pct":98.7445,"Traff_Veh":99.0568015091176,"Asthma":99.0750472987177,"PM25":68.0890538033395}},{"type":"Feature","geometry":{"type":"Polygon","coordinates":[[[-73.8998399999606,40.8865369998237],[-73.896458000121,40.8937060002454],[-73.8971829998441,40.8993470003014],[-73.8964089997172,40.9029610000555],[-73.8966339998481,40.911323999985],[-73.8678759999939,40.902982999854],[-73.870103999765,40.900742000134],[-73.8748199995981,40.8984449998285],[-73.8771200002375,40.8954690001588],[-73.8704870000796,40.8966399997984],[-73.861360000012,40.8946629997864],[-73.8694350001184,40.8781290000174],[-73.8709440000141,40.8785109999376],[-73.8702410000323,40.8802300001452],[-73.8749459999948,40.8799480000844],[-73.8746749998331,40.8815629996882],[-73.878126000168,40.8821539998323],[-73.8776070003092,40.8845229998593],[-73.8779179997555,40.8872120001612],[-73.8812440004168,40.8827099996824],[-73.8868630002483,40.8843469996925],[-73.8998399999606,40.8865369998237]]]},"properties":{"GEOID":"36005043500","County":"Bronx","Pop_Cnt":499,"Vulner_Pct":92.6972,"Traff_Veh":87.4659400544959,"Asthma":0,"PM25":66.8315811172954}},{"type":"Feature","geometry":{"type":"Polygon","coordinates":[[[-73.8503750000692,40.9034280002555],[-73.8486829998753,40.9067430002332],[-73.844846999576,40.9053099997383],[-73.8447019998111,40.9041830003044],[-73.8413860000938,40.904174000119],[-73.8409989995812,40.9028119998082],[-73.8469360003282,40.901520000034],[-73.8503750000692,40.9034280002555]]]},"properties":{"GEOID":"36005044200","County":"Bronx","Pop_Cnt":4019,"Vulner_Pct":88.6378,"Traff_Veh":41.3540138335779,"Asthma":75.4467101114148,"PM25":60.8534322820037}},{"type":"Feature","geometry":{"type":"Polygon","coordinates":[[[-73.8492779999021,40.8842420001495],[-73.8470490003061,40.8876719997916],[-73.8419409999376,40.8884180001038],[-73.8411800002295,40.8864079997604],[-73.8460669997668,40.8829010002828],[-73.8492779999021,40.8842420001495]]]},"properties":{"GEOID":"36005045800","County":"Bronx","Pop_Cnt":5744,"Vulner_Pct":94.978,"Traff_Veh":51.3519178369315,"Asthma":87.5551818372924,"PM25":62.3582766439909}},{"type":"Feature","geometry":{"type":"Polygon","coordinates":[[[-73.9246829998727,40.8123840001086],[-73.9220879996806,40.8137309999634],[-73.9148469999755,40.8109940000415],[-73.9161840003421,40.8087900001644],[-73.9246829998727,40.8123840001086]]]},"properties":{"GEOID":"36005004100","County":"Bronx","Pop_Cnt":5942,"Vulner_Pct":99.7489,"Traff_Veh":50.9746384405785,"Asthma":100,"PM25":73.3044733044733}},{"type":"Feature","geometry":{"type":"Polygon","coordinates":[[[-73.8348809999825,40.8755049999879],[-73.8339999997255,40.878388000051],[-73.8324509996468,40.880215999843],[-73.8260629997113,40.8841530000314],[-73.8266119997073,40.8846489997066],[-73.822058000256,40.886107999683],[-73.8207600002474,40.8853040001311],[-73.8198139996931,40.8855740000107],[-73.8199259998461,40.8821200001785],[-73.82329599999,40.8730980000844],[-73.8208730002253,40.868907000225],[-73.8283719996732,40.8609469999471],[-73.8331600003747,40.8683199998464],[-73.8348809999825,40.8755049999879]]]},"properties":{"GEOID":"36005046201","County":"Bronx","Pop_Cnt":28109,"Vulner_Pct":68.0059,"Traff_Veh":81.7019492768812,"Asthma":73.8280428841707,"PM25":59.8021026592455}},{"type":"Feature","geometry":{"type":"Polygon","coordinates":[[[-73.8429970000968,40.8792619999251],[-73.8366409999484,40.8821200001785],[-73.833434999836,40.884269999727],[-73.8252479995765,40.8868159999378],[-73.8237520000996,40.8878319998879],[-73.8207739995928,40.8867099998772],[-73.8198139996931,40.8855740000107],[-73.8207600002474,40.8853040001311],[-73.822058000256,40.886107999683],[-73.8266119997073,40.8846489997066],[-73.8260629997113,40.8841530000314],[-73.8304849998165,40.8817770000177],[-73.8333999996758,40.879155000196],[-73.8345019998658,40.8772270002983],[-73.8348809999825,40.8744290001936],[-73.8331600003747,40.8683199998464],[-73.8356579995841,40.8675130003362],[-73.8382920001343,40.872951000284],[-73.837461000106,40.8732230000599],[-73.8392479998361,40.876618999749],[-73.8381480001943,40.8769540001637],[-73.8429970000968,40.8792619999251]]]},"properties":{"GEOID":"36005046202","County":"Bronx","Pop_Cnt":9912,"Vulner_Pct":82.2348,"Traff_Veh":89.3313770697967,"Asthma":73.8280428841707,"PM25":60.5648319934034}},{"type":"Feature","geometry":{"type":"Polygon","coordinates":[[[-73.8419550001813,40.8884539999061],[-73.8344519996371,40.889363000309],[-73.8294730000383,40.8890829997436],[-73.8244070004008,40.8872589997372],[-73.833434999836,40.884269999727],[-73.8387430002211,40.88126600003],[-73.8419550001813,40.8884539999061]]]},"properties":{"GEOID":"36005048400","County":"Bronx","Pop_Cnt":4277,"Vulner_Pct":61.8121,"Traff_Veh":64.3470970446447,"Asthma":87.5551818372924,"PM25":60.4205318491033}},{"type":"Feature","geometry":{"type":"Polygon","coordinates":[[[-73.8661689997315,40.8733349999624],[-73.8652940002206,40.8733349999624],[-73.8646199996528,40.876803999924],[-73.8605120002653,40.8754940002754],[-73.8613059995853,40.873673000327],[-73.8613790002786,40.8713359997855],[-73.8652089998318,40.8714069997011],[-73.8651779998696,40.8723309997251],[-73.8661689997315,40.8733349999624]]]},"properties":{"GEOID":"36005037200","County":"Bronx","Pop_Cnt":2132,"Vulner_Pct":88.7843,"Traff_Veh":35.3385034583945,"Asthma":86.5461425268026,"PM25":66.4399092970522}},{"type":"Feature","geometry":{"type":"Polygon","coordinates":[[[-73.8613790002786,40.8713359997855],[-73.8605120002653,40.8754940002754],[-73.8565129997593,40.8742180001703],[-73.8566140000417,40.8712499997188],[-73.8613790002786,40.8713359997855]]]},"properties":{"GEOID":"36005037000","County":"Bronx","Pop_Cnt":2416,"Vulner_Pct":84.9341,"Traff_Veh":54.1186334101865,"Asthma":86.5461425268026,"PM25":65.4916512059369}},{"type":"Feature","geometry":{"type":"Polygon","coordinates":[[[-73.8933740002073,40.8464010002009],[-73.890936000374,40.8504769996967],[-73.8899000003063,40.8498690001867],[-73.8893320000437,40.8508320002496],[-73.8904989996327,40.8512240001416],[-73.8899709995531,40.8521030001511],[-73.8864359995527,40.8503089998803],[-73.8911249996216,40.8454099999291],[-73.8933740002073,40.8464010002009]]]},"properties":{"GEOID":"36005037300","County":"Bronx","Pop_Cnt":6373,"Vulner_Pct":99.3513,"Traff_Veh":71.5992454412073,"Asthma":99.0750472987177,"PM25":68.315811172954}},{"type":"Feature","geometry":{"type":"Polygon","coordinates":[[[-73.8682579995854,40.8714620002818],[-73.8680500000712,40.8777989998727],[-73.8646199996528,40.876803999924],[-73.8652940002206,40.8733349999624],[-73.866296999778,40.8732119999682],[-73.8651779998696,40.8723309997251],[-73.8652089998318,40.8714069997011],[-73.8682579995854,40.8714620002818]]]},"properties":{"GEOID":"36005037400","County":"Bronx","Pop_Cnt":3861,"Vulner_Pct":95.3338,"Traff_Veh":83.1062670299727,"Asthma":86.5461425268026,"PM25":67.0995670995671}},{"type":"Feature","geometry":{"type":"Polygon","coordinates":[[[-73.8018550000089,40.8400089997154],[-73.7935749998631,40.8563259998376],[-73.7900630003272,40.8608009997399],[-73.773231000049,40.8607469998888],[-73.7537869998602,40.8564089998456],[-73.7578010004348,40.845678999793],[-73.7745199998367,40.831273000261],[-73.8087869999174,40.8381449998627],[-73.8018550000089,40.8400089997154]]]},"properties":{"GEOID":"36005051600","County":"Bronx","Pop_Cnt":4531,"Vulner_Pct":54.7186,"Traff_Veh":45.4202473276043,"Asthma":63.8217363884801,"PM25":53.4941249226964}},{"type":"Feature","geometry":{"type":"Polygon","coordinates":[[[-73.8920050000537,40.8247230003085],[-73.8908509999852,40.825068000139],[-73.886613000003,40.8253290002016],[-73.8873629998404,40.8227699999313],[-73.890824000221,40.8203069999177],[-73.8916150000663,40.8209850002991],[-73.8920050000537,40.8247230003085]]]},"properties":{"GEOID":"36005011900","County":"Bronx","Pop_Cnt":5440,"Vulner_Pct":99.456,"Traff_Veh":98.1136030182352,"Asthma":95.6695396258146,"PM25":66.8728097299526}},{"type":"Feature","geometry":{"type":"Polygon","coordinates":[[[-73.8611929996074,40.8486030001649],[-73.8586169996818,40.8496870002252],[-73.8540139998266,40.8436390000455],[-73.8557410001806,40.8431430003097],[-73.857484000428,40.8437940002635],[-73.8603869996935,40.8482360001558],[-73.8611929996074,40.8486030001649]]]},"properties":{"GEOID":"36005024400","County":"Bronx","Pop_Cnt":2146,"Vulner_Pct":77.6941,"Traff_Veh":48.3756025990358,"Asthma":86.9035106159344,"PM25":63.4714491857349}},{"type":"Feature","geometry":{"type":"Polygon","coordinates":[[[-73.8646709997064,40.8579060002206],[-73.8644609996441,40.8654890003041],[-73.8615619996784,40.8655499996904],[-73.8617910000072,40.8579830002778],[-73.8646709997064,40.8579060002206]]]},"properties":{"GEOID":"36005032800","County":"Bronx","Pop_Cnt":3839,"Vulner_Pct":96.5474,"Traff_Veh":57.80758750786,"Asthma":89.4891738490645,"PM25":66.0482374768089}},{"type":"Feature","geometry":{"type":"Polygon","coordinates":[[[-73.9190969996533,40.6642299998457],[-73.9162670001828,40.6646539999463],[-73.9154770001624,40.6615739997713],[-73.9145259995852,40.6617220000918],[-73.9137359995647,40.6586449999521],[-73.9155669996757,40.6583930000544],[-73.9181850003324,40.660725999965],[-73.9190969996533,40.6642299998457]]]},"properties":{"GEOID":"36047089400","County":"Kings","Pop_Cnt":3254,"Vulner_Pct":93.9527,"Traff_Veh":54.0138335778663,"Asthma":98.3603111204541,"PM25":82.415996701711}},{"type":"Feature","geometry":{"type":"Polygon","coordinates":[[[-73.9282279999189,40.6647099998224],[-73.9263800000894,40.6655149999142],[-73.920909000396,40.6605990002954],[-73.9232159998098,40.6591069997907],[-73.9268539997424,40.6623710002675],[-73.926139000065,40.662831999865],[-73.9282279999189,40.6647099998224]]]},"properties":{"GEOID":"36047088400","County":"Kings","Pop_Cnt":4401,"Vulner_Pct":80.6026,"Traff_Veh":57.6399077761476,"Asthma":90.4351482026487,"PM25":85.0958565244279}},{"type":"Feature","geometry":{"type":"Polygon","coordinates":[[[-73.9235990001244,40.6560530000369],[-73.9214039999653,40.657480999705],[-73.9232159998098,40.6591069997907],[-73.920909000396,40.6605990002954],[-73.9172699997402,40.6573330001971],[-73.9217760004093,40.6544239997948],[-73.9235990001244,40.6560530000369]]]},"properties":{"GEOID":"36047088600","County":"Kings","Pop_Cnt":4089,"Vulner_Pct":84.1808,"Traff_Veh":79.0400335359463,"Asthma":90.4351482026487,"PM25":83.2611832611833}},{"type":"Feature","geometry":{"type":"Polygon","coordinates":[[[-73.9200819996674,40.6598580002939],[-73.919583999725,40.6619939997141],[-73.912338999822,40.6555309997453],[-73.9101229997465,40.6558520002554],[-73.9097260000865,40.6543130002197],[-73.9153070002831,40.6542220000989],[-73.9181469997993,40.6567659998636],[-73.9172699997402,40.6573330001971],[-73.9200819996674,40.6598580002939]]]},"properties":{"GEOID":"36047089000","County":"Kings","Pop_Cnt":5912,"Vulner_Pct":86.8383,"Traff_Veh":72.1861245022008,"Asthma":90.4351482026487,"PM25":81.6120387548959}},{"type":"Feature","geometry":{"type":"Polygon","coordinates":[[[-73.9263800000894,40.6655149999142],[-73.9243890001449,40.6663850001136],[-73.9216550000355,40.6638429998405],[-73.9190969996533,40.6642299998457],[-73.9182990001352,40.6611620000226],[-73.919583999725,40.6619939997141],[-73.9200819996674,40.6598580002939],[-73.9263800000894,40.6655149999142]]]},"properties":{"GEOID":"36047089200","County":"Kings","Pop_Cnt":3265,"Vulner_Pct":97.2798,"Traff_Veh":74.9528400754559,"Asthma":98.3603111204541,"PM25":84.8072562358277}},{"type":"Feature","geometry":{"type":"Polygon","coordinates":[[[-73.9155669996757,40.6583930000544],[-73.9137359995647,40.6586449999521],[-73.9141309995749,40.6601809998039],[-73.9113350004397,40.6605970002503],[-73.9101229997465,40.6558520002554],[-73.912338999822,40.6555309997453],[-73.9155669996757,40.6583930000544]]]},"properties":{"GEOID":"36047089600","County":"Kings","Pop_Cnt":3160,"Vulner_Pct":95.815,"Traff_Veh":53.9299937120101,"Asthma":98.3603111204541,"PM25":80.5607091321377}},{"type":"Feature","geometry":{"type":"Polygon","coordinates":[[[-74.0116999996,40.6793650000482],[-74.0067129996053,40.6836150000686],[-74.0058189998278,40.6836560001116],[-74.0060649998751,40.6832020002218],[-74.0006989997637,40.6755710002695],[-74.0031940003967,40.6762710003151],[-74.0035030001932,40.6756309997049],[-74.0050809996859,40.6760669997487],[-74.0047640003918,40.6767099999447],[-74.0064909998474,40.6771939997986],[-74.0062980004019,40.6776039997578],[-74.008301999867,40.6789699999735],[-74.009543999799,40.6778980002499],[-74.0116999996,40.6793650000482]]]},"properties":{"GEOID":"36047005900","County":"Kings","Pop_Cnt":1213,"Vulner_Pct":66.7085,"Traff_Veh":98.3860825822679,"Asthma":74.2905192348119,"PM25":98.8043702329417}},{"type":"Feature","geometry":{"type":"Polygon","coordinates":[[[-74.0084249998906,40.6860159999744],[-74.0070199997519,40.6865259997155],[-74.0058740000794,40.6862070003399],[-74.002992999657,40.6904269998365],[-74.0009599998796,40.6901320001943],[-74.0006989997637,40.6906119996616],[-74.0019690001831,40.6918429996926],[-74.0017440000522,40.6924069997928],[-73.9977930001252,40.6911880001799],[-74.0006419998623,40.685246999883],[-74.0045040001008,40.6863009996697],[-74.0048530000803,40.6856679998983],[-74.0084249998906,40.6860159999744]]]},"properties":{"GEOID":"36047004700","County":"Kings","Pop_Cnt":1877,"Vulner_Pct":30.4875,"Traff_Veh":99.1406413749738,"Asthma":74.2905192348119,"PM25":98.7631416202845}},{"type":"Feature","geometry":{"type":"Polygon","coordinates":[[[-74.0296330002433,40.6341529998191],[-74.0282790001582,40.6374680002118],[-74.0229099996737,40.6361080002984],[-74.0242379998195,40.6328590001929],[-74.0296330002433,40.6341529998191]]]},"properties":{"GEOID":"36047006800","County":"Kings","Pop_Cnt":4900,"Vulner_Pct":69.2195,"Traff_Veh":82.7289876336198,"Asthma":40.6348538995165,"PM25":96.0420531849103}},{"type":"Feature","geometry":{"type":"Polygon","coordinates":[[[-74.0217740000469,40.6404099996906],[-74.0202120004477,40.6419810001255],[-74.0184220003446,40.6408460002721],[-74.0210869999587,40.638262000273],[-74.0217740000469,40.6404099996906]]]},"properties":{"GEOID":"36047007200","County":"Kings","Pop_Cnt":1900,"Vulner_Pct":86.1896,"Traff_Veh":99.9580800670719,"Asthma":79.7141055286946,"PM25":96.0214388785817}},{"type":"Feature","geometry":{"type":"Polygon","coordinates":[[[-73.9904240003736,40.6826940003132],[-73.9882889995907,40.6858689997411],[-73.9839529996992,40.6841819996731],[-73.9865329998227,40.6803719998128],[-73.9876679996247,40.6808180001062],[-73.9872790003606,40.6814669997405],[-73.9904240003736,40.6826940003132]]]},"properties":{"GEOID":"36047007100","County":"Kings","Pop_Cnt":5050,"Vulner_Pct":85.4154,"Traff_Veh":36.6799413120939,"Asthma":90.6874080302712,"PM25":97.2582972582973}},{"type":"Feature","geometry":{"type":"Polygon","coordinates":[[[-74.0085450004395,40.6531999997056],[-74.0044649997428,40.6570719997768],[-74.0004130004317,40.6546290002375],[-74.0044899998571,40.6507059999757],[-74.0085450004395,40.6531999997056]]]},"properties":{"GEOID":"36047008400","County":"Kings","Pop_Cnt":3621,"Vulner_Pct":89.1818,"Traff_Veh":97.3380842590652,"Asthma":79.7141055286946,"PM25":97.0109255823542}},{"type":"Feature","geometry":{"type":"Polygon","coordinates":[[[-74.0050740000132,40.6501469999624],[-74.0021440000853,40.6529560001016],[-73.9978180002396,40.650281999819],[-74.0006619999537,40.6474869999151],[-74.0050740000132,40.6501469999624]]]},"properties":{"GEOID":"36047008800","County":"Kings","Pop_Cnt":2235,"Vulner_Pct":67.3572,"Traff_Veh":57.6818277090757,"Asthma":50.8513769182258,"PM25":96.2688105545248}},{"type":"Feature","geometry":{"type":"Polygon","coordinates":[[[-74.0114119997199,40.6763190003176],[-74.008301999867,40.6789699999735],[-74.0062980004019,40.6776039997578],[-74.0064909998474,40.6771939997986],[-74.0047640003918,40.6767099999447],[-74.0050809996859,40.6760669997487],[-74.0013540000649,40.6757909997522],[-74.0026079996925,40.6731820002545],[-74.0096109997462,40.6751209997169],[-74.0114119997199,40.6763190003176]]]},"properties":{"GEOID":"36047008500","County":"Kings","Pop_Cnt":7793,"Vulner_Pct":98.4306,"Traff_Veh":92.0980926430518,"Asthma":74.2905192348119,"PM25":98.7012987012987}},{"type":"Feature","geometry":{"type":"Polygon","coordinates":[[[-74.0114839996899,40.6439859996761],[-74.0091529999868,40.6462270003374],[-74.0047469997751,40.6435670001317],[-74.0070790002015,40.6413250001623],[-74.0114839996899,40.6439859996761]]]},"properties":{"GEOID":"36047009800","County":"Kings","Pop_Cnt":6479,"Vulner_Pct":82.1092,"Traff_Veh":32.1316285893943,"Asthma":50.8513769182258,"PM25":95.4648526077097}},{"type":"Feature","geometry":{"type":"Polygon","coordinates":[[[-74.0044649997428,40.6570719997768],[-73.999301000196,40.6621570001136],[-73.9951689996207,40.6596690001486],[-74.0004130004317,40.6546290002375],[-74.0044649997428,40.6570719997768]]]},"properties":{"GEOID":"36047010100","County":"Kings","Pop_Cnt":4001,"Vulner_Pct":77.0873,"Traff_Veh":93.7120100607839,"Asthma":79.7141055286946,"PM25":96.763553906411}},{"type":"Feature","geometry":{"type":"Polygon","coordinates":[[[-73.9991759996242,40.6420259997069],[-73.9962659997878,40.6448270001707],[-73.9919290000714,40.6422049998167],[-73.9955100001026,40.6398100002943],[-73.9991759996242,40.6420259997069]]]},"properties":{"GEOID":"36047011200","County":"Kings","Pop_Cnt":6188,"Vulner_Pct":83.3647,"Traff_Veh":49.4445608887026,"Asthma":50.8513769182258,"PM25":94.0218511647083}},{"type":"Feature","geometry":{"type":"Polygon","coordinates":[[[-73.9964259996214,40.6690059999555],[-73.9943839996232,40.671402999948],[-73.9897230000417,40.6691460003016],[-73.9927700001455,40.6655070003234],[-73.9948449997556,40.6668049997428],[-73.9964259996214,40.6690059999555]]]},"properties":{"GEOID":"36047011700","County":"Kings","Pop_Cnt":2677,"Vulner_Pct":46.3905,"Traff_Veh":99.8742402012157,"Asthma":53.9205381542989,"PM25":97.1346114203257}},{"type":"Feature","geometry":{"type":"Polygon","coordinates":[[[-73.9861040003757,40.6810089996995],[-73.9839529996992,40.6841819996731],[-73.9796050001121,40.6824890002929],[-73.9817550000654,40.6793170001951],[-73.9861040003757,40.6810089996995]]]},"properties":{"GEOID":"36047012700","County":"Kings","Pop_Cnt":4318,"Vulner_Pct":80.9165,"Traff_Veh":78.7885139383777,"Asthma":90.6874080302712,"PM25":96.9284683570398}},{"type":"Feature","geometry":{"type":"Polygon","coordinates":[[[-73.8519790003995,40.6825640001409],[-73.8421750002893,40.6853539997814],[-73.841196000123,40.6833510002505],[-73.8478679997405,40.6814870000603],[-73.8519790003995,40.6825640001409]]]},"properties":{"GEOID":"36081004001","County":"Queens","Pop_Cnt":2365,"Vulner_Pct":79.933,"Traff_Veh":74.3030811150702,"Asthma":68.5305865040992,"PM25":63.8631210059782}},{"type":"Feature","geometry":{"type":"Polygon","coordinates":[[[-73.881748000207,40.7617050002393],[-73.8789539998232,40.7619840000355],[-73.8779300003494,40.7563389997821],[-73.880718999812,40.7560490003071],[-73.881748000207,40.7617050002393]]]},"properties":{"GEOID":"36081033900","County":"Queens","Pop_Cnt":2677,"Vulner_Pct":74.5344,"Traff_Veh":59.6730245231608,"Asthma":57.326045827202,"PM25":73.1807874665018}},{"type":"Feature","geometry":{"type":"Polygon","coordinates":[[[-73.8602899996091,40.7539360003161],[-73.8557989999069,40.7544100000369],[-73.85455600015,40.7519620000502],[-73.8558349998919,40.7515769998819],[-73.8544210004307,40.7488050001008],[-73.8573229998712,40.747922000085],[-73.8602899996091,40.7539360003161]]]},"properties":{"GEOID":"36081040100","County":"Queens","Pop_Cnt":7686,"Vulner_Pct":80.8747,"Traff_Veh":83.986585621463,"Asthma":59.281059491276,"PM25":66.6666666666667}},{"type":"Feature","geometry":{"type":"Polygon","coordinates":[[[-73.8654010003507,40.7530100001968],[-73.8635819999353,40.753490999982],[-73.8603199997463,40.7471960000545],[-73.8625309997989,40.7465340001993],[-73.8641850003579,40.7497200000886],[-73.8627259997926,40.7498679999688],[-73.8630970004117,40.7506719999077],[-73.8639860001663,40.750407999791],[-73.8654010003507,40.7530100001968]]]},"properties":{"GEOID":"36081040500","County":"Queens","Pop_Cnt":3377,"Vulner_Pct":81.3769,"Traff_Veh":46.4053657514148,"Asthma":59.281059491276,"PM25":68.4394970109256}},{"type":"Feature","geometry":{"type":"Polygon","coordinates":[[[-73.8689060002139,40.7539420002131],[-73.8669040003986,40.7543630001394],[-73.8662669996408,40.7527790001935],[-73.8654010003507,40.7530100001968],[-73.8639860001663,40.750407999791],[-73.8630970004117,40.7506719999077],[-73.8627259997926,40.7498679999688],[-73.8641850003579,40.7497200000886],[-73.8625309997989,40.7465340001993],[-73.86407200038,40.7460740001945],[-73.8637030003091,40.7469060001724],[-73.8649030004083,40.7465499996629],[-73.8689060002139,40.7539420002131]]]},"properties":{"GEOID":"36081040700","County":"Queens","Pop_Cnt":9109,"Vulner_Pct":77.4221,"Traff_Veh":50.9327185076504,"Asthma":59.281059491276,"PM25":68.8311688311688}},{"type":"Feature","geometry":{"type":"Polygon","coordinates":[[[-73.8679100003291,40.7449339996962],[-73.86407200038,40.7460740001945],[-73.8643710001308,40.7450820000193],[-73.863415000429,40.7447810001426],[-73.8624100003234,40.7428900001598],[-73.8675570001517,40.741677999784],[-73.8679100003291,40.7449339996962]]]},"properties":{"GEOID":"36081041100","County":"Queens","Pop_Cnt":3775,"Vulner_Pct":79.0542,"Traff_Veh":43.9949696080486,"Asthma":62.9598486441034,"PM25":68.975468975469}},{"type":"Feature","geometry":{"type":"Polygon","coordinates":[[[-73.7883870000269,40.6997199999681],[-73.7827570003248,40.7007449997913],[-73.7816559999598,40.7025980002236],[-73.7804500000128,40.7022799998921],[-73.7778420003001,40.7032169996672],[-73.773956999597,40.6998059997435],[-73.7827709996702,40.695994999714],[-73.7883870000269,40.6997199999681]]]},"properties":{"GEOID":"36081041400","County":"Queens","Pop_Cnt":4551,"Vulner_Pct":90.8558,"Traff_Veh":38.0842590651855,"Asthma":89.3210006306496,"PM25":53.6178107606679}},{"type":"Feature","geometry":{"type":"Polygon","coordinates":[[[-73.86026200002,40.747068999783],[-73.8544210004307,40.7488050001008],[-73.8529180003828,40.7461710000638],[-73.8588739995998,40.7443950001272],[-73.86026200002,40.747068999783]]]},"properties":{"GEOID":"36081041500","County":"Queens","Pop_Cnt":4358,"Vulner_Pct":81.5443,"Traff_Veh":54.2234332425068,"Asthma":62.9598486441034,"PM25":66.5635951350237}},{"type":"Feature","geometry":{"type":"Polygon","coordinates":[[[-73.8588739995998,40.7443950001272],[-73.8529180003828,40.7461710000638],[-73.8501159996031,40.7407240001651],[-73.8532330000271,40.741748999708],[-73.8549500003353,40.7433340001747],[-73.8588739995998,40.7443950001272]]]},"properties":{"GEOID":"36081042700","County":"Queens","Pop_Cnt":4955,"Vulner_Pct":74.8901,"Traff_Veh":71.494445608887,"Asthma":62.9598486441034,"PM25":65.8833230261802}},{"type":"Feature","geometry":{"type":"Polygon","coordinates":[[[-73.8658299997978,40.7366430001103],[-73.8600720000492,40.7383729996888],[-73.8588660001022,40.7359390002964],[-73.864618000003,40.7342710003291],[-73.8658299997978,40.7366430001103]]]},"properties":{"GEOID":"36081045500","County":"Queens","Pop_Cnt":14284,"Vulner_Pct":78.5938,"Traff_Veh":99.0777614755816,"Asthma":62.9598486441034,"PM25":67.965367965368}},{"type":"Feature","geometry":{"type":"Polygon","coordinates":[[[-73.803024000146,40.7081399998415],[-73.8014139999679,40.7096870000382],[-73.798700999775,40.7106630003316],[-73.7963170003683,40.7077230001583],[-73.8016569996422,40.7057610002903],[-73.803024000146,40.7081399998415]]]},"properties":{"GEOID":"36081044602","County":"Queens","Pop_Cnt":4961,"Vulner_Pct":93.2203,"Traff_Veh":73.7581219870048,"Asthma":80.2396468362413,"PM25":55.9059987631416}},{"type":"Feature","geometry":{"type":"Polygon","coordinates":[[[-73.8662950001282,40.6831889999063],[-73.8505709998877,40.6876609997036],[-73.849947000447,40.6864000001104],[-73.8660270003396,40.681917999737],[-73.8662950001282,40.6831889999063]]]},"properties":{"GEOID":"36081003400","County":"Queens","Pop_Cnt":2612,"Vulner_Pct":81.607,"Traff_Veh":68.6438901697757,"Asthma":68.5305865040992,"PM25":67.8210678210678}},{"type":"Feature","geometry":{"type":"Polygon","coordinates":[[[-73.9441670002445,40.7593080002273],[-73.9396999999334,40.766410999872],[-73.937635000369,40.7664749996623],[-73.9424559997841,40.7586830003152],[-73.9441670002445,40.7593080002273]]]},"properties":{"GEOID":"36081003900","County":"Queens","Pop_Cnt":1439,"Vulner_Pct":90.1653,"Traff_Veh":30.6644309369105,"Asthma":91.4021442085348,"PM25":85.6936714079571}},{"type":"Feature","geometry":{"type":"Polygon","coordinates":[[[-73.8528010002069,40.6842530003074],[-73.8430029999445,40.6870380002555],[-73.8421750002893,40.6853539997814],[-73.8519790003995,40.6825640001409],[-73.8528010002069,40.6842530003074]]]},"properties":{"GEOID":"36081003800","County":"Queens","Pop_Cnt":2757,"Vulner_Pct":77.3174,"Traff_Veh":72.9616432613708,"Asthma":68.5305865040992,"PM25":64.4609358895073}},{"type":"Feature","geometry":{"type":"Polygon","coordinates":[[[-73.8637869999747,40.6811140001595],[-73.8528010002069,40.6842530003074],[-73.8519790003995,40.6825640001409],[-73.8633490003068,40.6793519996656],[-73.8637869999747,40.6811140001595]]]},"properties":{"GEOID":"36081004200","County":"Queens","Pop_Cnt":4016,"Vulner_Pct":79.5773,"Traff_Veh":52.6095158247747,"Asthma":68.5305865040992,"PM25":67.0171098742527}},{"type":"Feature","geometry":{"type":"Polygon","coordinates":[[[-73.9408620003978,40.7581110001786],[-73.9370050001822,40.7642399997456],[-73.9339809996446,40.7628260001485],[-73.9390999998838,40.7574940000152],[-73.9408620003978,40.7581110001786]]]},"properties":{"GEOID":"36081004300","County":"Queens","Pop_Cnt":2283,"Vulner_Pct":97.6983,"Traff_Veh":38.0213791657933,"Asthma":91.4021442085348,"PM25":85.446299732014}},{"type":"Feature","geometry":{"type":"Polygon","coordinates":[[[-73.9202569995696,40.7353210000336],[-73.9187300001305,40.7429909998182],[-73.9138279996262,40.7424139996786],[-73.9144379997216,40.7405600001337],[-73.9156749996308,40.7407849999823],[-73.9165120004052,40.7389450001497],[-73.9171769998538,40.7368979999676],[-73.9165149998799,40.7367569997989],[-73.9168970003697,40.735444999833],[-73.9202569995696,40.7353210000336]]]},"properties":{"GEOID":"36081023500","County":"Queens","Pop_Cnt":7766,"Vulner_Pct":64.1138,"Traff_Veh":91.0500943198491,"Asthma":60.584401933992,"PM25":81.6532673675531}},{"type":"Feature","geometry":{"type":"Polygon","coordinates":[[[-73.8116320003548,40.7030520000875],[-73.8016569996422,40.7057610002903],[-73.7999200001408,40.7024739998338],[-73.8041289998107,40.7014600000334],[-73.8044419998051,40.7021319997041],[-73.8079269995768,40.7017659998425],[-73.8115290004227,40.7022729996836],[-73.8116320003548,40.7030520000875]]]},"properties":{"GEOID":"36081024000","County":"Queens","Pop_Cnt":6826,"Vulner_Pct":90.6675,"Traff_Veh":73.7371620205408,"Asthma":80.2396468362413,"PM25":56.4625850340136}},{"type":"Feature","geometry":{"type":"Polygon","coordinates":[[[-73.7891329996664,40.5940440002875],[-73.7870439998125,40.5949109997334],[-73.7738699995584,40.5957719997097],[-73.7736749995647,40.5938929999779],[-73.7728079995514,40.5940740001728],[-73.7727130000151,40.593320999661],[-73.7850620000888,40.5921999999099],[-73.7889960002973,40.5924109998621],[-73.7891329996664,40.5940440002875]]]},"properties":{"GEOID":"36081097204","County":"Queens","Pop_Cnt":3884,"Vulner_Pct":85.248,"Traff_Veh":30.6225110039824,"Asthma":91.0868194240067,"PM25":48.7940630797774}},{"type":"Feature","geometry":{"type":"Polygon","coordinates":[[[-73.9805440000955,40.6982460001161],[-73.9697280002071,40.6978039998912],[-73.9693990003191,40.696093000225],[-73.9803879995616,40.6965069996945],[-73.9805440000955,40.6982460001161]]]},"properties":{"GEOID":"36047021100","County":"Kings","Pop_Cnt":2206,"Vulner_Pct":81.9,"Traff_Veh":95.1792077132677,"Asthma":87.9756148833298,"PM25":96.310039167182}},{"type":"Feature","geometry":{"type":"Polygon","coordinates":[[[-73.7978050003477,40.6917150001308],[-73.7910049997853,40.69459499993],[-73.7921630000517,40.6961799997446],[-73.7912469996346,40.6965649997075],[-73.788931,40.6933980000553],[-73.7966470000812,40.6898500003082],[-73.7978050003477,40.6917150001308]]]},"properties":{"GEOID":"36081026000","County":"Queens","Pop_Cnt":2757,"Vulner_Pct":88.3867,"Traff_Veh":45.9652064556697,"Asthma":89.3210006306496,"PM25":54.978354978355}},{"type":"Feature","geometry":{"type":"Polygon","coordinates":[[[-73.9000290001064,40.7437619998175],[-73.8975770000294,40.7492999997385],[-73.8963590003868,40.7487699996913],[-73.8947369996149,40.7458160001485],[-73.8951209997544,40.744073999965],[-73.8964530000982,40.7428610002566],[-73.9000290001064,40.7437619998175]]]},"properties":{"GEOID":"36081026300","County":"Queens","Pop_Cnt":5857,"Vulner_Pct":64.1348,"Traff_Veh":98.9520016767973,"Asthma":52.0916544040362,"PM25":76.9325912183055}},{"type":"Feature","geometry":{"type":"Polygon","coordinates":[[[-73.7852989999152,40.6928570001224],[-73.7814640003392,40.6944699997714],[-73.7778930003537,40.689917999902],[-73.7797729999702,40.6892810000159],[-73.7807820002738,40.6910300001218],[-73.7832660001378,40.6899940001673],[-73.7852989999152,40.6928570001224]]]},"properties":{"GEOID":"36081026600","County":"Queens","Pop_Cnt":1745,"Vulner_Pct":94.5805,"Traff_Veh":62.9427792915531,"Asthma":89.3210006306496,"PM25":53.5971964543393}},{"type":"Feature","geometry":{"type":"Polygon","coordinates":[[[-73.9406880003206,40.7119619998483],[-73.9348019996272,40.7133730003282],[-73.9322969998467,40.7077490000662],[-73.9339189997203,40.7074869998484],[-73.9326979997047,40.7031710000979],[-73.9369819997176,40.7019099998271],[-73.9376310001711,40.7033739997052],[-73.9393130003191,40.7048150001903],[-73.9395979998262,40.7062099999481],[-73.9390370001346,40.7062649999695],[-73.9385280003216,40.7077820002753],[-73.9388639998823,40.7084949999113],[-73.9399579996763,40.7083899996945],[-73.9406880003206,40.7119619998483]]]},"properties":{"GEOID":"36047048500","County":"Kings","Pop_Cnt":2289,"Vulner_Pct":74.0113,"Traff_Veh":62.6912596939845,"Asthma":96.1109943241539,"PM25":87.3428159142445}},{"type":"Feature","geometry":{"type":"Polygon","coordinates":[[[-73.7609530001205,40.6064519998761],[-73.7589100002974,40.6112060000395],[-73.7547319996913,40.61040499985],[-73.7479930001266,40.6123100001772],[-73.7469419999903,40.6117750002072],[-73.7510610001468,40.6094199998777],[-73.7544189996969,40.6049779999258],[-73.7609530001205,40.6064519998761]]]},"properties":{"GEOID":"36081103201","County":"Queens","Pop_Cnt":6509,"Vulner_Pct":92.9692,"Traff_Veh":32.1735485223224,"Asthma":81.8583140634854,"PM25":47.2686044114616}},{"type":"Feature","geometry":{"type":"Polygon","coordinates":[[[-73.7544189996969,40.6049779999258],[-73.7510610001468,40.6094199998777],[-73.7484929997188,40.6111439997836],[-73.7457610001576,40.6119920001659],[-73.743069999706,40.6078860003073],[-73.7433550001114,40.6074990002333],[-73.7405709997733,40.6048799998658],[-73.7423180002187,40.6029359997259],[-73.7431380003764,40.6038500002587],[-73.7497050004119,40.6025899997149],[-73.7544189996969,40.6049779999258]]]},"properties":{"GEOID":"36081103202","County":"Queens","Pop_Cnt":8121,"Vulner_Pct":80.6236,"Traff_Veh":50.7231188430098,"Asthma":81.8583140634854,"PM25":46.6089466089466}},{"type":"Feature","geometry":{"type":"Polygon","coordinates":[[[-73.7865290001517,40.6851109999489],[-73.7844849996053,40.6867600001018],[-73.7849390000651,40.6875320003233],[-73.7814869999054,40.6886969998277],[-73.7796680003882,40.6853770002718],[-73.7846760002994,40.6837199998294],[-73.7865290001517,40.6851109999489]]]},"properties":{"GEOID":"36081027800","County":"Queens","Pop_Cnt":2339,"Vulner_Pct":90.3327,"Traff_Veh":46.3634458184867,"Asthma":85.4109733025016,"PM25":53.5147392290249}},{"type":"Feature","geometry":{"type":"Polygon","coordinates":[[[-73.8751390003386,40.7566340000855],[-73.8736570002071,40.7568040002655],[-73.8694250000727,40.749156999889],[-73.8737009996897,40.7487170002029],[-73.8751390003386,40.7566340000855]]]},"properties":{"GEOID":"36081027300","County":"Queens","Pop_Cnt":7116,"Vulner_Pct":76.8989,"Traff_Veh":59.1490253615594,"Asthma":57.326045827202,"PM25":71.0368996083282}}]}
